platform,title,clean_item_label,clip_id,sales_count,gross_amount,net_amount,avg_gross_per_sale,avg_net_per_sale,filename,format,clip_length,size,resolution,date_added,source_file,imported_at,row_hash
Clips4Sale,Best Friend's Step-Mommy Shows You How to Please SSBBW,Best Friend's Step-Mommy Shows You How to Please SSBBW,33788719,155,4337.42,2602.45,27.98,16.79,lady_sublime_ssbbw_friends_mom_teases_rides_on_top_fat_chat_watermark_4k_clips4sale_260522002409.mov,mov,00:22:44,5667,3840x2160,2026-05-22 19:16:23,2026-07-03_19-17-59_title_summary_2026-01-01_to_2026-07-03_Sales_Summary_by_Title_1-01-2026_to_1-01-2026.csv,2026-07-03T19:18:10,5d06a0df5fa5a30b71c38522e3324ea4da9c45e5f27a7eb4a541c45d8ec2e69f
Clips4Sale,Gassy SSBBW Giantess Vores You,Gassy SSBBW Giantess Vores You,32818231,77,1923.72,1154.23,24.98,14.99,lady_sublime_ssbbw_giantess_vore_burping_farting_fat_POV_watermark_4k_clips4sale_260129180050.mov,mov,00:12:00,5652,3840x2160,2026-01-30 00:26:07,2026-07-03_19-17-59_title_summary_2026-01-01_to_2026-07-03_Sales_Summary_by_Title_1-01-2026_to_1-01-2026.csv,2026-07-03T19:18:10,4e48d6484f30e56466bcbc1bc9ec6110b746f1fd542a7d5a467d4765257751a1
Clips4Sale,Your Gluttonous Girlfriend Can't Hold Back Farts,Your Gluttonous Girlfriend Can't Hold Back Farts,33118559,94,1878.43,1127.06,19.98,11.99,lady_sublime_ssbbw_burps_and_farts_food_stuffing_overeating_gassy_watermark_4k_clips4sale_2603082150,mov,00:12:46,5743,3840x2160,2026-03-11 10:00:07,2026-07-03_19-17-59_title_summary_2026-01-01_to_2026-07-03_Sales_Summary_by_Title_1-01-2026_to_1-01-2026.csv,2026-07-03T19:18:10,1abe0ffea417a9a46536453dd7843ec99ee3a5b7a36676d2a1af255d35634077
Clips4Sale,Gaining SSBBW Gets Horny While Stuffing Pizza,Gaining SSBBW Gets Horny While Stuffing Pizza,33543205,47,1738.22,1042.93,36.98,22.19,lady_sublime_ssbbw_pizza_food_stuffing_overeating_horny_fat_girl_masturbation_vibrator_orgasm_cu_260,mov,00:32:30,5768,3840x2160,2026-04-21 10:00:06,2026-07-03_19-17-59_title_summary_2026-01-01_to_2026-07-03_Sales_Summary_by_Title_1-01-2026_to_1-01-2026.csv,2026-07-03T19:18:10,53b57626bf9725afcc79de46d9a43c029540c4408382caee0789f0a4f79ac316
Clips4Sale,Growing SSBBW Ex Rides You POV,Growing SSBBW Ex Rides You POV,32593851,72,1582.8,949.68,21.98,13.19,lady_sublime_christmas_fat_chat_pov_fucking_riding_fat_belly_watermark_4k_clips4sale_251227175807.mo,mov,00:23:36,5712,3840x2160,2025-12-27 23:08:20,2026-07-03_19-17-59_title_summary_2026-01-01_to_2026-07-03_Sales_Summary_by_Title_1-01-2026_to_1-01-2026.csv,2026-07-03T19:18:10,de5482735b6180560c22f152fa3f5f9fd9328038e20e4ec2e5bf5231e73ead69
Clips4Sale,Greedy SSBBW Rapid Growth Until Pop,Greedy SSBBW Rapid Growth Until Pop,33004811,105,1573.25,943.95,14.98,8.99,lady_sublime_ssbbw_diet_pill_rapid_growth_stuck_car_weight_gain_watermark_4k_clips4sale_260221153704,mov,00:12:00,5661,3840x2160,2026-02-22 22:50:15,2026-07-03_19-17-59_title_summary_2026-01-01_to_2026-07-03_Sales_Summary_by_Title_1-01-2026_to_1-01-2026.csv,2026-07-03T19:18:10,b71efb828065422a03aa2e11b5a7ed02fca344586e4dffcade0b33578f2c0680
Clips4Sale,Greedy SSBBW Devours Roommates Leftovers,Greedy SSBBW Devours Roommates Leftovers,34040665,40,1479.33,887.6,36.98,22.19,lady_sublime_ssbbw_fridge_raid_food_facestuffing_overeating_feeder_feedee_fat_chat_watermark-4k__260,mov,00:33:59,5788,3840x2160,2026-06-27 21:05:01,2026-07-03_19-17-59_title_summary_2026-01-01_to_2026-07-03_Sales_Summary_by_Title_1-01-2026_to_1-01-2026.csv,2026-07-03T19:18:10,dd04e8a57bc5559fa022027f6f8adeb5f9d8775b88b7769d2b0aa5fe520a4187
Clips4Sale,Fucking Your Stuffed SSBBW Girlfriend POV,Fucking Your Stuffed SSBBW Girlfriend POV,33923475,63,1328.95,797.37,21.09,12.66,lady_sublime_stuffing_milkshake_overeating_fuck_machine_POV_watermark-4k_clips4sale_260610151122.mov,mov,00:17:11,5755,3840x2160,2026-06-11 10:00:05,2026-07-03_19-17-59_title_summary_2026-01-01_to_2026-07-03_Sales_Summary_by_Title_1-01-2026_to_1-01-2026.csv,2026-07-03T19:18:10,737cc60b3a5103b90fd2065f05137766f0d5b79479bfecf9c4018a69ab94aad0
Clips4Sale,Your Job Depends on How Well You Feed Me,Your Job Depends on How Well You Feed Me,33083747,57,1139.05,683.43,19.98,11.99,lady_sublime_ssbbw_fat_worship_pov_fucking_roleplay_weight_gain_watermark_4k_clips4sale_260303195723,mov,00:21:37,5697,3840x2160,2026-03-04 23:30:52,2026-07-03_19-17-59_title_summary_2026-01-01_to_2026-07-03_Sales_Summary_by_Title_1-01-2026_to_1-01-2026.csv,2026-07-03T19:18:10,9206a13b2542836960ab957a50eb9073db67cd941eff368304bed53115314835
Clips4Sale,Cursed Cake Makes Greedy SSBBW Explode,Cursed Cake Makes Greedy SSBBW Explode,31534051,37,1035.38,621.23,27.98,16.79,lady sublime cake stuffing overeating rapid growth weight gain button popping clips4sale.mov,mov,00:22:10,5746,3840x2160,2025-07-21 10:00:07,2026-07-03_19-17-59_title_summary_2026-01-01_to_2026-07-03_Sales_Summary_by_Title_1-01-2026_to_1-01-2026.csv,2026-07-03T19:18:10,757eada5d8a68228f0bcbeb8b65b51b102fe1fa8969e260ea3bde25c25434c89
Clips4Sale,Gaining SSBBW Smoking and Kitchen Tour,Gaining SSBBW Smoking and Kitchen Tour,33595021,34,951.43,570.86,27.98,16.79,lady_sublime_ssbbw_kitchen_tour_smoking_fat_chat_weight_gain_chat_watermark_4k_clips4sale_2604251717,mov,00:22:16,5712,3840x2160,2026-04-27 18:20:29,2026-07-03_19-17-59_title_summary_2026-01-01_to_2026-07-03_Sales_Summary_by_Title_1-01-2026_to_1-01-2026.csv,2026-07-03T19:18:10,fa8864a2ef7da0ab3e651b96f22db9766bb3cd05e978fdfa82c557614bcaedf2
Clips4Sale,Greedy SSBBW Stuffs Whole Thanksgiving Dinner,Greedy SSBBW Stuffs Whole Thanksgiving Dinner,32430185,27,863.55,518.13,31.98,19.19,lady_sublime_ssbbw_bitchy_thanksgiving_stuffing_burping_obese_fat_belly_rubbing_watermark_4k_cli_251,mov,00:27:11,5795,3840x2160,2025-12-01 22:30:21,2026-07-03_19-17-59_title_summary_2026-01-01_to_2026-07-03_Sales_Summary_by_Title_1-01-2026_to_1-01-2026.csv,2026-07-03T19:18:10,d886876fa3aa83031511d4ef59bb4f8e8a2d5d32460f319f401213717f2cd9dc
Clips4Sale,Gaining SSBBW Wants to Reach 600lbs,Gaining SSBBW Wants to Reach 600lbs,33664361,43,859.28,515.57,19.98,11.99,lady_sublime_weight_gain_chat_eating_belly_play_bikini_tease_watermark_4k_clips4sale_260504185433.mo,mov,00:11:53,5768,3840x2160,2026-05-04 18:54:33,2026-07-03_19-17-59_title_summary_2026-01-01_to_2026-07-03_Sales_Summary_by_Title_1-01-2026_to_1-01-2026.csv,2026-07-03T19:18:10,8392084e46e698ced59ec3d56e8f88473bf4ec53fc0243c62f86ffa9206e7b0f
Clips4Sale,Gaining SSBBW Smokes and Shares Workout Routine,Gaining SSBBW Smokes and Shares Workout Routine,33428121,26,727.57,436.54,27.98,16.79,lady_sublime_ssbbw_workout_weight_gain_chat_smoking_stretching_watermark_4k_clips4sale_260404175023.,mov,00:22:03,5729,3840x2160,2026-04-06 10:00:09,2026-07-03_19-17-59_title_summary_2026-01-01_to_2026-07-03_Sales_Summary_by_Title_1-01-2026_to_1-01-2026.csv,2026-07-03T19:18:10,1940ea8786503aa0a42bb0d84b5c98fe40ac7b7564832d0cf3ffd49059b40088
Clips4Sale,SSBBW Burps and Farts While Stuffing,SSBBW Burps and Farts While Stuffing,30943493,19,664.68,398.81,34.98,20.99,lady sublime ssbbw eating facestuffing taco overeating farts burps bloating gas -4k clips4sale.mov,mov,00:29:26,5727,3840x2160,2025-04-17 10:00:09,2026-07-03_19-17-59_title_summary_2026-01-01_to_2026-07-03_Sales_Summary_by_Title_1-01-2026_to_1-01-2026.csv,2026-07-03T19:18:10,a7f614041a287de59f1064e7020ed62924d2bb3c64841440f7688a8c0ae7885e
Clips4Sale,SSBBW Psychologist III: Making You My Feeder POV,SSBBW Psychologist III: Making You My Feeder POV,32335365,17,509.72,305.83,29.98,17.99,lady_sublime_ssbbw_stuffing_feeder_feedee_overeating_roleplay_watermark_4k_clips4sale_251118184607.m,mov,00:36:26,5428,4224x3024,2025-11-20 10:00:09,2026-07-03_19-17-59_title_summary_2026-01-01_to_2026-07-03_Sales_Summary_by_Title_1-01-2026_to_1-01-2026.csv,2026-07-03T19:18:10,27f4164c87f279ea3f9b7b67b316214a5510994626506f85c4986c32783ec0ac
Clips4Sale,Horny SSBBW Neighbor Wants Your Baby POV,Horny SSBBW Neighbor Wants Your Baby POV,31325075,21,440.65,264.39,20.98,12.59,lady sublime ssbbw impregnation fantasy breeding lingerie neighbor roleplay  clips4sale.mov,mov,00:11:14,5694,3840x2160,2025-06-16 22:04:16,2026-07-03_19-17-59_title_summary_2026-01-01_to_2026-07-03_Sales_Summary_by_Title_1-01-2026_to_1-01-2026.csv,2026-07-03T19:18:10,8b7d6fe926233f906e7ce0dc44d35ad0f350acff0aa9ff8c7dc219f5b14b079b
Clips4Sale,Gaining SSBBW Dorothy Fucks Wizard POV,Gaining SSBBW Dorothy Fucks Wizard POV,32299209,16,383.73,230.24,23.98,14.39,lady_sublime_ssbbw_cosplay_dorothy_gaining_weight_fat_pov_fuck_machine_costume_high_heels_waterm_251,mov,00:20:34,5676,4224x3024,2025-11-14 00:48:25,2026-07-03_19-17-59_title_summary_2026-01-01_to_2026-07-03_Sales_Summary_by_Title_1-01-2026_to_1-01-2026.csv,2026-07-03T19:18:10,405afc3db8077e91a58708bb41717fc7e49557e405045e46a468145511714afe
Clips4Sale,Gaining SSBBW Wife Fucks You POV,Gaining SSBBW Wife Fucks You POV,30632943,17,373.72,224.23,21.98,13.19,lady sublime ssbbw weight gain too fat pov fucking masturbation cum watermark-4k clips4sale.mov,mov,00:13:41,5760,3840x2160,2025-02-24 02:00:04,2026-07-03_19-17-59_title_summary_2026-01-01_to_2026-07-03_Sales_Summary_by_Title_1-01-2026_to_1-01-2026.csv,2026-07-03T19:18:10,5bdd8ca5467b4011b7b44b09c568f13f64b9bed1b09bf3b01fa258c73f69a8c6
Clips4Sale,SSBBW Squashes You Under Ass and Feet,SSBBW Squashes You Under Ass and Feet,31663021,20,359.67,215.8,17.98,10.79,lady sublime ssbbw ass smothering crushing object popping watermark-4k clips4sale.mov,mov,00:10:03,5743,3840x2160,2025-08-10 16:34:39,2026-07-03_19-17-59_title_summary_2026-01-01_to_2026-07-03_Sales_Summary_by_Title_1-01-2026_to_1-01-2026.csv,2026-07-03T19:18:10,814eaf0a4e85ecd321c5e3a0640e4f69f2b8187f382f1ab45548911d4fc89739
Clips4Sale,SSBBW Stuffs in the Car Until Stuck,SSBBW Stuffs in the Car Until Stuck,30931393,12,347.8,208.68,28.98,17.39,lady sublime ssbbw eating in car food stuffing too big oversized -4k clips4sale.mov,mov,00:36:09,5771,3840x2160,2025-04-14 23:54:32,2026-07-03_19-17-59_title_summary_2026-01-01_to_2026-07-03_Sales_Summary_by_Title_1-01-2026_to_1-01-2026.csv,2026-07-03T19:18:10,d2e5a2c156de21d84b7704b1c98b042c13c19c3c63c0d9cd4ee7afa1492a546a
Clips4Sale,Horny SSBBW Secretly Cums During Meeting,Horny SSBBW Secretly Cums During Meeting,30985471,13,285.78,171.47,21.98,13.19,lady sublime ssbbw masturbation vibrator fat pussy cum moaning watermark 4K C4S.mov,mov,00:13:48,5709,3840x2160,2025-04-23 20:38:19,2026-07-03_19-17-59_title_summary_2026-01-01_to_2026-07-03_Sales_Summary_by_Title_1-01-2026_to_1-01-2026.csv,2026-07-03T19:18:10,83d627a2042f1ed78c4b1d374eae8f04ad356dca9016272cecd4e1a077d28390
Clips4Sale,Gaining SSBBW Smoking and Clothes Try On,Gaining SSBBW Smoking and Clothes Try On,31897715,10,279.83,167.9,27.98,16.79,lady sublime ssbbw clothes try on outfit weight gain fat chat -4k clips4sale.mov,mov,00:35:37,5813,3840x2160,2025-09-15 18:20:29,2026-07-03_19-17-59_title_summary_2026-01-01_to_2026-07-03_Sales_Summary_by_Title_1-01-2026_to_1-01-2026.csv,2026-07-03T19:18:10,b2c89c36bf0e6a99357d707bef6d53b39cdda2ab40109e734bcd223542b15300
Clips4Sale,Gassy SSBBW Ignores You and Stuffs,Gassy SSBBW Ignores You and Stuffs,32167641,16,255.73,153.44,15.98,9.59,lady sublime ssbbw messy eating burps and farts food stuffing weight gain feedee -clips4sale.mov,mov,00:16:08,5800,4224x3024,2025-10-24 23:03:51,2026-07-03_19-17-59_title_summary_2026-01-01_to_2026-07-03_Sales_Summary_by_Title_1-01-2026_to_1-01-2026.csv,2026-07-03T19:18:10,331ec85de3d47066883ddb4fa75ed5d6fa748b8c4a5ebd89aef3e121bea6eb99
Clips4Sale,SSBBW Ex Wants to Get Pregnant,SSBBW Ex Wants to Get Pregnant,29971791,18,251.7,151.02,13.98,8.39,lady sublime ssbbw no strings impregnation breeding fat pussy cum begging fertilization .mov,mov,00:09:47,5575,3840x2160,2024-10-27 23:12:04,2026-07-03_19-17-59_title_summary_2026-01-01_to_2026-07-03_Sales_Summary_by_Title_1-01-2026_to_1-01-2026.csv,2026-07-03T19:18:10,6166f659270e8d160639518e0add2dbc9f0c61ae9cccc289fa125d00f84716af
Clips4Sale,SSBBW Feedee Stuffing and Makeout POV,SSBBW Feedee Stuffing and Makeout POV,29360577,10,249.83,149.9,24.98,14.99,lady sublime ssbbw food eating face stuffing close up pov watermark-4k clips4sale.mov,mov,00:19:10,5261,3840x2160,2024-07-03 10:00:07,2026-07-03_19-17-59_title_summary_2026-01-01_to_2026-07-03_Sales_Summary_by_Title_1-01-2026_to_1-01-2026.csv,2026-07-03T19:18:10,65f8a83dadb8177d5351d57351147849d6f12a9ce96aa83be50014d6def913c4
Clips4Sale,Smelly SSBBW Makes You Worship Ass,Smelly SSBBW Makes You Worship Ass,28962713,11,230.82,138.49,20.98,12.59,lady sublime ssbbw fat ass armpit worship smelly stinky cum countdown watermark-4k clips4sale.mov,mov,00:19:22,5563,3840x2160,2024-04-24 21:00:07,2026-07-03_19-17-59_title_summary_2026-01-01_to_2026-07-03_Sales_Summary_by_Title_1-01-2026_to_1-01-2026.csv,2026-07-03T19:18:10,6974df022c48d66f017c27ef72df11122be218c0cd9f8c03282593eb4e3fd5f7
Clips4Sale,Growing SSBBW Belly and Ass Worship,Growing SSBBW Belly and Ass Worship,30176343,9,224.85,134.91,24.98,14.99,lady sublime ssbbw fat stinky ass worship sweaty asshole licking cum countdown -4k clips4sale.mov,mov,00:23:12,5778,3840x2160,2024-12-05 10:00:06,2026-07-03_19-17-59_title_summary_2026-01-01_to_2026-07-03_Sales_Summary_by_Title_1-01-2026_to_1-01-2026.csv,2026-07-03T19:18:10,2997b0cc6c4a4932ae13338fda22eab282ee2ba589d7a8e30377b740df7ed692
Clips4Sale,SSBBW Girlfriend Grows into 14-foot Giantess,SSBBW Girlfriend Grows into 14-foot Giantess,29961257,10,219.83,131.9,21.98,13.19,lady sublime ssbbw giantess fetish growing taller bikini weight gain watermark-4k clips4sale.mov,mov,00:16:52,5620,3840x2160,2024-10-25 20:15:34,2026-07-03_19-17-59_title_summary_2026-01-01_to_2026-07-03_Sales_Summary_by_Title_1-01-2026_to_1-01-2026.csv,2026-07-03T19:18:10,b229bda1156b502ded3b17fe7e5c4e8d142d34856a9738ae51a0e3a9017a6c5f
Clips4Sale,SSBBW Rapid Growth Riding You POV,SSBBW Rapid Growth Riding You POV,28864735,9,206.85,124.11,22.98,13.79,lady sublime ssbbw growth fetish gaining weight tease  riding pov watermark-4k clips4sale.mov,mov,00:21:40,5495,3840x2160,2024-03-31 10:00:08,2026-07-03_19-17-59_title_summary_2026-01-01_to_2026-07-03_Sales_Summary_by_Title_1-01-2026_to_1-01-2026.csv,2026-07-03T19:18:10,4660968918cadcea6465fc38c9a3d5227355c61ea9917e367ee7d4bf2a54d0e6
Clips4Sale,SSBBW Girlfriend Encourages Mutual Gain POV,SSBBW Girlfriend Encourages Mutual Gain POV,30186929,8,199.87,119.92,24.98,14.99,lady sublime ssbbw mutual gain encouragement smoking gaining weight feederism 4k clips4sale.mov,mov,00:20:13,5740,3840x2160,2024-12-09 10:00:07,2026-07-03_19-17-59_title_summary_2026-01-01_to_2026-07-03_Sales_Summary_by_Title_1-01-2026_to_1-01-2026.csv,2026-07-03T19:18:10,e3aba51ed10759aecbc335f6df9b708354561905d32f5db088cf63d0546589d7
Clips4Sale,Chair Breaking Under Huge SSBBW,Chair Breaking Under Huge SSBBW,27682807,8,199.87,119.92,24.98,14.99,lady sublime bbw furniture crush plastic chair breaking obese fat heavy watermark-4k HDR.mov,mov,00:24:05,4615,1920x1080,2023-09-01 22:07:03,2026-07-03_19-17-59_title_summary_2026-01-01_to_2026-07-03_Sales_Summary_by_Title_1-01-2026_to_1-01-2026.csv,2026-07-03T19:18:10,5572472eed3796999445035209cdc961447bd64093084cd41f7dfe8f2118aa4a
Clips4Sale,Shy SSBBW Concierge Fucks You POV,Shy SSBBW Concierge Fucks You POV,29411945,11,197.82,118.69,17.98,10.79,lady sublime ssbbw pov fucking roleplay fat pussy big ass watermark-4k clips4sale.mov,mov,00:17:14,5560,3840x2160,2024-07-10 10:10:03,2026-07-03_19-17-59_title_summary_2026-01-01_to_2026-07-03_Sales_Summary_by_Title_1-01-2026_to_1-01-2026.csv,2026-07-03T19:18:10,35bbbd637a91b282c65eed7a72c2d296abbabd4460a9364084d4a6c9e52d789f
Clips4Sale,Fat Friend Wants to be Friends with Benefits,Fat Friend Wants to be Friends with Benefits,28285473,11,186.82,112.09,16.98,10.19,lady sublime pov solos friends with benefits tease seduction fat watermark-4k clips4sale.mov,mov,00:15:20,5461,3840x2160,2023-11-21 10:00:06,2026-07-03_19-17-59_title_summary_2026-01-01_to_2026-07-03_Sales_Summary_by_Title_1-01-2026_to_1-01-2026.csv,2026-07-03T19:18:10,44302f9765c10347f63beb0eba4c07c1b197113a700dca5b20deeb565f9860df
Clips4Sale,SSBBW Rips Leggings and Fucks Pussy,SSBBW Rips Leggings and Fucks Pussy,30670805,9,179.85,107.91,19.98,11.99,lady sublime ssbbw  twek ass butthole fat pussy masturbation dildo fuck clips4sale.mov,mov,00:11:11,5672,3840x2160,2025-03-06 10:00:09,2026-07-03_19-17-59_title_summary_2026-01-01_to_2026-07-03_Sales_Summary_by_Title_1-01-2026_to_1-01-2026.csv,2026-07-03T19:18:10,406562644bb12a0d3ea69ae82a6131c46ca1af2a8a10b514c0086046ad3bbef4
Clips4Sale,Gaining SSBBW Stuffs Face Post-Workout,Gaining SSBBW Stuffs Face Post-Workout,30722815,9,179.85,107.91,19.98,11.99,lady sublime ssbbw leggings tight too fat weight gain food stuffing overeating -4k clips4sale.mov,mov,00:11:51,5672,3840x2160,2025-03-11 01:41:50,2026-07-03_19-17-59_title_summary_2026-01-01_to_2026-07-03_Sales_Summary_by_Title_1-01-2026_to_1-01-2026.csv,2026-07-03T19:18:10,5a9eddbe9fd34672fb99ea248cc780b772bba2197836fbbea5f2c9ed39622dae
Clips4Sale,SSBBW Pussy Licking and Toe Sucking,SSBBW Pussy Licking and Toe Sucking,31696939,8,175.87,105.52,21.98,13.19,lady sublime ssbbw pantyhose toe sucking pov hairy pussy fat watermark-4k clips4sale.mov,mov,00:16:16,5664,3840x2160,2025-08-16 10:00:09,2026-07-03_19-17-59_title_summary_2026-01-01_to_2026-07-03_Sales_Summary_by_Title_1-01-2026_to_1-01-2026.csv,2026-07-03T19:18:10,522903acc73ac7055f364ae6906c009502936fd3553a105646f642589f477a35
Clips4Sale,SSBBW Does Steamy Striptease for You,SSBBW Does Steamy Striptease for You,30746667,8,175.87,105.52,21.98,13.19,lady sublime ssbbw white bikini shower strip tease twerk jiggle watermark-4k clips4sale.mov,mov,00:15:49,5752,3840x2160,2025-03-17 10:48:30,2026-07-03_19-17-59_title_summary_2026-01-01_to_2026-07-03_Sales_Summary_by_Title_1-01-2026_to_1-01-2026.csv,2026-07-03T19:18:10,bea70778b130855dfc28be7a6060b5f00d2b6f17b300f0a28a35d3955e245161
Clips4Sale,Your SSBBW Wife Denies Getting Fatter,Your SSBBW Wife Denies Getting Fatter,29059243,7,174.88,104.93,24.98,14.99,lady sublime ssbbw weight gain denial tight dress POV watermark-4k clips4sale.mov,mov,00:24:09,5604,3840x2160,2024-05-08 08:00:05,2026-07-03_19-17-59_title_summary_2026-01-01_to_2026-07-03_Sales_Summary_by_Title_1-01-2026_to_1-01-2026.csv,2026-07-03T19:18:10,c896c9b2ba3c2dc4eaae1c951b017e3aceff4eddf48149b5433926f546586691
Clips4Sale,SSBBW Psychologist Makes You Worship Belly,SSBBW Psychologist Makes You Worship Belly,29128127,7,174.88,104.93,24.98,14.99,lady sublime ssbbw fat therapy belly rubbing eating fat worship c4s.mov,mov,00:28:36,5546,3840x2160,2024-05-19 08:00:06,2026-07-03_19-17-59_title_summary_2026-01-01_to_2026-07-03_Sales_Summary_by_Title_1-01-2026_to_1-01-2026.csv,2026-07-03T19:18:10,ac9e482bfc030cfcb2b5ea70165b25ba62531e9f14ae81437197a678e72999a6
Clips4Sale,Growing SSBBW Smokes Cigarette in Tight Shirt,Growing SSBBW Smokes Cigarette in Tight Shirt,31572629,9,170.85,102.51,18.98,11.39,lady sublime ssbbw smoking tight clothes try on stretching watermark-4k clips4sale.mov,mov,00:16:24,5690,3840x2160,2025-07-28 10:00:06,2026-07-03_19-17-59_title_summary_2026-01-01_to_2026-07-03_Sales_Summary_by_Title_1-01-2026_to_1-01-2026.csv,2026-07-03T19:18:10,dccf4e1fe170f7a9b964510a5c681d59066de1f4975829d85973115445a6e6f5
Clips4Sale,Horny SSBBW Squirts on First Date,Horny SSBBW Squirts on First Date,28923215,6,161.9,97.14,26.98,16.19,lady sublime ssbbw seduction blow job tit fuck squirting orgasm fat pussy final clips4sale.mov,mov,00:26:01,5717,3840x2160,2024-04-11 22:13:29,2026-07-03_19-17-59_title_summary_2026-01-01_to_2026-07-03_Sales_Summary_by_Title_1-01-2026_to_1-01-2026.csv,2026-07-03T19:18:10,6cddf9cef58c4d5423cd6595ef8d8e4e35d0ac7bd0aa505bd29b9cbc0f387b36
Clips4Sale,SSBBW Jiggles Fat for Your Cum Part 2,SSBBW Jiggles Fat for Your Cum Part 2,30215799,9,161.85,97.11,17.98,10.79,lady sublime ssbbw jiggle tease catwalk heels fat worship big belly watermark-4k clips4sale.mov,mov,00:18:01,5849,3840x2160,2024-12-17 05:17:48,2026-07-03_19-17-59_title_summary_2026-01-01_to_2026-07-03_Sales_Summary_by_Title_1-01-2026_to_1-01-2026.csv,2026-07-03T19:18:10,eb776aa80af53793f47499c00f4c0708ad86c22f7572e14578d384742d34b996
Clips4Sale,Fat Dom GF Makes you Clean Sweaty Ass and Pussy,Fat Dom GF Makes you Clean Sweaty Ass and Pussy,27485631,10,159.83,95.9,15.98,9.59,lady sublime bbw sweaty dom girlfriend ass eating squirt pov wm.mp4,mp4,00:11:45,638,1920x1080,2023-05-03 20:00:11,2026-07-03_19-17-59_title_summary_2026-01-01_to_2026-07-03_Sales_Summary_by_Title_1-01-2026_to_1-01-2026.csv,2026-07-03T19:18:10,3a27f73ce56bd0ffac30ed701feda19c2c2bdd86eba8e5ca0c966d4a1b36ea75
Clips4Sale,SSBBW Smokes After Thanksgiving Stuffing,SSBBW Smokes After Thanksgiving Stuffing,30154579,5,149.92,89.95,29.98,17.99,Lady sublime ssbbw thanksgiving food stuffing feederism smoking weight gain -4k clips4sale.mov,mov,00:30:28,5735,3840x2160,2024-11-29 22:40:06,2026-07-03_19-17-59_title_summary_2026-01-01_to_2026-07-03_Sales_Summary_by_Title_1-01-2026_to_1-01-2026.csv,2026-07-03T19:18:10,82e07f9307ba6a0675dea84e6c678a9bcedf13b89746cb3ddffdbbbe8d5e48d5
Clips4Sale,SSBBW Car Struggles and Topless Driving,SSBBW Car Struggles and Topless Driving,27990241,7,146.88,88.13,20.98,12.59,car driving.mov,mov,00:24:36,4513,3840x2160,2023-09-07 23:05:08,2026-07-03_19-17-59_title_summary_2026-01-01_to_2026-07-03_Sales_Summary_by_Title_1-01-2026_to_1-01-2026.csv,2026-07-03T19:18:10,b5e83c04df9c2ca441b7d90b89211cb639fd3f1fac7d502fe8e9fe45658c7128
Clips4Sale,SSBBW Fruit Crush with 72-Inch Ass,SSBBW Fruit Crush with 72-Inch Ass,30088371,6,131.9,79.14,21.98,13.19,Lady Sublime Ssbbw Fruit Crush Big Ass Heavy Flatten watermark-4k clips4sale.mov,mov,00:11:59,5730,3840x2160,2024-11-24 10:00:08,2026-07-03_19-17-59_title_summary_2026-01-01_to_2026-07-03_Sales_Summary_by_Title_1-01-2026_to_1-01-2026.csv,2026-07-03T19:18:10,76f6ccb727739b79702d4931b534ae5570127e30dac84b2ac4c68259a56d37d3
Clips4Sale,Greedy SSBBW Girlfriend Vores You POV,Greedy SSBBW Girlfriend Vores You POV,30382621,6,131.9,79.14,21.98,13.19,lady sublime ssbbw food stuffing overeating vore boyfriend weight gain -4k clips4sale.mov,mov,00:10:13,5693,3840x2160,2025-01-12 21:39:25,2026-07-03_19-17-59_title_summary_2026-01-01_to_2026-07-03_Sales_Summary_by_Title_1-01-2026_to_1-01-2026.csv,2026-07-03T19:18:10,3e77b1c49225e254f08459bd7d82058fe0edf27093d8fcfafacbe326cd220f0f
Clips4Sale,Smoking SSBBW Gets Ready Voyeur Cam,Smoking SSBBW Gets Ready Voyeur Cam,30664187,6,125.9,75.54,20.98,12.59,lady sublime ssbbw smoking voyeurism makeup fat_ big belly watermark-4k clips4sale.mov,mov,00:18:46,5751,3840x2160,2025-03-03 10:05:03,2026-07-03_19-17-59_title_summary_2026-01-01_to_2026-07-03_Sales_Summary_by_Title_1-01-2026_to_1-01-2026.csv,2026-07-03T19:18:10,ea24e96b4bd886eafffeb348f3845e48f420632e4547b02e218c0a3f396387f0
Clips4Sale,"SSBBW Giantess Teasing, Shrinking, and Vore","SSBBW Giantess Teasing, Shrinking, and Vore",30065969,5,124.92,74.95,24.98,14.99,lady sublime ssbbw shrinking fat giantess vore swallow pov watermark-4k clips4sale.mov,mov,00:16:21,5682,3840x2160,2024-11-19 10:00:07,2026-07-03_19-17-59_title_summary_2026-01-01_to_2026-07-03_Sales_Summary_by_Title_1-01-2026_to_1-01-2026.csv,2026-07-03T19:18:10,eea3c7a8bc15762f2f66a16682c113c8150269458d9b539443853bda52e75dd6
Clips4Sale,Submissive SSBBW Gaining and Titty Fucking,Submissive SSBBW Gaining and Titty Fucking,30601241,5,119.92,71.95,23.98,14.39,lady sublime ssbbw weight gain food stuffing over eating big tits titty fucking -4k clips4sale.mov,mov,00:15:51,5896,3840x2160,2025-02-19 10:00:06,2026-07-03_19-17-59_title_summary_2026-01-01_to_2026-07-03_Sales_Summary_by_Title_1-01-2026_to_1-01-2026.csv,2026-07-03T19:18:10,ecab75b897ec1f2d30401445022b94f0bc9508ce54abdda2ad296c369187d274
Clips4Sale,Stuffed SSBBW Wife Wants to Fuck,Stuffed SSBBW Wife Wants to Fuck,29475599,6,119.9,71.94,19.98,11.99,lady sublime ssbbw lingerie pov fucking sex tight dress hotwife watermark-4k clips4sale.mov,mov,00:14:56,5689,3840x2160,2024-07-28 10:00:09,2026-07-03_19-17-59_title_summary_2026-01-01_to_2026-07-03_Sales_Summary_by_Title_1-01-2026_to_1-01-2026.csv,2026-07-03T19:18:10,17d0a13b390ce0c659a86c28dff481bac3f4a87c515fa8bc1a3ff4af0401bac3
Clips4Sale,SSBBW Jiggles Fat for Your Cum,SSBBW Jiggles Fat for Your Cum,30060709,7,118.88,71.33,16.98,10.19,lady sublime ssbbw catwalk fat jiggle tight clothes lingerie walk heels watermark-4k clips4sale.mov,mov,00:15:47,5575,3840x2160,2024-11-14 10:00:06,2026-07-03_19-17-59_title_summary_2026-01-01_to_2026-07-03_Sales_Summary_by_Title_1-01-2026_to_1-01-2026.csv,2026-07-03T19:18:10,f8628b36705c7ddd31a4f69f95c064836d3efd9175489c0d2209b1cf0193fceb
Clips4Sale,Horny SSBBW Jiggles for Your Cum,Horny SSBBW Jiggles for Your Cum,29284585,6,107.9,64.74,17.98,10.79,lady sublime ssbbw leather pants catwalk heels fat jiggle bouncing tease watermark-4k clips4sale.mov,mov,00:17:18,5501,3840x2160,2024-06-14 17:58:07,2026-07-03_19-17-59_title_summary_2026-01-01_to_2026-07-03_Sales_Summary_by_Title_1-01-2026_to_1-01-2026.csv,2026-07-03T19:18:10,7cadcf6cd3ec0c05da1c01ca2dee9b7ae67fa61f7cffe73278b853299538dd09
Clips4Sale,Growing SSBBW Begs to be Impregnated,Growing SSBBW Begs to be Impregnated,29434323,7,104.88,62.93,14.98,8.99,lady sublime ssbbw breeding fantasy weight gain fat chat watermark-4k clips4sale.mov,mov,00:11:12,5061,3840x2160,2024-07-14 10:00:09,2026-07-03_19-17-59_title_summary_2026-01-01_to_2026-07-03_Sales_Summary_by_Title_1-01-2026_to_1-01-2026.csv,2026-07-03T19:18:10,2d569f749f7bf70a96f1cbe491ff7105aa01f1e509352d5788188f7a0dd032b4
Clips4Sale,SSBBW Slut Seduces You Into Impregnation POV,SSBBW Slut Seduces You Into Impregnation POV,28798697,6,101.9,61.14,16.98,10.19,lady sublime ssbbw workout bodystocking creampie begging impregnation masturbation  clips4sale.mov,mov,00:15:02,5493,3840x2160,2024-03-17 10:00:11,2026-07-03_19-17-59_title_summary_2026-01-01_to_2026-07-03_Sales_Summary_by_Title_1-01-2026_to_1-01-2026.csv,2026-07-03T19:18:10,fe79d802979196157cf7b7d1464e90c47bb9aedf8a8358a6815953e2eb092cb8
Clips4Sale,Horny SSBBW Jiggles and Bounces POV Solo,Horny SSBBW Jiggles and Bounces POV Solo,28454685,6,101.9,61.14,16.98,10.19,lady sublime ssbbw blue lingerie morning sex pov fucking jiggle fat ass watermark-4k clips4sale.mov,mov,00:15:05,5278,3840x2160,2024-01-12 07:15:05,2026-07-03_19-17-59_title_summary_2026-01-01_to_2026-07-03_Sales_Summary_by_Title_1-01-2026_to_1-01-2026.csv,2026-07-03T19:18:10,baf57aad1f3ef00d6d4186d8976b64049cf3362813538e7e30caf48675437dba
Clips4Sale,SSBBW Psychologist II: Facestuffing and Gaining,SSBBW Psychologist II: Facestuffing and Gaining,31019213,4,99.93,59.96,24.98,14.99,lady sublime ssbbw psychologist food eating facestuffing pizza  belly worship clips4sale.mov,mov,00:24:31,5761,3840x2160,2025-04-29 01:08:57,2026-07-03_19-17-59_title_summary_2026-01-01_to_2026-07-03_Sales_Summary_by_Title_1-01-2026_to_1-01-2026.csv,2026-07-03T19:18:10,448e3609ac6a90e3ed4ba1479914fa52f558043d9e7c9c5fcad18490153cbbab
Clips4Sale,SSBBW Giantess Rubs Pussy on You,SSBBW Giantess Rubs Pussy on You,29317905,6,89.9,53.94,14.98,8.99,lady sublime ssbbw giantess masturbation growth fat pussy close up watermark-4k clips4sale.mov,mov,00:11:37,5472,3840x2160,2024-06-21 21:30:29,2026-07-03_19-17-59_title_summary_2026-01-01_to_2026-07-03_Sales_Summary_by_Title_1-01-2026_to_1-01-2026.csv,2026-07-03T19:18:10,d52c488606a5ad814e063d7fa6c67a8a2e5a16b22f3cc7c92f51420dfdf44cd7
Clips4Sale,Old Fling Grows Into Massive SSBBW,Old Fling Grows Into Massive SSBBW,29100737,4,83.93,50.36,20.98,12.59,lady sublime ssbbw weight gain embarrassment video call fat tease watermark-4k clips4sale.mov,mov,00:19:02,5640,3840x2160,2024-05-12 08:00:06,2026-07-03_19-17-59_title_summary_2026-01-01_to_2026-07-03_Sales_Summary_by_Title_1-01-2026_to_1-01-2026.csv,2026-07-03T19:18:10,2352a0d376449eae0bc037ed14b5287715432f4a7e278558b499dd4f41575de0
Clips4Sale,Dominant Boss Makes You Worship Belly,Dominant Boss Makes You Worship Belly,29465941,5,79.92,47.95,15.98,9.59,lady sublime ssbbw boss domination fat worship belly plopping pov watermark-4k clips4sale.mov,mov,00:11:17,5535,3840x2160,2024-07-21 11:25:04,2026-07-03_19-17-59_title_summary_2026-01-01_to_2026-07-03_Sales_Summary_by_Title_1-01-2026_to_1-01-2026.csv,2026-07-03T19:18:10,d340bfe5a29d310ea928c31c39d5fe3cc42bd13b9e383f4519c9de51a41ac1cb
Clips4Sale,Horny SSBBW Succubus Grows for Your Cum POV,Horny SSBBW Succubus Grows for Your Cum POV,28771123,4,75.93,45.56,18.98,11.39,lady sublime ssbbw succubus rapid growth weight gain joi obese watermark-4k clips4sale.mov,mov,00:18:18,5594,3840x2160,2024-03-10 10:15:03,2026-07-03_19-17-59_title_summary_2026-01-01_to_2026-07-03_Sales_Summary_by_Title_1-01-2026_to_1-01-2026.csv,2026-07-03T19:18:10,928c232753c1f494d5884d3464e2469d9165db0641e5e15671f4d02354a6367d
Clips4Sale,Fat Girl Walks in Sexy Black Bodystocking,Fat Girl Walks in Sexy Black Bodystocking,27963883,4,75.93,45.56,18.98,11.39,lady subime bbw catwalk walking bodystocking black lingerie heels jiggle fat watermark-4k HDR.mov,mov,00:17:45,4570,3840x2160,2023-09-01 22:13:33,2026-07-03_19-17-59_title_summary_2026-01-01_to_2026-07-03_Sales_Summary_by_Title_1-01-2026_to_1-01-2026.csv,2026-07-03T19:18:10,89777d4ce11d3d04442f3ab24f728db9b779110010dd6d0fad6ab4f7a70d8341
Clips4Sale,SSBBW Stuffing & Crushing You POV,SSBBW Stuffing & Crushing You POV,28871581,3,74.95,44.97,24.98,14.99,lady sublime ssbbw fat chat food stuffing over eating weight gain taco milkshake-4k clips4sale.mov,mov,00:47:45,5522,3840x2160,2024-04-08 22:49:44,2026-07-03_19-17-59_title_summary_2026-01-01_to_2026-07-03_Sales_Summary_by_Title_1-01-2026_to_1-01-2026.csv,2026-07-03T19:18:10,034f9c8d38d408add08f3b340b3c55bee5491468c4c2259fb3ea89fd5497d2f6
Clips4Sale,Growing SSBBW Cums While Stuffing Pizza,Growing SSBBW Cums While Stuffing Pizza,29037291,3,74.95,44.97,24.98,14.99,lady sublime ssbbw food eating face stuffing pizza masturbation burping vibrator-4k clips4sale.mov,mov,00:29:37,5630,3840x2160,2024-05-05 10:00:08,2026-07-03_19-17-59_title_summary_2026-01-01_to_2026-07-03_Sales_Summary_by_Title_1-01-2026_to_1-01-2026.csv,2026-07-03T19:18:10,d0c623e14aa5293494c9a2cf2357dc56f062238be2ce656289b77f4205318009
Clips4Sale,SSBBW Loves Being Bigger Than You,SSBBW Loves Being Bigger Than You,27949821,4,71.93,43.16,17.98,10.79,lady sublime bbw bigger than you size compare tease obese goddess fat ssbbw watermark-4k HDR.mov,mov,00:16:53,4785,3840x2160,2023-09-03 12:05:04,2026-07-03_19-17-59_title_summary_2026-01-01_to_2026-07-03_Sales_Summary_by_Title_1-01-2026_to_1-01-2026.csv,2026-07-03T19:18:10,3e12d47cf3eeb9a3585466cc789957bd79ba33109801bc31a5aba2937b49e3f5
Clips4Sale,Fat Party Girl Gets the Wrong Room POV Solo,Fat Party Girl Gets the Wrong Room POV Solo,25867347,11,71.5,42.9,6.5,3.9,lady sublime bbw fat party girl hotel hookup pov solo WM.mp4,mp4,00:11:45,637,1920x1080,2022-01-27 22:45:44,2026-07-03_19-17-59_title_summary_2026-01-01_to_2026-07-03_Sales_Summary_by_Title_1-01-2026_to_1-01-2026.csv,2026-07-03T19:18:10,0c30df7141eb661da456fd0b5455c5637ea83cb75857f1a3c40b5e7ae29819c1
Clips4Sale,Chargeback Forgiveness 106266925,Chargeback Forgiveness 106266925,32593851,3,69.95,41.97,23.32,13.99,lady_sublime_christmas_fat_chat_pov_fucking_riding_fat_belly_watermark_4k_clips4sale_251227175807.mo,mov,00:23:36,5712,3840x2160,2025-12-27 23:08:20,2026-07-03_19-17-59_title_summary_2026-01-01_to_2026-07-03_Sales_Summary_by_Title_1-01-2026_to_1-01-2026.csv,2026-07-03T19:18:10,0b6f17e53eeedc7c028c1be0cd8fe1a9cfb3966eda92103e1a04cc095c17d819
Clips4Sale,SSBBW Hottie Makes Her Fat Pussy Cum,SSBBW Hottie Makes Her Fat Pussy Cum,28102771,5,69.92,41.95,13.98,8.39,bbw cum.mov,mov,00:12:18,4472,3840x2160,2023-10-07 10:30:03,2026-07-03_19-17-59_title_summary_2026-01-01_to_2026-07-03_Sales_Summary_by_Title_1-01-2026_to_1-01-2026.csv,2026-07-03T19:18:10,31b75e49716bf1e7c5bef7ef50cf6d7860613e284fc8158300cf8abbd4657b20
Clips4Sale,SSBBW Gets Stuck in the Doorway,SSBBW Gets Stuck in the Doorway,28407177,4,67.93,40.76,16.98,10.19,lady sublime bbw obese gaining stuck too big growing big belly fat ass wide -4k clips4sale.mov,mov,00:14:38,5675,3840x2160,2023-12-18 01:10:03,2026-07-03_19-17-59_title_summary_2026-01-01_to_2026-07-03_Sales_Summary_by_Title_1-01-2026_to_1-01-2026.csv,2026-07-03T19:18:10,b86f6cdc40d4177cf4ef57eb6728133fd1d010a01e41f4915962ca64ff7c6d88
Clips4Sale,SSBBW Turns Feeder Boyfriend Into Cuckold,SSBBW Turns Feeder Boyfriend Into Cuckold,28959823,4,63.93,38.36,15.98,9.59,lady sublime ssbbw cuckold feeder feedee weight gain gfe watermark-4k clips4sale.mov,mov,00:12:14,5528,3840x2160,2024-04-21 19:08:44,2026-07-03_19-17-59_title_summary_2026-01-01_to_2026-07-03_Sales_Summary_by_Title_1-01-2026_to_1-01-2026.csv,2026-07-03T19:18:10,71e4e751637816e64a78b6ed36d60d7dede53caff712e1ebf44696855c983d2c
Clips4Sale,Unaware Horny SSBBW Plays With Herself,Unaware Horny SSBBW Plays With Herself,29475607,4,59.93,35.96,14.98,8.99,lady sublime ssbbw voyeur watching masturbation cum fat pussy watermark-4k clips4sale.mov,mov,00:11:26,5599,3840x2160,2024-07-24 10:00:08,2026-07-03_19-17-59_title_summary_2026-01-01_to_2026-07-03_Sales_Summary_by_Title_1-01-2026_to_1-01-2026.csv,2026-07-03T19:18:10,e6c1df8398be4017fd6220d0e9b9a075a149ca14654a8e5abf7523cb021fe7ca
Clips4Sale,Gaining SSBBW Mistress Teases You POV,Gaining SSBBW Mistress Teases You POV,29395095,4,51.93,31.16,12.98,7.79,lady sublime ssbbw fat tease jiggle seduction mistress watermark-4k clips4sale.mov,mov,00:09:40,5742,3840x2160,2024-07-07 10:00:09,2026-07-03_19-17-59_title_summary_2026-01-01_to_2026-07-03_Sales_Summary_by_Title_1-01-2026_to_1-01-2026.csv,2026-07-03T19:18:10,18233d1a2c27c2f96c3a93b41e2a8b1ce08a70fd57b155babf42449506ab6033
Clips4Sale,SSBBW Loves Being Bigger Than You Part 2,SSBBW Loves Being Bigger Than You Part 2,28378185,3,50.95,30.57,16.98,10.19,lady sublime ssbbw bigger than you bounce jiggle tease fat watermark-4k clips4sale.mov,mov,00:13:47,5485,3840x2160,2023-12-14 10:15:04,2026-07-03_19-17-59_title_summary_2026-01-01_to_2026-07-03_Sales_Summary_by_Title_1-01-2026_to_1-01-2026.csv,2026-07-03T19:18:10,beef8770e8da72b9a3c8503e3a9252e24a4b2684732f358c8bddf6ebba93bde0
Clips4Sale,Gaining Horny SSBBW Date Wants You POV,Gaining Horny SSBBW Date Wants You POV,28864821,3,50.95,30.57,16.98,10.19,lady sublime ssbbw weight gain masturbation fat pussy play -4k clips4sale.mov,mov,00:15:54,5664,3840x2160,2024-04-03 10:00:07,2026-07-03_19-17-59_title_summary_2026-01-01_to_2026-07-03_Sales_Summary_by_Title_1-01-2026_to_1-01-2026.csv,2026-07-03T19:18:10,589d4f31736ae1d684bfb9652685230b8f6d305a012e9e69145788f11b5b539e
Clips4Sale,Cover You In Squirt POV,Cover You In Squirt POV,24023235,5,49.92,29.95,9.98,5.99,lady sublime bbw squirting masturbation pov WM.mp4,mp4,00:08:51,480,1920x1080,2020-11-11 15:15:02,2026-07-03_19-17-59_title_summary_2026-01-01_to_2026-07-03_Sales_Summary_by_Title_1-01-2026_to_1-01-2026.csv,2026-07-03T19:18:10,cb7fc869bbe3047507d3bf726ab9f36cebd7f23b72d9400d1726b3e2f366ad31
Clips4Sale,SSBBW Stuffs Burgers POV (VISION PRO),SSBBW Stuffs Burgers POV (VISION PRO),28927213,2,47.97,28.78,23.98,14.39,lady sublime ssbbw burger stuffing spatial video.MOV,MOV,00:23:29,2619,1920x1080,2024-04-12 19:34:21,2026-07-03_19-17-59_title_summary_2026-01-01_to_2026-07-03_Sales_Summary_by_Title_1-01-2026_to_1-01-2026.csv,2026-07-03T19:18:10,1b796f73b684d8719a192cee8f474465b1a4d4858dd462747bf7f8844dc1086a
Clips4Sale,Tight Clothes Make Growing SSBBW Horny,Tight Clothes Make Growing SSBBW Horny,27818857,3,47.95,28.77,15.98,9.59,tight clothes.mov,mov,00:12:55,4556,3840x2160,2023-09-07 23:54:45,2026-07-03_19-17-59_title_summary_2026-01-01_to_2026-07-03_Sales_Summary_by_Title_1-01-2026_to_1-01-2026.csv,2026-07-03T19:18:10,2a771068945464a96edf1da6324d315edcbf8a4dd96a55549540717932cdc3cb
Clips4Sale,SSBBW Jiggles Thighs and Asss,SSBBW Jiggles Thighs and Asss,28692105,3,47.95,28.77,15.98,9.59,lady sublime  thigh jiggling bouncing fat jumping obese big ass spreading ssbbw watermark-4k.mov,mov,00:12:55,5640,3840x2160,2024-02-25 10:30:02,2026-07-03_19-17-59_title_summary_2026-01-01_to_2026-07-03_Sales_Summary_by_Title_1-01-2026_to_1-01-2026.csv,2026-07-03T19:18:10,96980b4e19bb4679c1af00cfc1c25b12b4c0bd32a48b15aa108dbf88da353d82
Clips4Sale,Your Cum Makes Me Gain,Your Cum Makes Me Gain,24564879,4,47.93,28.76,11.98,7.19,lady sublime bbw fat fetish cum makes me gain cum begging belly play WM.mp4,mp4,00:11:00,598,1920x1080,2021-02-19 00:21:41,2026-07-03_19-17-59_title_summary_2026-01-01_to_2026-07-03_Sales_Summary_by_Title_1-01-2026_to_1-01-2026.csv,2026-07-03T19:18:10,e8ee9cff6fd7684885c04de58dbcf9e8b56cda492ea934622b0545ab492a50b0
Clips4Sale,Gaining SSBBW Makes Her Buttons Pop,Gaining SSBBW Makes Her Buttons Pop,29332669,3,44.95,26.97,14.98,8.99,lady sublime ssbbw button popping weight gain fat belly jiggle watermark-4k clips4sale.mov,mov,00:10:38,5570,3840x2160,2024-06-25 10:00:08,2026-07-03_19-17-59_title_summary_2026-01-01_to_2026-07-03_Sales_Summary_by_Title_1-01-2026_to_1-01-2026.csv,2026-07-03T19:18:10,ea20c775f2435eda24bfdfa7f8ff364296d9fd766b3db61ca415a239268fac12
Clips4Sale,SSBBW Giantess GFE,SSBBW Giantess GFE,27012947,5,42.5,25.5,8.5,5.1,lady sublime bbw giantess girlfriend ken doll ssbbw makeout wm.mp4,mp4,00:15:39,850,1920x1080,2022-12-29 22:24:42,2026-07-03_19-17-59_title_summary_2026-01-01_to_2026-07-03_Sales_Summary_by_Title_1-01-2026_to_1-01-2026.csv,2026-07-03T19:18:10,f388b78bda09e3662fcf70fd86789d59dcac92501364962a1eeec9836d862a59
Clips4Sale,SSBBW Mrs Claus Lets You Eat Ass and Pussy,SSBBW Mrs Claus Lets You Eat Ass and Pussy,28442905,3,41.95,25.17,13.98,8.39,lady sublime ssbbw christmas ass shaking licking fat hairy pussy eating domme-4k clips4sale.mov,mov,00:10:42,5457,3840x2160,2023-12-27 21:46:24,2026-07-03_19-17-59_title_summary_2026-01-01_to_2026-07-03_Sales_Summary_by_Title_1-01-2026_to_1-01-2026.csv,2026-07-03T19:18:10,f15668cf228aa80e951cad654a4eb5c8746479fc63518a8d9f9da27ae14655fb
Clips4Sale,SSBBW Hanging Belly and Fat Clapping,SSBBW Hanging Belly and Fat Clapping,28766245,3,41.95,25.17,13.98,8.39,lady sublime ssbbw drooping sagging belly jiggle fat clapping obese belly hang fat 4k clips4sale.mov,mov,00:10:59,5495,3840x2160,2024-03-12 10:10:03,2026-07-03_19-17-59_title_summary_2026-01-01_to_2026-07-03_Sales_Summary_by_Title_1-01-2026_to_1-01-2026.csv,2026-07-03T19:18:10,8f36b469683c9951897c90bf619404344ae51032b3c037b3cd92b49f07d08f16
Clips4Sale,Smoking and Sensual Belly Rubbing,Smoking and Sensual Belly Rubbing,24023281,4,39.93,23.96,9.98,5.99,lady sublime bbw smoking sensual body rubbing moaning WM.mp4,mp4,00:09:17,505,1920x1080,2020-11-14 15:25:01,2026-07-03_19-17-59_title_summary_2026-01-01_to_2026-07-03_Sales_Summary_by_Title_1-01-2026_to_1-01-2026.csv,2026-07-03T19:18:10,0fd6f3464e56d6af5590fb9ef898b1643545737442276a089edb8cfcc40c4460
Clips4Sale,Fat Girl Pillow Grinding and Moaning,Fat Girl Pillow Grinding and Moaning,24019637,4,39.93,23.96,9.98,5.99,lady sublime bbw crop top pillow grinding and moaning WM.mp4,mp4,00:09:01,489,1920x1080,2020-11-06 20:25:02,2026-07-03_19-17-59_title_summary_2026-01-01_to_2026-07-03_Sales_Summary_by_Title_1-01-2026_to_1-01-2026.csv,2026-07-03T19:18:10,66f63fc90449f30d01f207655e73a641d1326849cd71d26b2bd7f581acdd0909
Clips4Sale,Fatty Jumping on the Squeaky Bed,Fatty Jumping on the Squeaky Bed,26184677,6,39.0,23.4,6.5,3.9,lady sublime bbw jumping on squeaky bed fat bouncing twerking big ass pussy wm.mp4,mp4,00:09:45,530,1920x1080,2022-05-06 20:11:07,2026-07-03_19-17-59_title_summary_2026-01-01_to_2026-07-03_Sales_Summary_by_Title_1-01-2026_to_1-01-2026.csv,2026-07-03T19:18:10,a92ac5a0fa61774fcd1ddcffc2e5564c102b71fecc3cb27cb9bd26505803f70a
Clips4Sale,BBW Morning Sex POV Solo,BBW Morning Sex POV Solo,26444891,6,39.0,23.4,6.5,3.9,lady sublime bbw morning sex pov black lace wm.mp4,mp4,00:10:44,584,1920x1080,2022-08-11 23:35:01,2026-07-03_19-17-59_title_summary_2026-01-01_to_2026-07-03_Sales_Summary_by_Title_1-01-2026_to_1-01-2026.csv,2026-07-03T19:18:10,77a22ff06a13cfe1652db9db6507afc95ee2a7f46a561336a0f5c8556853012f
Clips4Sale,400lb SSBBW Sits On Your Chest,400lb SSBBW Sits On Your Chest,24019181,3,35.95,21.57,11.98,7.19,bbw lady sublime chest sitting heavy cum big belly WM2.mp4,mp4,00:10:51,583,1920x1080,2020-10-25 00:00:03,2026-07-03_19-17-59_title_summary_2026-01-01_to_2026-07-03_Sales_Summary_by_Title_1-01-2026_to_1-01-2026.csv,2026-07-03T19:18:10,b698fd56c29b06a4262594c194088f8f0ae2dee0aa63a53294e64ba2763e04b0
Clips4Sale,SSBBW Plays with Fat Pussy and Bounces on Your Cock,SSBBW Plays with Fat Pussy and Bounces on Your Cock,27386809,5,35.0,21.0,7.0,4.2,lady sublime bbw hairy pussy play riding bouncing POV wm.mp4,mp4,00:10:41,581,1920x1080,2023-04-05 21:24:38,2026-07-03_19-17-59_title_summary_2026-01-01_to_2026-07-03_Sales_Summary_by_Title_1-01-2026_to_1-01-2026.csv,2026-07-03T19:18:10,188a11308a242966dd34cf8612498e991e98943cf382cf01f4a95df016a58a06
Clips4Sale,SSBBW No Hands Cake Stuffing,SSBBW No Hands Cake Stuffing,27040951,5,35.0,21.0,7.0,4.2,lady sublime bbw face stuffing overeating no hands cake wm.mp4,mp4,00:12:29,678,1920x1080,2023-01-06 20:18:34,2026-07-03_19-17-59_title_summary_2026-01-01_to_2026-07-03_Sales_Summary_by_Title_1-01-2026_to_1-01-2026.csv,2026-07-03T19:18:10,1405d3ec9e6a292dd81d368fa7a91365e778b25328010e17006754e63d037b14
Clips4Sale,Gaining SSBBW Measurements and Weigh-In,Gaining SSBBW Measurements and Weigh-In,30335991,1,34.98,20.99,34.98,20.99,lady sublime ssbbw full body measurements weigh in gaining weight fat chat obese-4k clips4sale.mov,mov,00:14:37,5860,3840x2160,2025-01-06 16:08:26,2026-07-03_19-17-59_title_summary_2026-01-01_to_2026-07-03_Sales_Summary_by_Title_1-01-2026_to_1-01-2026.csv,2026-07-03T19:18:10,2a418d4f6098ad8cc4592ed0609b5de9f62f32a5d18a3db6ae773decbc247815
Clips4Sale,Red Satin Shorts Fat Booty Worship,Red Satin Shorts Fat Booty Worship,24415359,5,34.92,20.95,6.98,4.19,lady sublime bbw satin panty fat ass worship twerk butthole flexing hairy pussy trailer WM.mp4,mp4,00:06:25,348,1920x1080,2021-01-18 21:23:44,2026-07-03_19-17-59_title_summary_2026-01-01_to_2026-07-03_Sales_Summary_by_Title_1-01-2026_to_1-01-2026.csv,2026-07-03T19:18:10,ff05b9b5dfb6a8055dd44186baabf87001fa978ad29d91461b242ee6605fbe31
Clips4Sale,Unaware SSBBW Smokes and Outgrows Clothes,Unaware SSBBW Smokes and Outgrows Clothes,29016135,2,33.97,20.38,16.98,10.19,lady sublime ssbbw tight clothes try on cigarette smoking voyeur watermark-4k clips4sale.mov,mov,00:15:02,5601,3840x2160,2024-05-01 10:00:06,2026-07-03_19-17-59_title_summary_2026-01-01_to_2026-07-03_Sales_Summary_by_Title_1-01-2026_to_1-01-2026.csv,2026-07-03T19:18:10,392ce85186e536427d46f6d96e587a45508050888bbdd84673b6d7cf35b0697d
Clips4Sale,Fat Girl Sucks and Rides Dildo,Fat Girl Sucks and Rides Dildo,26444825,5,32.5,19.5,6.5,3.9,lady sublime bbw dick sucking and riding side view wm.mp4,mp4,00:08:23,456,1920x1080,2022-08-04 23:10:03,2026-07-03_19-17-59_title_summary_2026-01-01_to_2026-07-03_Sales_Summary_by_Title_1-01-2026_to_1-01-2026.csv,2026-07-03T19:18:10,baef1f19a129300f715b7e9b638ce864c2125f5b995e70cba7e9fd0c27bde955
Clips4Sale,SSBBW Oil Play and Fat Jiggling,SSBBW Oil Play and Fat Jiggling,28832493,2,31.97,19.18,15.98,9.59,lady sublime ssbbw oil play tease fat jiggle twerk obese watermark-4k clips4sale.mov,mov,00:15:34,5537,3840x2160,2024-03-24 10:10:04,2026-07-03_19-17-59_title_summary_2026-01-01_to_2026-07-03_Sales_Summary_by_Title_1-01-2026_to_1-01-2026.csv,2026-07-03T19:18:10,d7d346281b204878c0f57220ac1777229f04510cc0b21054f4cd065fc1479bf0
Clips4Sale,Fat Witch Needs Your Cum for Her Potion,Fat Witch Needs Your Cum for Her Potion,28153391,2,31.97,19.18,15.98,9.59,lady sublime bbw halloween witch pov cum begging riding bouncing blow job  watermark-4k HDR.mov,mov,00:12:41,4575,3840x2160,2023-10-21 10:20:04,2026-07-03_19-17-59_title_summary_2026-01-01_to_2026-07-03_Sales_Summary_by_Title_1-01-2026_to_1-01-2026.csv,2026-07-03T19:18:10,38a91bce2c6b3837146e8982fcd46b9dc4ed83d1da5aeaf8d33a620517cdd900
Clips4Sale,Fatty Stuffs T Bell and Weighs In,Fatty Stuffs T Bell and Weighs In,27461085,3,28.5,17.1,9.5,5.7,lady sublime bbw taco bell stuffing overeating weight in fat girl eating wm.mp4,mp4,00:18:00,978,1920x1080,2023-04-25 14:36:28,2026-07-03_19-17-59_title_summary_2026-01-01_to_2026-07-03_Sales_Summary_by_Title_1-01-2026_to_1-01-2026.csv,2026-07-03T19:18:10,c8e851559ef559cf54e8ac3d5c40901964837d103ebf489bebd0f1d8a3c6f3e9
Clips4Sale,Fat Naked Yoga,Fat Naked Yoga,25704201,4,28.0,16.8,7.0,4.2,lady sublime bbw naked yoga poses exercise wm.mp4,mp4,00:12:48,694,1920x1080,2021-12-05 18:10:18,2026-07-03_19-17-59_title_summary_2026-01-01_to_2026-07-03_Sales_Summary_by_Title_1-01-2026_to_1-01-2026.csv,2026-07-03T19:18:10,1c9472d0683ca4a516ac942aa1b787ecc8dc35e7d78a8e044cca72516221a1a5
Clips4Sale,Chargeback Forgiveness 106267173,Chargeback Forgiveness 106267173,31534051,1,27.98,16.79,27.98,16.79,lady sublime cake stuffing overeating rapid growth weight gain button popping clips4sale.mov,mov,00:22:10,5746,3840x2160,2025-07-21 10:00:07,2026-07-03_19-17-59_title_summary_2026-01-01_to_2026-07-03_Sales_Summary_by_Title_1-01-2026_to_1-01-2026.csv,2026-07-03T19:18:10,798021f6d23879bf4e67a2cb7f14b9fc951c61892b7b457708e7a8b96039fb2c
Clips4Sale,Denim Shorts BBW Ass Worship,Denim Shorts BBW Ass Worship,26444807,5,27.5,16.5,5.5,3.3,lady sublime bbw jean short cut offs fat pussy ass boucing wm.mp4,mp4,00:07:29,407,1920x1080,2022-08-01 23:00:04,2026-07-03_19-17-59_title_summary_2026-01-01_to_2026-07-03_Sales_Summary_by_Title_1-01-2026_to_1-01-2026.csv,2026-07-03T19:18:10,b2581070b4357cc67550a9d8634a26a65198a4031b46ad35ebacf935ecf4cc7c
Clips4Sale,Fatty Chugs Three Large Milkshakes,Fatty Chugs Three Large Milkshakes,27929649,1,26.98,16.19,26.98,16.19,milkshake chug final-1080p HDR.mov,mov,00:26:11,3117,1920x1080,2023-08-31 22:24:19,2026-07-03_19-17-59_title_summary_2026-01-01_to_2026-07-03_Sales_Summary_by_Title_1-01-2026_to_1-01-2026.csv,2026-07-03T19:18:10,0cc96310bc5eed9eb5b16e86a2d38a4571139aba43d50eaeb537d35df8fd442c
Clips4Sale,SSBBW Bloats and Burps with Milkshake and Soda,SSBBW Bloats and Burps with Milkshake and Soda,27080333,4,26.0,15.6,6.5,3.9,lady sublime bbw stuffing chugging burping feederism feedee growing fetish WM.mp4,mp4,00:10:45,579,1920x1080,2023-01-17 22:09:32,2026-07-03_19-17-59_title_summary_2026-01-01_to_2026-07-03_Sales_Summary_by_Title_1-01-2026_to_1-01-2026.csv,2026-07-03T19:18:10,15c879b8a89a84da98faaa2e3eb61007f0694993ca32d55df72420af1fa4993c
Clips4Sale,Stroke and Cum with a Fatty,Stroke and Cum with a Fatty,24858325,2,25.97,15.58,12.98,7.79,lady sublime bbw mutual masturbation wet pussy orgasm WM.mp4,mp4,00:11:47,638,1920x1080,2021-04-22 20:21:37,2026-07-03_19-17-59_title_summary_2026-01-01_to_2026-07-03_Sales_Summary_by_Title_1-01-2026_to_1-01-2026.csv,2026-07-03T19:18:10,7d16d881c6bf468ef7af8685352e45196c263ba94332e40d0a87ab928352e570
Clips4Sale,BBW Striptease and Lapdance POV,BBW Striptease and Lapdance POV,24973307,2,25.97,15.58,12.98,7.79,lady sublime bbw striptease and lapdance POV WM.mp4,mp4,00:11:49,641,1920x1080,2021-05-24 10:25:02,2026-07-03_19-17-59_title_summary_2026-01-01_to_2026-07-03_Sales_Summary_by_Title_1-01-2026_to_1-01-2026.csv,2026-07-03T19:18:10,b71f9633cf9e49884e77029afec3a1febb3c6669bb9c4c6916f8bad43556b0b3
Clips4Sale,BBW Gives Smoky BJ and Vibes Fat Pussy,BBW Gives Smoky BJ and Vibes Fat Pussy,24731639,2,25.97,15.58,12.98,7.79,lady sublime bbw cigarette smoking bj pussy vibe WM.mp4,mp4,00:12:08,653,1920x1080,2021-03-25 21:54:35,2026-07-03_19-17-59_title_summary_2026-01-01_to_2026-07-03_Sales_Summary_by_Title_1-01-2026_to_1-01-2026.csv,2026-07-03T19:18:10,902b7a791ed6c9357abd9ffeffc6e9130bb0d5ab957c690b8b5e48cd25e0db06
Clips4Sale,Sexy BBW Wants to Masturbate Together,Sexy BBW Wants to Masturbate Together,25664651,3,25.5,15.3,8.5,5.1,lady sublime bbw wet pussy rubbing and cum encouragement WM.mp4,mp4,00:14:05,765,1920x1080,2021-11-22 20:23:43,2026-07-03_19-17-59_title_summary_2026-01-01_to_2026-07-03_Sales_Summary_by_Title_1-01-2026_to_1-01-2026.csv,2026-07-03T19:18:10,ba2f82c943ac1342ad0cefa85f946b295b2482019898c360482c23a31ec59322
Clips4Sale,Kneel and Eat My Fat BBW Pussy,Kneel and Eat My Fat BBW Pussy,26461421,3,25.5,15.3,8.5,5.1,lady sublime bbw purple lingerie fat pussy play wm.mp4,mp4,00:15:03,818,1920x1080,2022-08-15 23:40:01,2026-07-03_19-17-59_title_summary_2026-01-01_to_2026-07-03_Sales_Summary_by_Title_1-01-2026_to_1-01-2026.csv,2026-07-03T19:18:10,431afcfd24e6f67b425cc84a1523f1d27e477bdd9a176d167377b6c72f767893
Clips4Sale,SSBBW Babe Gobbles Entire Pie,SSBBW Babe Gobbles Entire Pie,28324321,1,23.98,14.39,23.98,14.39,lady sublime bbw pie food stuffing overeating gaining fat belly growing ssbbw4k clips4sale.mov,mov,00:25:02,5526,3840x2160,2023-11-27 21:49:01,2026-07-03_19-17-59_title_summary_2026-01-01_to_2026-07-03_Sales_Summary_by_Title_1-01-2026_to_1-01-2026.csv,2026-07-03T19:18:10,660e6ab1222677ea7e41ca381a22ca174a1443711413fd9860acae810f11dfdc
Clips4Sale,Oiled-Up BBW Bounces Fat For You,Oiled-Up BBW Bounces Fat For You,24019359,2,23.97,14.38,11.98,7.19,lady sublime bbw fat worship oil big belly ass WM2.mp4,mp4,00:11:30,625,1920x1080,2020-10-30 19:05:02,2026-07-03_19-17-59_title_summary_2026-01-01_to_2026-07-03_Sales_Summary_by_Title_1-01-2026_to_1-01-2026.csv,2026-07-03T19:18:10,151d49bd762ba68b246fbfbff2445fc53cf3b2bec343464b00d435f6526b132f
Clips4Sale,Worship My Fat SSBBW Body,Worship My Fat SSBBW Body,28054807,1,22.98,13.79,22.98,13.79,lady sublime bbw body worship fat jiggle tits ass pussy feet watermark-4k HDR.mov,mov,00:22:31,4458,3840x2160,2023-09-22 15:59:15,2026-07-03_19-17-59_title_summary_2026-01-01_to_2026-07-03_Sales_Summary_by_Title_1-01-2026_to_1-01-2026.csv,2026-07-03T19:18:10,00126ec8e578a4e03b60b4d68064d54d0db63cbc62bbc0c1b8d3965ddece1f35
Clips4Sale,Chargeback Forgiveness 109127975,Chargeback Forgiveness 109127975,30632943,1,21.98,13.19,21.98,13.19,lady sublime ssbbw weight gain too fat pov fucking masturbation cum watermark-4k clips4sale.mov,mov,00:13:41,5760,3840x2160,2025-02-24 02:00:04,2026-07-03_19-17-59_title_summary_2026-01-01_to_2026-07-03_Sales_Summary_by_Title_1-01-2026_to_1-01-2026.csv,2026-07-03T19:18:10,c54e48a01f7a3ed7fe31d29fde79df16e4f3291f76d8654e4976cfa47e18bfb2
Clips4Sale,Chargeback Forgiveness 106266719,Chargeback Forgiveness 106266719,29961257,1,21.98,13.19,21.98,13.19,lady sublime ssbbw giantess fetish growing taller bikini weight gain watermark-4k clips4sale.mov,mov,00:16:52,5620,3840x2160,2024-10-25 20:15:34,2026-07-03_19-17-59_title_summary_2026-01-01_to_2026-07-03_Sales_Summary_by_Title_1-01-2026_to_1-01-2026.csv,2026-07-03T19:18:10,92c599a6eddb62d3e1fedc1a544ec8aefccc8370addc7ca68cd6890ea0801c61
Clips4Sale,BBW Spread and Begging for Anal,BBW Spread and Begging for Anal,25616717,3,21.0,12.6,7.0,4.2,lady sublime bbw white fishnet ass worship beg for anal hairy fat ass WM.mp4,mp4,00:10:39,579,1920x1080,2021-11-07 04:21:29,2026-07-03_19-17-59_title_summary_2026-01-01_to_2026-07-03_Sales_Summary_by_Title_1-01-2026_to_1-01-2026.csv,2026-07-03T19:18:10,86fcd5e817907cc085e9035619ff098d9eadd84bcd7db27036268c0dd141aac4
Clips4Sale,SSBBW Oiled Up Jiggling and Bouncing,SSBBW Oiled Up Jiggling and Bouncing,29285041,1,20.98,12.59,20.98,12.59,lady sublime ssbbw oil play rubbing fat jiggle bikini watermark-4k clips4sale.mov,mov,00:19:48,5621,3840x2160,2024-06-14 20:48:07,2026-07-03_19-17-59_title_summary_2026-01-01_to_2026-07-03_Sales_Summary_by_Title_1-01-2026_to_1-01-2026.csv,2026-07-03T19:18:10,90819be8c28198db9bf14966680e1bc5ee97ef736d5ba9b1c801ffb70e4b253d
Clips4Sale,SSBBW Catwalk and Fat Bouncing in Heels,SSBBW Catwalk and Fat Bouncing in Heels,27276267,2,19.0,11.4,9.5,5.7,lady sublime bbw hairy pussy play pov riding bouncing wm.mp4,mp4,00:18:18,993,1920x1080,2023-03-09 03:45:56,2026-07-03_19-17-59_title_summary_2026-01-01_to_2026-07-03_Sales_Summary_by_Title_1-01-2026_to_1-01-2026.csv,2026-07-03T19:18:10,6e5ea4f49dcb37570deff731e976e6d4da41dfcdfd5f77465683ef481537aec4
Clips4Sale,Hot Fatty Shows Off SSBBW Body in Lingerie and Heels,Hot Fatty Shows Off SSBBW Body in Lingerie and Heels,28626979,1,18.98,11.39,18.98,11.39,lady sublime bbw lingerie catwalk heels twerk jiggle fat feedee gainer watermark-4k clips4sale.mov,mov,00:18:43,5424,3840x2160,2024-02-12 10:35:02,2026-07-03_19-17-59_title_summary_2026-01-01_to_2026-07-03_Sales_Summary_by_Title_1-01-2026_to_1-01-2026.csv,2026-07-03T19:18:10,387bcebf528d4f4fba7369235b29dab7d4fd6dbb0a7384bd292782aa0f2ffe1b
Clips4Sale,Feedee BBW Wife Wants to Stop Gaining POV,Feedee BBW Wife Wants to Stop Gaining POV,26786437,2,18.0,10.8,9.0,5.4,lady sublime bbw fat gaining wife POV solo fucking wm.mp4,mp4,00:16:53,913,1920x1080,2022-11-01 22:03:41,2026-07-03_19-17-59_title_summary_2026-01-01_to_2026-07-03_Sales_Summary_by_Title_1-01-2026_to_1-01-2026.csv,2026-07-03T19:18:10,4faa0ed58d0167ea76a14c384cc320fea86b1823bfae6403648f2a1c281ecde6
Clips4Sale,Naked Fatty Tells You How to Stroke,Naked Fatty Tells You How to Stroke,28106135,1,17.98,10.79,17.98,10.79,lady sublime bbw naked joi jiggle cum countdown fat pussy watermark-4k HDR.mov,mov,00:17:37,4276,3840x2160,2023-10-12 09:35:02,2026-07-03_19-17-59_title_summary_2026-01-01_to_2026-07-03_Sales_Summary_by_Title_1-01-2026_to_1-01-2026.csv,2026-07-03T19:18:10,93cfbaa49320d7d14c03ddfece6065a2b6f6fa5d31fa29016d4c7130ccc67aa0
Clips4Sale,BBW Catwalk and Belly Bounce in Heels,BBW Catwalk and Belly Bounce in Heels,24019625,2,17.97,10.78,8.98,5.39,lady sublime bbw catwalk heels belly play fat slowmo WM.mp4,mp4,00:08:24,454,1920x1080,2020-11-03 20:15:01,2026-07-03_19-17-59_title_summary_2026-01-01_to_2026-07-03_Sales_Summary_by_Title_1-01-2026_to_1-01-2026.csv,2026-07-03T19:18:10,9f8286779d6219d9cd6aa5a984da896c58dc21cfb7aeab5307b8408023770718
Clips4Sale,Tight Dress Fat Bouncing,Tight Dress Fat Bouncing,24023269,3,17.95,10.77,5.98,3.59,lady sublime bbw tight dress flat flopping with slow mo WM.mp4,mp4,00:05:38,306,1920x1080,2020-11-13 15:20:02,2026-07-03_19-17-59_title_summary_2026-01-01_to_2026-07-03_Sales_Summary_by_Title_1-01-2026_to_1-01-2026.csv,2026-07-03T19:18:10,666943ecfafc255a297dded3e10281fd66a6342597bf9e63b02cc9731f9df6b3
Clips4Sale,BBW Dancing and Masturbating in the Mirror,BBW Dancing and Masturbating in the Mirror,25766689,2,17.0,10.2,8.5,5.1,lady sublime bbw dancing mirror twerk pussy play masturbation WM.mp4,mp4,00:15:47,857,1920x1080,2021-12-25 22:58:23,2026-07-03_19-17-59_title_summary_2026-01-01_to_2026-07-03_Sales_Summary_by_Title_1-01-2026_to_1-01-2026.csv,2026-07-03T19:18:10,8cd4924698809df1d99f0eefb058dda43a798ba91ef1b59472c11cacf56ee427
Clips4Sale,SSBBW Lingerie Tease and JOI w Countdown,SSBBW Lingerie Tease and JOI w Countdown,27675129,1,16.98,10.19,16.98,10.19,joi countdown.mov,mov,00:16:41,4489,3840x2160,2023-09-07 23:54:50,2026-07-03_19-17-59_title_summary_2026-01-01_to_2026-07-03_Sales_Summary_by_Title_1-01-2026_to_1-01-2026.csv,2026-07-03T19:18:10,c252f2af646ddbb861cdcd35c2b0526ad13792a5bd7331b2fad370154ecad6c8
Clips4Sale,Licking Whipped Cream Off of My Fat SSBBW Tits,Licking Whipped Cream Off of My Fat SSBBW Tits,28801307,1,16.98,10.19,16.98,10.19,lady sublime ssbbw whipped cream messy eating mukbangs watermark-4k clips4sale.mov,mov,00:15:17,4782,3840x2160,2024-03-20 10:00:08,2026-07-03_19-17-59_title_summary_2026-01-01_to_2026-07-03_Sales_Summary_by_Title_1-01-2026_to_1-01-2026.csv,2026-07-03T19:18:10,a4fe4f8ad168fd57038e416c18bb2f884f15f9a888578d1b596279f4c7fcfa51
Clips4Sale,Chargeback Forgiveness 106573449,Chargeback Forgiveness 106573449,29016135,1,16.98,10.19,16.98,10.19,lady sublime ssbbw tight clothes try on cigarette smoking voyeur watermark-4k clips4sale.mov,mov,00:15:02,5601,3840x2160,2024-05-01 10:00:06,2026-07-03_19-17-59_title_summary_2026-01-01_to_2026-07-03_Sales_Summary_by_Title_1-01-2026_to_1-01-2026.csv,2026-07-03T19:18:10,e4198c9060d1e3ee9af28af62e334337538cf052af07019a7e88739908eeb6b2
Clips4Sale,BBW Fucks Dripping Pussy With Dildo,BBW Fucks Dripping Pussy With Dildo,25509723,1,16.98,10.19,16.98,10.19,lady sublime bbw super wet hairy pussy dripping dildo fucking cumming WM.mp4,mp4,00:15:36,846,1920x1080,2021-10-02 19:00:26,2026-07-03_19-17-59_title_summary_2026-01-01_to_2026-07-03_Sales_Summary_by_Title_1-01-2026_to_1-01-2026.csv,2026-07-03T19:18:10,901cc2387a7d83b6aa81e76ca0a52d6b6ac79953c3ffb1a358e200363cd2eceb
Clips4Sale,SSBBW Black Bikini Catwalk in Heels,SSBBW Black Bikini Catwalk in Heels,27012965,2,16.0,9.6,8.0,4.8,lady sublime bbw black bikini ssbbw catwalk heels fat belly jiggle bounce cellulite twerking wm.mp4,mp4,00:15:44,855,1920x1080,2022-12-29 22:29:13,2026-07-03_19-17-59_title_summary_2026-01-01_to_2026-07-03_Sales_Summary_by_Title_1-01-2026_to_1-01-2026.csv,2026-07-03T19:18:10,8470b64241a4a90d5d29a6bdf4190eff26c1bd169680edf24e977180fb1df1d1
Clips4Sale,Hot Fatty Stuffs Snack Cakes,Hot Fatty Stuffs Snack Cakes,24023205,1,15.98,9.59,15.98,9.59,lady sublime bbw snack cake stuffing feeder feederism belly play WM.mp4,mp4,00:15:24,837,1920x1080,2020-11-09 15:05:02,2026-07-03_19-17-59_title_summary_2026-01-01_to_2026-07-03_Sales_Summary_by_Title_1-01-2026_to_1-01-2026.csv,2026-07-03T19:18:10,0a3e8d262b6024d36ffb8d68e5285bcb3d4578dd3e61bf6ff12e296afaf6c99a
Clips4Sale,Cum Shot on My Fat Droopy Tits,Cum Shot on My Fat Droopy Tits,24626723,1,14.98,8.99,14.98,8.99,lady sublime bbw squirting dildo titty shot neon thong WM.mp4,mp4,00:14:32,790,1920x1080,2021-03-04 01:04:23,2026-07-03_19-17-59_title_summary_2026-01-01_to_2026-07-03_Sales_Summary_by_Title_1-01-2026_to_1-01-2026.csv,2026-07-03T19:18:10,71df61068d38b6d009593cea8ad98f18d860fe568df2979d2f3b09e4fd905976
Clips4Sale,Fatty Fucks Herself in the Window,Fatty Fucks Herself in the Window,26046385,2,14.0,8.4,7.0,4.2,lady sublime bbw dildo fucking red lingerie nn window moaning orgasm wm.mp4,mp4,00:12:50,696,1920x1080,2022-03-24 17:15:53,2026-07-03_19-17-59_title_summary_2026-01-01_to_2026-07-03_Sales_Summary_by_Title_1-01-2026_to_1-01-2026.csv,2026-07-03T19:18:10,7fdbfecb5766035c5b0ad69c0061dba8d92bc3e67a534c1f4a4763c14514269e
Clips4Sale,Fat Pussy Dripping on Your Face,Fat Pussy Dripping on Your Face,25679229,2,14.0,8.4,7.0,4.2,lady sublime bbw dripping pussy overhead masturbation cum WM.mp4,mp4,00:10:42,582,1920x1080,2021-11-27 19:57:06,2026-07-03_19-17-59_title_summary_2026-01-01_to_2026-07-03_Sales_Summary_by_Title_1-01-2026_to_1-01-2026.csv,2026-07-03T19:18:10,87602216c6a4d8719ddabe0b5c34825fe252c500fa699e9220f72351dbed3540
Clips4Sale,BBW Squirts in the Bathroom,BBW Squirts in the Bathroom,26444779,2,14.0,8.4,7.0,4.2,lady sublime bbw squirt masturbation toilet bathroom wm.mp4,mp4,00:10:15,556,1920x1080,2022-07-28 21:00:05,2026-07-03_19-17-59_title_summary_2026-01-01_to_2026-07-03_Sales_Summary_by_Title_1-01-2026_to_1-01-2026.csv,2026-07-03T19:18:10,a7e5de5fb7f151ad80229bae893858051fbd683963aeff3a6b43cd396110f896
Clips4Sale,Fat Fitness Instructor Causes Shaking,Fat Fitness Instructor Causes Shaking,27986033,1,13.98,8.39,13.98,8.39,bbw fitness.mov,mov,00:10:21,4169,3840x2160,2023-09-07 02:19:33,2026-07-03_19-17-59_title_summary_2026-01-01_to_2026-07-03_Sales_Summary_by_Title_1-01-2026_to_1-01-2026.csv,2026-07-03T19:18:10,32c0345a3073f2e77fb16ac36cd7c8250fe11a33e1abff59e1ec04a7b645817c
Clips4Sale,Fat Ass SSBBW Masturbates for You,Fat Ass SSBBW Masturbates for You,29270847,1,13.98,8.39,13.98,8.39,lady sublime ssbbw pleather skirt heels masturbation watermark-4k clips4sale.mov,mov,00:10:02,5531,3840x2160,2024-06-11 19:29:23,2026-07-03_19-17-59_title_summary_2026-01-01_to_2026-07-03_Sales_Summary_by_Title_1-01-2026_to_1-01-2026.csv,2026-07-03T19:18:10,089c33a266cdd1dfbf72d98608987eda06857904fd586bc276307fb0b4a58184
Clips4Sale,Chargeback Forgiveness 106530597,Chargeback Forgiveness 106530597,28102771,1,13.98,8.39,13.98,8.39,bbw cum.mov,mov,00:12:18,4472,3840x2160,2023-10-07 10:30:03,2026-07-03_19-17-59_title_summary_2026-01-01_to_2026-07-03_Sales_Summary_by_Title_1-01-2026_to_1-01-2026.csv,2026-07-03T19:18:10,46c200a56af6ba7efc106b5f03e50462c28e7d1d740ea95b327a04c2ed836156
Clips4Sale,BBW Gets Naughty in the Bath,BBW Gets Naughty in the Bath,24019591,1,13.98,8.39,13.98,8.39,lady sublime bbw bath time bubble play WM2.mp4,mp4,00:13:14,718,1920x1080,2020-11-01 00:00:01,2026-07-03_19-17-59_title_summary_2026-01-01_to_2026-07-03_Sales_Summary_by_Title_1-01-2026_to_1-01-2026.csv,2026-07-03T19:18:10,ee109df958e64d7db03b8d2b85775567b2dcca64a7773bad5ff9fb8cf0470ea8
Clips4Sale,Fatty BBW Cums Instead of Exercising,Fatty BBW Cums Instead of Exercising,25560449,2,13.0,7.8,6.5,3.9,lady sublime bbw workout belly bouncing jumping jacks vibrator cum WM.mp4,mp4,00:10:52,591,1920x1080,2021-10-19 03:38:10,2026-07-03_19-17-59_title_summary_2026-01-01_to_2026-07-03_Sales_Summary_by_Title_1-01-2026_to_1-01-2026.csv,2026-07-03T19:18:10,cf6f2bc28209abc5ba95d7b1e96c39179a9ec37e8599e234db1421110cb9793e
Clips4Sale,BBW Stripper Lets You Fuck in VIP,BBW Stripper Lets You Fuck in VIP,25577519,2,13.0,7.8,6.5,3.9,lady sublime bbw stripper fucks client n vip pov solo WM.mp4,mp4,00:10:45,585,1920x1080,2021-10-25 12:16:49,2026-07-03_19-17-59_title_summary_2026-01-01_to_2026-07-03_Sales_Summary_by_Title_1-01-2026_to_1-01-2026.csv,2026-07-03T19:18:10,575afd2f778515e5421d5475866157ea922a14ebd56f72612ed18a4c1ac8fab9
Clips4Sale,BBW Bounces Fat in the Shower,BBW Bounces Fat in the Shower,25927379,2,13.0,7.8,6.5,3.9,lady sublime bbw sudsy shower fat clap pussy play WM.mp4,mp4,00:10:56,595,1920x1080,2022-02-15 17:20:52,2026-07-03_19-17-59_title_summary_2026-01-01_to_2026-07-03_Sales_Summary_by_Title_1-01-2026_to_1-01-2026.csv,2026-07-03T19:18:10,95676bf648de9022a0efad2d076422df6aae6d2cad5def5ed8f2509d8f86afa5
Clips4Sale,Horny SSBBW Teases Fat Pussy VISION PRO (Spatial Video),Horny SSBBW Teases Fat Pussy VISION PRO (Spatial Video),28793343,1,12.98,7.79,12.98,7.79,lady sublime ssbbw vision pro spatial video pussy tease.MOV,MOV,00:05:33,715,1920x1080,2024-03-14 18:08:16,2026-07-03_19-17-59_title_summary_2026-01-01_to_2026-07-03_Sales_Summary_by_Title_1-01-2026_to_1-01-2026.csv,2026-07-03T19:18:10,d8d0fe2d35593016161e6d97376b54e516cad42261933e10ed3348d295fa5a08
Clips4Sale,Blue Jean Fat Ass Worship,Blue Jean Fat Ass Worship,24019609,1,12.98,7.79,12.98,7.79,lady sublime bbw ass worship denim jeans twerk in heels WM.mp4,mp4,00:12:19,669,1920x1080,2020-11-02 20:10:02,2026-07-03_19-17-59_title_summary_2026-01-01_to_2026-07-03_Sales_Summary_by_Title_1-01-2026_to_1-01-2026.csv,2026-07-03T19:18:10,401651df4787f2e16a596ff369028326808af3f730c6423310516d9d7be7f936
Clips4Sale,BBW Shower,BBW Shower,24028939,1,12.98,7.79,12.98,7.79,lady sublime bbw soapy sudsy shower hidden camera WM.mp4,mp4,00:12:16,579,1920x1080,2020-11-17 19:25:02,2026-07-03_19-17-59_title_summary_2026-01-01_to_2026-07-03_Sales_Summary_by_Title_1-01-2026_to_1-01-2026.csv,2026-07-03T19:18:10,53e9a2c34c86b69a50a7abea05b33ffad90d1e2e65464e581ff9fdc4f0a8eb26
Clips4Sale,Touring My Fat Jiggly Body,Touring My Fat Jiggly Body,24019337,1,10.98,6.59,10.98,6.59,lady sublime bbw fat shaking bouncing ssbbw twerk WM2.mp4,mp4,00:10:08,550,1920x1080,2020-10-29 00:00:02,2026-07-03_19-17-59_title_summary_2026-01-01_to_2026-07-03_Sales_Summary_by_Title_1-01-2026_to_1-01-2026.csv,2026-07-03T19:18:10,5988eb5b66c95f28420bd8dacf51b1dce931477a621309618dfaf40dc52a2a0e
Clips4Sale,Stuffed BBW Struggles to Stand Up,Stuffed BBW Struggles to Stand Up,25132457,1,10.98,6.59,10.98,6.59,lady sublime bbw fat struggle to get up too heavy WM.mp4,mp4,00:08:42,474,1920x1080,2021-06-24 18:22:28,2026-07-03_19-17-59_title_summary_2026-01-01_to_2026-07-03_Sales_Summary_by_Title_1-01-2026_to_1-01-2026.csv,2026-07-03T19:18:10,391e696faf7dd90829e4db796f1590cc8bf7954c3fcb6522f846d5564ea019a7
Clips4Sale,Nude Tights Fat Ass Worship,Nude Tights Fat Ass Worship,24023189,1,10.98,6.59,10.98,6.59,lady sublime bbw nude tights ass worship heels hairy pussy fat ass WM.mp4,mp4,00:10:21,562,1920x1080,2020-11-08 14:55:01,2026-07-03_19-17-59_title_summary_2026-01-01_to_2026-07-03_Sales_Summary_by_Title_1-01-2026_to_1-01-2026.csv,2026-07-03T19:18:10,dbe227f6012d3692640e014bbe5182cc7180face9471835bea0c112be4bc83f6
Clips4Sale,Hot Fatty Fucks Dildo in the Shower,Hot Fatty Fucks Dildo in the Shower,24156763,1,10.98,6.59,10.98,6.59,lady sublime bbw shower dildo fucking sucking WM.mp4,mp4,00:10:01,544,1920x1080,2020-11-22 16:19:40,2026-07-03_19-17-59_title_summary_2026-01-01_to_2026-07-03_Sales_Summary_by_Title_1-01-2026_to_1-01-2026.csv,2026-07-03T19:18:10,62e634efb30a15ea089e6f14647f0409743876e12f1f4cbaf59624f5b5bc8b4a
Clips4Sale,Fat Stripper Gives You a Lapdance,Fat Stripper Gives You a Lapdance,24028985,1,10.98,6.59,10.98,6.59,lady sublime bbw stripper lap dance fucks WM.mp4,mp4,00:10:16,557,1920x1080,2020-11-20 19:40:02,2026-07-03_19-17-59_title_summary_2026-01-01_to_2026-07-03_Sales_Summary_by_Title_1-01-2026_to_1-01-2026.csv,2026-07-03T19:18:10,20d203cc1ff451a049b977c403b5b389b48788f97e9223835ad2e8876633d885
Clips4Sale,Fatty in the Shower,Fatty in the Shower,24023261,1,9.98,5.99,9.98,5.99,lady sublime bbw soapy shower fat body worship WM.mp4,mp4,00:09:20,507,1920x1080,2020-11-12 15:15:02,2026-07-03_19-17-59_title_summary_2026-01-01_to_2026-07-03_Sales_Summary_by_Title_1-01-2026_to_1-01-2026.csv,2026-07-03T19:18:10,8e9b4b1f5336e063900417f604fb88fa0f9ad8fe4150c1af7a30980c448508b7
Clips4Sale,BBW Body Bouncing and Jiggling,BBW Body Bouncing and Jiggling,24255999,1,9.98,5.99,9.98,5.99,lady sublime bbw fat bouncing and teasing fat jiggling WM.mp4,mp4,00:09:37,522,1920x1080,2020-12-13 22:28:47,2026-07-03_19-17-59_title_summary_2026-01-01_to_2026-07-03_Sales_Summary_by_Title_1-01-2026_to_1-01-2026.csv,2026-07-03T19:18:10,2c1383c89e482c34790ad008e60502eff034e101ce6923fd2899f56b0bdd72e0
Clips4Sale,65-Inch Ass Worship,65-Inch Ass Worship,24019215,1,9.98,5.99,9.98,5.99,lady sublime bbw ass worship twerk butthole WM2.mp4,mp4,00:09:44,526,1920x1080,2020-10-27 00:00:02,2026-07-03_19-17-59_title_summary_2026-01-01_to_2026-07-03_Sales_Summary_by_Title_1-01-2026_to_1-01-2026.csv,2026-07-03T19:18:10,51f477b03526c7271931eaf95d95cde93b861d9ec058f2c875b965e0a198f5c7
Clips4Sale,Bra Changing SSBBW JOI w Cum Countdown,Bra Changing SSBBW JOI w Cum Countdown,27276295,1,9.5,5.7,9.5,5.7,lady sublime bbw bra changing joi cum countdown wm.mp4,mp4,00:18:07,984,1920x1080,2023-03-09 03:54:20,2026-07-03_19-17-59_title_summary_2026-01-01_to_2026-07-03_Sales_Summary_by_Title_1-01-2026_to_1-01-2026.csv,2026-07-03T19:18:10,0255800ce7e7e1b20cc12c71b9075855c05af8fcbb087a77ffd068fc197e620c
Clips4Sale,Little Black Dress SSBBW Jiggly Catwalk in Heels,Little Black Dress SSBBW Jiggly Catwalk in Heels,27276257,1,9.0,5.4,9.0,5.4,lady sublime bbw catwalk black dress heels jiggle fat bouncing ssbbw wm.mp4,mp4,00:17:20,942,1920x1080,2023-03-09 03:46:03,2026-07-03_19-17-59_title_summary_2026-01-01_to_2026-07-03_Sales_Summary_by_Title_1-01-2026_to_1-01-2026.csv,2026-07-03T19:18:10,d1929888186e42c17a1c179b5e3e427ab13384dae972834436467eaa22dc74a3
Clips4Sale,Fatty Binges T Bell Burritos,Fatty Binges T Bell Burritos,26444841,1,9.0,5.4,9.0,5.4,lady sublime bbw burrito binge food stuffing overeating gaining feedee feederism wm.mp4,mp4,00:34:15,1851,1920x1080,2022-08-08 23:25:02,2026-07-03_19-17-59_title_summary_2026-01-01_to_2026-07-03_Sales_Summary_by_Title_1-01-2026_to_1-01-2026.csv,2026-07-03T19:18:10,5c5f2b0d16dfe6ca525b61736ee5a6570050778fa290d82aa3796e33994ce089
Clips4Sale,BBW Catwalk Bounce and Tease in Heels,BBW Catwalk Bounce and Tease in Heels,26904811,1,9.0,5.4,9.0,5.4,lady suublime bbw heels catwalk belly play twerking ssbbw jfat bouncing wm.mp4,mp4,00:17:05,928,1920x1080,2022-11-29 16:10:20,2026-07-03_19-17-59_title_summary_2026-01-01_to_2026-07-03_Sales_Summary_by_Title_1-01-2026_to_1-01-2026.csv,2026-07-03T19:18:10,d429cd0302eb93461eca2b86aaa3bb1b86517b1a7fcc79beee841bbfcb3110a2
Clips4Sale,Lady Sublime BBW Fat Body Measurements,Lady Sublime BBW Fat Body Measurements,24057891,1,8.98,5.39,8.98,5.39,lady sublime bbw full body fat measurement WM.mp4,mp4,00:08:42,472,1920x1080,2020-11-22 22:05:01,2026-07-03_19-17-59_title_summary_2026-01-01_to_2026-07-03_Sales_Summary_by_Title_1-01-2026_to_1-01-2026.csv,2026-07-03T19:18:10,7ac030fe70df41e71d55fdec12515931598abfea38f39c56989916c4583bb1ae
Clips4Sale,Bouncing My Fat BBW Body,Bouncing My Fat BBW Body,24028933,1,7.98,4.79,7.98,4.79,lady sublime bbw fat bouncing twerking belly play WM.mp4,mp4,00:07:40,416,1920x1080,2020-11-16 19:25:02,2026-07-03_19-17-59_title_summary_2026-01-01_to_2026-07-03_Sales_Summary_by_Title_1-01-2026_to_1-01-2026.csv,2026-07-03T19:18:10,a48a2edea6ba02c2ba7934e91de3afa02554667092b18421b0a95764325ddb05
Clips4Sale,BBW Catwalk in Bodystocking Dress,BBW Catwalk in Bodystocking Dress,24019631,1,7.98,4.79,7.98,4.79,lady sublime bbw catwalk hot pink fishnet dress belly play twerk fat worship WM.mp4,mp4,00:07:36,412,1920x1080,2020-11-05 20:25:02,2026-07-03_19-17-59_title_summary_2026-01-01_to_2026-07-03_Sales_Summary_by_Title_1-01-2026_to_1-01-2026.csv,2026-07-03T19:18:10,8123d0342e5e8278f021d047bcb7013e973a9fb6dbc641b9cda921cb0d43dc3c
Clips4Sale,Fat Teasing and Pussy Fucking,Fat Teasing and Pussy Fucking,25750911,1,7.0,4.2,7.0,4.2,lady sublime bbw fat tease dildo fucking creamy pussy riding fat booty orgasm WM.mp4,mp4,00:12:26,675,1920x1080,2021-12-20 18:46:32,2026-07-03_19-17-59_title_summary_2026-01-01_to_2026-07-03_Sales_Summary_by_Title_1-01-2026_to_1-01-2026.csv,2026-07-03T19:18:10,9f5a27108c38d60664874a127ec399ad8da86e7324bd04de5fb2dd8038ebf5a7
Clips4Sale,Fat Girl Stuffs Donuts and Rides Glass Dildo,Fat Girl Stuffs Donuts and Rides Glass Dildo,25637281,1,7.0,4.2,7.0,4.2,lady sublime bbw horny donut eating glass dildo fucking and riding WM.mp4,mp4,00:11:47,640,1920x1080,2021-11-13 20:51:33,2026-07-03_19-17-59_title_summary_2026-01-01_to_2026-07-03_Sales_Summary_by_Title_1-01-2026_to_1-01-2026.csv,2026-07-03T19:18:10,7a198f33a84dd73ab267827cd9541e4637003658dd236ba738979cbf45918911
Clips4Sale,Chargeback 106530597,Chargeback 106530597,28102771,1,-13.98,-8.39,-13.98,-8.39,bbw cum.mov,mov,00:12:18,4472,3840x2160,2023-10-07 10:30:03,2026-07-03_19-17-59_title_summary_2026-01-01_to_2026-07-03_Sales_Summary_by_Title_1-01-2026_to_1-01-2026.csv,2026-07-03T19:18:10,9b12957451967762e2feeb752d394a0ae17bc22cab89f25e34078989b62d9976
Clips4Sale,Chargeback 106573449,Chargeback 106573449,29016135,1,-16.98,-10.19,-16.98,-10.19,lady sublime ssbbw tight clothes try on cigarette smoking voyeur watermark-4k clips4sale.mov,mov,00:15:02,5601,3840x2160,2024-05-01 10:00:06,2026-07-03_19-17-59_title_summary_2026-01-01_to_2026-07-03_Sales_Summary_by_Title_1-01-2026_to_1-01-2026.csv,2026-07-03T19:18:10,64861b1b935566db74a70777d023eba0b765fa6f876e8b7bcc87ed3f6035a65f
Clips4Sale,Refund 107960967,Refund 107960967,30670805,1,-19.98,-11.99,-19.98,-11.99,lady sublime ssbbw  twek ass butthole fat pussy masturbation dildo fuck clips4sale.mov,mov,00:11:11,5672,3840x2160,2025-03-06 10:00:09,2026-07-03_19-17-59_title_summary_2026-01-01_to_2026-07-03_Sales_Summary_by_Title_1-01-2026_to_1-01-2026.csv,2026-07-03T19:18:10,239f522c2d20ede3f47e8be55d4b65084579c8323ff0ec4e79befe5d96dd98ed
Clips4Sale,Chargeback 109127975,Chargeback 109127975,30632943,1,-21.98,-13.19,-21.98,-13.19,lady sublime ssbbw weight gain too fat pov fucking masturbation cum watermark-4k clips4sale.mov,mov,00:13:41,5760,3840x2160,2025-02-24 02:00:04,2026-07-03_19-17-59_title_summary_2026-01-01_to_2026-07-03_Sales_Summary_by_Title_1-01-2026_to_1-01-2026.csv,2026-07-03T19:18:10,a3e14db437cc757d73f98fb5be1f3bbd512227a181d4fba043178eb972da7981
Clips4Sale,Chargeback 106266719,Chargeback 106266719,29961257,1,-21.98,-13.19,-21.98,-13.19,lady sublime ssbbw giantess fetish growing taller bikini weight gain watermark-4k clips4sale.mov,mov,00:16:52,5620,3840x2160,2024-10-25 20:15:34,2026-07-03_19-17-59_title_summary_2026-01-01_to_2026-07-03_Sales_Summary_by_Title_1-01-2026_to_1-01-2026.csv,2026-07-03T19:18:10,c0e07686e750c62e7b5e3327cd4cf8e755775c9c854be3824dd6a9cdee42f8a9
Clips4Sale,Refund 108316959,Refund 108316959,32818231,1,-24.98,-14.99,-24.98,-14.99,lady_sublime_ssbbw_giantess_vore_burping_farting_fat_POV_watermark_4k_clips4sale_260129180050.mov,mov,00:12:00,5652,3840x2160,2026-01-30 00:26:07,2026-07-03_19-17-59_title_summary_2026-01-01_to_2026-07-03_Sales_Summary_by_Title_1-01-2026_to_1-01-2026.csv,2026-07-03T19:18:10,181c0de9c233d6c21572017455307a65197feca5ae467fcfe8b092a0015d4634
Clips4Sale,Chargeback 106267173,Chargeback 106267173,31534051,1,-27.98,-16.79,-27.98,-16.79,lady sublime cake stuffing overeating rapid growth weight gain button popping clips4sale.mov,mov,00:22:10,5746,3840x2160,2025-07-21 10:00:07,2026-07-03_19-17-59_title_summary_2026-01-01_to_2026-07-03_Sales_Summary_by_Title_1-01-2026_to_1-01-2026.csv,2026-07-03T19:18:10,9084b9e5240914ada88a8f7ff3045fdb382b1dfd224282599f22af0660b3f591
Clips4Sale,Refund 107467635,Refund 107467635,31325075,4,-63.93,-38.36,-15.98,-9.59,lady sublime ssbbw impregnation fantasy breeding lingerie neighbor roleplay  clips4sale.mov,mov,00:11:14,5694,3840x2160,2025-06-16 22:04:16,2026-07-03_19-17-59_title_summary_2026-01-01_to_2026-07-03_Sales_Summary_by_Title_1-01-2026_to_1-01-2026.csv,2026-07-03T19:18:10,d77310b1f3882b30c4fa7d6f811ab2d331345ce14644034e0f9f1268e81b0daf
Clips4Sale,Chargeback 106266925,Chargeback 106266925,32593851,3,-69.95,-41.97,-23.32,-13.99,lady_sublime_christmas_fat_chat_pov_fucking_riding_fat_belly_watermark_4k_clips4sale_251227175807.mo,mov,00:23:36,5712,3840x2160,2025-12-27 23:08:20,2026-07-03_19-17-59_title_summary_2026-01-01_to_2026-07-03_Sales_Summary_by_Title_1-01-2026_to_1-01-2026.csv,2026-07-03T19:18:10,7d3eff23c66a5c83a6d3fced70630798a46cf24ff213a9159118193321691e4d
