rank,canonical_content_id,canonical_title,content_group,platform_list,surface_list,sales,gross,net,avg_net,first_offered_date,first_offered_basis,first_offered_confidence,days_since_launch,sales_per_day,net_per_day,latest_date,mapping_status,source_rows,c4s_sales,c4s_gross,c4s_net,curvage_sales,curvage_gross,curvage_net,manyvids_sales,manyvids_gross,manyvids_net,onlyfans_sales,onlyfans_gross,onlyfans_net,modelcentro_sales,modelcentro_gross,modelcentro_net
1,unmapped:modelcentro:full-site-access,Full site access!,,ModelCentro,ModelCentro transaction,1421,27765.97,18350.51,12.91,2026-01-01,sale date,low,201,7.07,91.3,2026-07-20,needs mapping,1421,0,0.0,0.0,0,0.0,0.0,0,0.0,0.0,0,0.0,0.0,1421,27765.97,18350.51
2,Video 0289,Best Friend's Mom Teases You,Video,"Clips4Sale, Curvage, ManyVids, OnlyFans","C4S title snapshot, Curvage Purchases per clips, ManyVids transaction, OF mass message, OF post",365,9511.02,6383.7,17.49,2026-05-21,master content release date,high,61,5.98,104.65,2026-07-19,mapped,71,167,4673.22,2803.93,88,1759.12,1301.52,33,923.45,554.07,77,2155.23,1724.18,0,0.0,0.0
3,Video 0282,Diet Pills Gone Wrong,Video,"Clips4Sale, Curvage, ManyVids, OnlyFans","C4S title snapshot, Curvage Purchases per clips, Curvage title-count allocation, ManyVids transaction, OF mass message, OF post",335,5459.79,3825.1,11.42,2026-02-22,master content release date,high,149,2.25,25.67,2026-07-18,mapped,76,107,1603.22,961.93,162,2867.35,2125.74,18,269.7,161.82,48,719.52,575.61,0,0.0,0.0
4,Video 0284,Stuffed Girlfriend Gets Gassy,Video,"Clips4Sale, Curvage, ManyVids, OnlyFans","C4S title snapshot, Curvage Purchases per clips, Curvage title-count allocation, ManyVids transaction, OF mass message, OF post",211,4517.47,3074.63,14.57,2026-03-11,master content release date,high,132,1.6,23.29,2026-07-19,mapped,44,99,1978.35,1187.01,84,1979.45,1467.86,7,139.88,83.93,21,419.79,335.83,0,0.0,0.0
5,Video 0283,HR Fatty Makes You Her Feeder POV,Video,"Clips4Sale, Curvage, ManyVids, OnlyFans","C4S title snapshot, Curvage Purchases per clips, Curvage title-count allocation, ManyVids transaction, OF mass message",240,4105.24,2891.06,12.05,2026-03-04,master content release date,high,139,1.73,20.8,2026-07-17,mapped,65,58,1159.03,695.42,134,1986.76,1472.05,11,219.82,131.89,37,739.63,591.7,0,0.0,0.0
6,Video 0291,Greedy SSBBW Devours Roommates Leftovers,Video,"Clips4Sale, Curvage, ManyVids","C4S title snapshot, Curvage Purchases per clips, ManyVids transaction",116,4290.43,2862.94,24.68,2026-06-27,master content release date,high,24,4.83,119.29,2026-07-20,mapped,31,51,1886.15,1131.69,54,1997.46,1487.16,11,406.82,244.09,0,0.0,0.0,0,0.0,0.0
7,Video 0281,Gassy Giantess Gobbles You Up,Video,"Clips4Sale, Curvage, ManyVids, OnlyFans","C4S title snapshot, Curvage Purchases per clips, Curvage title-count allocation, ManyVids transaction, OF mass message, OF post",153,4042.47,2746.33,17.95,2026-01-30,master content release date,high,172,0.89,15.97,2026-07-14,mapped,28,80,1998.67,1199.2,31,994.26,737.48,6,149.9,89.94,36,899.64,719.71,0,0.0,0.0
8,Video 0285,Exercise After Gaining,Video,"Clips4Sale, Curvage, ManyVids, OnlyFans","C4S title snapshot, Curvage Purchases per clips, Curvage title-count allocation, ManyVids transaction, OF mass message",110,3423.3,2428.48,22.08,2026-04-06,master content release date,high,106,1.04,22.91,2026-07-19,mapped,40,28,783.53,470.12,58,1968.06,1460.17,7,195.88,117.53,17,475.83,380.66,0,0.0,0.0
9,Video 0288,Gaining SSBBW Wants to Reach 600lbs,Video,"Clips4Sale, Curvage, ManyVids, OnlyFans","C4S title snapshot, Curvage Purchases per clips, Curvage title-count allocation, ManyVids transaction, OF mass message",154,3271.04,2295.62,14.91,2026-05-04,master content release date,high,78,1.97,29.43,2026-07-19,mapped,45,44,879.27,527.56,66,1512.3,1120.44,14,279.77,167.86,30,599.7,479.76,0,0.0,0.0
10,Video 0271,Co-workers' Revenge: Cake Stuffing and Rapid Growth,Video,"Clips4Sale, Curvage, ManyVids","C4S title snapshot, Curvage Purchases per clips, Curvage title-count allocation, ManyVids transaction",80,2612.31,1771.26,22.14,2025-07-21,master content release date,high,365,0.22,4.85,2026-07-16,mapped,40,38,1063.37,638.02,38,1437.01,1066.08,4,111.93,67.16,0,0.0,0.0,0,0.0,0.0
11,Video 0279,Greedy SSBBW Stuffs Whole Thanksgiving Dinner,Video,"Clips4Sale, Curvage, ManyVids","C4S title snapshot, Curvage Purchases per clips, Curvage title-count allocation, ManyVids transaction",68,2555.21,1764.48,25.95,2025-12-01,master content release date,high,232,0.29,7.61,2026-07-20,mapped,39,27,863.55,518.13,39,1627.69,1207.97,2,63.97,38.38,0,0.0,0.0,0,0.0,0.0
12,Video 0290,Fucking Your Stuffed SSBBW Girlfriend POV,Video,"Clips4Sale, ManyVids, OnlyFans","C4S title snapshot, ManyVids transaction, OF mass message",115,2420.25,1557.1,13.54,2026-06-11,master content release date,high,40,2.88,38.93,2026-07-19,mapped,23,69,1454.85,872.91,0,0.0,0.0,21,440.65,264.39,25,524.75,419.8,0,0.0,0.0
13,Video 0286,Stuffed and Horny,Video,"Clips4Sale, ManyVids","C4S title snapshot, ManyVids transaction",58,2145.04,1287.02,22.19,2026-04-20,master content release date,high,92,0.63,13.99,2026-07-11,mapped,12,47,1738.22,1042.93,0,0.0,0.0,11,406.82,244.09,0,0.0,0.0,0,0.0,0.0
14,Video 0280,Ex GF Got Fat - Holiday Hookup,Video,"Clips4Sale, Curvage, ManyVids","C4S title snapshot, Curvage Purchases per clips, ManyVids transaction",86,1880.58,1133.04,13.17,2025-12-26,master content release date,high,207,0.42,5.47,2026-07-06,mapped,14,73,1604.78,962.87,2,33.98,25.08,11,241.82,145.09,0,0.0,0.0,0,0.0,0.0
15,Video 0287,The Diet of a Gaining SSBBW,Video,"Clips4Sale, Curvage, ManyVids, OnlyFans","C4S title snapshot, Curvage Purchases per clips, ManyVids transaction, OF mass message, OF post",60,1679.16,1129.03,18.82,2026-04-27,master content release date,high,85,0.71,13.28,2026-07-18,mapped,12,34,951.43,570.86,8,223.92,166.32,2,55.97,33.58,16,447.84,358.27,0,0.0,0.0
16,exact-title:gaining-ssbbw-weigh-in-heavier-than-ever,Gaining SSBBW Weigh-In: Heavier Than Ever,Video,"Clips4Sale, Curvage, ManyVids","C4S title snapshot, Curvage Purchases per clips, ManyVids transaction",45,1664.36,1084.15,24.09,2026-07-19,C4S date added,medium,2,22.5,542.08,2026-07-20,auto exact-title,11,21,776.65,465.99,16,591.84,440.64,8,295.87,177.52,0,0.0,0.0,0,0.0,0.0
17,Video 0267,SSBBW Burps and Farts While Stuffing,Video,"Clips4Sale, Curvage, ManyVids","C4S title snapshot, Curvage Purchases per clips, Curvage title-count allocation, ManyVids transaction",34,1373.92,895.27,26.33,2025-04-16,master content release date,high,461,0.07,1.94,2026-07-13,mapped,15,20,699.67,419.8,9,499.33,370.52,5,174.92,104.95,0,0.0,0.0,0,0.0,0.0
18,unmapped:modelcentro:1-month-membership,1 Month Membership,,ModelCentro,ModelCentro transaction,64,1279.36,845.36,13.21,2026-01-02,sale date,low,200,0.32,4.23,2026-07-18,needs mapping,64,0,0.0,0.0,0,0.0,0.0,0,0.0,0.0,0,0.0,0.0,64,1279.36,845.36
19,unmapped:onlyfans:woke-up-starving-but-everything-is-closed-good-thing-my-roommate-has-a,"Woke up starving but everything is closed! Good thing my roommate has a ton of leftovers in the fridge. 👀 I plan to only take a few bites, but quickly lose control devouring everything in sight! Suddenly her alarm goes off, I try to cover u",,OnlyFans,"OF mass message, OF post",27,998.73,798.98,29.59,2026-06-28,OF message sent date,medium,23,1.17,34.74,2026-07-18,needs mapping,2,0,0.0,0.0,0,0.0,0.0,0,0.0,0.0,27,998.73,798.98,0,0.0,0.0
20,Video 0111,Stuffing My Face With Pizza,Video,"ManyVids, OnlyFans","ManyVids transaction, OF mass message, OF post",25,902.74,719.2,28.77,2020-10-24,master content release date,high,2096,0.01,0.34,2026-07-18,mapped,3,0,0.0,0.0,0,0.0,0.0,1,14.98,8.99,24,887.76,710.21,0,0.0,0.0
21,unmapped:onlyfans:since-my-recent-video-where-i-gave-you-a-real-peek-inside-my-kitchen-c,"Since my recent video where I gave you a real peek inside my kitchen cabinets and talked candidly about my eating habits, it seems that you wanted to hear more! I've ordered dinner from my favorite Thai place, and I'm here to tell you more",,OnlyFans,OF post,20,739.8,591.84,29.59,2026-07-19,OF post date,medium,2,10.0,295.92,2026-07-19,needs mapping,1,0,0.0,0.0,0,0.0,0.0,0,0.0,0.0,20,739.8,591.84,0,0.0,0.0
22,Video 0277,Dorothy Returns to Oz POV,Video,"Clips4Sale, ManyVids, OnlyFans","C4S title snapshot, ManyVids transaction, OF post",32,767.51,494.09,15.44,2025-11-14,master content release date,high,249,0.13,1.98,2026-07-19,mapped,11,16,383.73,230.24,0,0.0,0.0,9,215.85,129.51,7,167.93,134.34,0,0.0,0.0
23,Video 0273,SSBBW Squashes You Under Ass and Feet,Video,"Clips4Sale, Curvage, ManyVids","C4S title snapshot, Curvage Purchases per clips, Curvage title-count allocation, ManyVids transaction",27,708.15,469.12,17.37,2025-08-09,master content release date,high,346,0.08,1.36,2026-06-19,mapped,8,20,359.67,215.8,5,312.51,231.74,2,35.97,21.58,0,0.0,0.0,0,0.0,0.0
24,Video 0266,Stuffing Until I'm Stuck,Video,"Clips4Sale, Curvage","C4S title snapshot, Curvage Purchases per clips, Curvage title-count allocation",19,575.21,377.42,19.86,2025-04-11,master content release date,high,466,0.04,0.81,2026-07-18,mapped,8,12,347.8,208.68,7,227.41,168.74,0,0.0,0.0,0,0.0,0.0,0,0.0,0.0
25,Video 0270,Neighbor Gets Bred,Video,"Clips4Sale, ManyVids","C4S title snapshot, ManyVids transaction",29,608.51,365.11,12.59,2025-06-10,master content release date,high,406,0.07,0.9,2026-07-18,mapped,8,22,461.63,276.98,0,0.0,0.0,7,146.88,88.13,0,0.0,0.0,0,0.0,0.0
26,Video 0278,Therapist Turns You Into a Feeder Part 3,Video,"Clips4Sale, Curvage, ManyVids","C4S title snapshot, Curvage Purchases per clips, ManyVids transaction",19,569.69,346.11,18.22,2025-11-19,master content release date,high,244,0.08,1.42,2026-07-10,mapped,3,17,509.72,305.83,1,29.99,22.29,1,29.98,17.99,0,0.0,0.0,0,0.0,0.0
27,Video 0259,Boyfriend Gets Vored,Video,"Clips4Sale, Curvage, ManyVids","C4S title snapshot, Curvage Purchases per clips, Curvage title-count allocation, ManyVids transaction",19,492.11,340.03,17.9,2024-12-23,master content release date,high,575,0.03,0.59,2026-07-19,mapped,14,6,131.9,79.14,11,316.24,234.51,2,43.97,26.38,0,0.0,0.0,0,0.0,0.0
28,Video 0241,Stuffing and Makeout POV,Video,"Clips4Sale, Curvage","C4S title snapshot, Curvage Purchases per clips, Curvage title-count allocation",19,502.45,337.29,17.75,2024-07-01,master content release date,high,750,0.03,0.45,2026-06-15,mapped,10,10,249.83,149.9,9,252.62,187.39,0,0.0,0.0,0,0.0,0.0,0,0.0,0.0
29,Video 0261,Wife Wants to Stop Gaining the Reboot,Video,"Clips4Sale, ManyVids","C4S title snapshot, ManyVids transaction",23,505.62,303.37,13.19,2025-02-20,master content release date,high,516,0.04,0.59,2026-07-14,mapped,7,17,373.72,224.23,0,0.0,0.0,6,131.9,79.14,0,0.0,0.0,0,0.0,0.0
30,unmapped:onlyfans:your-wife-comes-home-and-doesn-t-even-glance-at-you-before-tearing-int,"Your wife comes home and doesn't even glance at you before tearing into her family size bucket of chicken! Unlock if you love stroking to the sultry sounds of chewing, burping, and farts! 🍗",,OnlyFans,OF post,22,351.78,281.42,12.79,2026-02-01,OF post date,medium,170,0.13,1.66,2026-02-01,needs mapping,1,0,0.0,0.0,0,0.0,0.0,0,0.0,0.0,22,351.78,281.42,0,0.0,0.0
31,Video 0264,After-Gym Stuffing,Video,"Clips4Sale, Curvage, ManyVids","C4S title snapshot, Curvage Purchases per clips, Curvage title-count allocation, ManyVids transaction",18,403.79,268.25,14.9,2025-03-10,master content release date,high,498,0.04,0.54,2026-06-23,mapped,9,10,199.83,119.9,7,183.98,136.36,1,19.98,11.99,0,0.0,0.0,0,0.0,0.0
32,Video 0254,SSBBW Smokes After Thanksgiving Stuffing,Video,"Clips4Sale, Curvage","C4S title snapshot, Curvage Purchases per clips, Curvage title-count allocation",11,346.29,235.69,21.43,2024-11-29,master content release date,high,599,0.02,0.39,2026-07-06,mapped,7,5,149.92,89.95,6,196.37,145.74,0,0.0,0.0,0,0.0,0.0,0,0.0,0.0
33,Video 0276,Hungry Girlfriend Ignores You,Video,"Clips4Sale, Curvage, ManyVids","C4S title snapshot, Curvage Purchases per clips, ManyVids transaction",23,367.63,227.17,9.88,2025-10-18,master content release date,high,276,0.08,0.82,2026-07-06,mapped,8,16,255.73,153.44,3,47.97,35.37,4,63.93,38.36,0,0.0,0.0,0,0.0,0.0
34,Video 0249,SSBBW Ex Wants to Get Pregnant,Video,"Clips4Sale, ManyVids","C4S title snapshot, ManyVids transaction",27,377.55,226.53,8.39,2024-10-27,master content release date,high,632,0.04,0.36,2026-07-18,mapped,10,18,251.7,151.02,0,0.0,0.0,9,125.85,75.51,0,0.0,0.0,0,0.0,0.0
35,Video 0243,Hotel Concierge Fucking POV,Video,"Clips4Sale, ManyVids","C4S title snapshot, ManyVids transaction",20,359.66,215.8,10.79,2024-07-10,master content release date,high,741,0.03,0.29,2026-07-10,mapped,8,13,233.78,140.27,0,0.0,0.0,7,125.88,75.53,0,0.0,0.0,0,0.0,0.0
36,unmapped:modelcentro:12-month-membership-best-value,12 Month Membership - Best Value!,,ModelCentro,ModelCentro transaction,2,312.0,210.6,105.3,2026-01-20,sale date,low,182,0.01,1.16,2026-05-09,needs mapping,2,0,0.0,0.0,0,0.0,0.0,0,0.0,0.0,0,0.0,0.0,2,312.0,210.6
37,Video 0256,Mutual Gaining Fantasy,Video,"Clips4Sale, Curvage, ManyVids","C4S title snapshot, Curvage Purchases per clips, Curvage title-count allocation, ManyVids transaction",13,329.37,208.91,16.07,2024-12-05,master content release date,high,593,0.02,0.35,2026-07-19,mapped,5,9,224.85,134.91,3,79.54,59.01,1,24.98,14.99,0,0.0,0.0,0,0.0,0.0
38,Video 0268,Work Meeting Masturbation,Video,"Clips4Sale, ManyVids","C4S title snapshot, ManyVids transaction",15,329.75,197.85,13.19,2025-04-23,master content release date,high,454,0.03,0.44,2026-03-19,mapped,3,13,285.78,171.47,0,0.0,0.0,2,43.97,26.38,0,0.0,0.0,0,0.0,0.0
39,Video 0203,Friends With Benefits,Video,"Clips4Sale, ManyVids, ModelCentro","C4S title snapshot, ManyVids transaction, ModelCentro transaction",19,314.71,193.29,10.17,2023-11-18,master content release date,high,976,0.02,0.2,2026-07-02,mapped,9,11,186.82,112.09,0,0.0,0.0,4,67.93,40.76,0,0.0,0.0,4,59.96,40.44
40,Video 0275,Fitting My Fat Body,Video,Clips4Sale,C4S title snapshot,10,279.83,167.9,16.79,2025-09-14,master content release date,high,310,0.03,0.54,2025-09-15,mapped,1,10,279.83,167.9,0,0.0,0.0,0,0.0,0.0,0,0.0,0.0,0,0.0,0.0
41,Video 0221,Magical Belly Growth and Riding POV,Video,"Clips4Sale, ManyVids","C4S title snapshot, ManyVids transaction",12,275.8,165.48,13.79,2024-03-31,master content release date,high,842,0.01,0.2,2026-07-17,mapped,4,9,206.85,124.11,0,0.0,0.0,3,68.95,41.37,0,0.0,0.0,0,0.0,0.0
42,Video 0228,Worship My Sweaty Ass,Video,"Clips4Sale, ManyVids","C4S title snapshot, ManyVids transaction",13,272.79,163.67,12.59,2024-04-22,master content release date,high,820,0.02,0.2,2026-05-10,mapped,3,11,230.82,138.49,0,0.0,0.0,2,41.97,25.18,0,0.0,0.0,0,0.0,0.0
43,Video 0248,SSBBW Girlfriend Grows into 14-foot Giantess,Video,"Clips4Sale, Curvage","C4S title snapshot, Curvage Purchases per clips",12,263.81,161.38,13.45,2024-10-25,master content release date,high,634,0.02,0.25,2026-07-16,mapped,2,11,241.82,145.09,1,21.99,16.29,0,0.0,0.0,0,0.0,0.0,0,0.0,0.0
44,Video 0225,Squirting on the First Date,Video,"Clips4Sale, ManyVids","C4S title snapshot, ManyVids transaction",10,254.83,152.9,15.29,2024-04-10,master content release date,high,832,0.01,0.18,2026-05-31,mapped,4,7,188.88,113.33,0,0.0,0.0,3,65.95,39.57,0,0.0,0.0,0,0.0,0.0
45,Video 0255,Worship My Sweaty Fat,Video,"Clips4Sale, ManyVids","C4S title snapshot, ManyVids transaction",10,249.83,149.9,14.99,2024-12-04,master content release date,high,594,0.02,0.25,2026-04-02,mapped,2,9,224.85,134.91,0,0.0,0.0,1,24.98,14.99,0,0.0,0.0,0,0.0,0.0
46,Video 0263,SSBBW Rips Leggings and Fucks Pussy,Video,"Clips4Sale, ManyVids","C4S title snapshot, ManyVids transaction",12,239.8,143.88,11.99,2025-03-02,master content release date,high,506,0.02,0.28,2026-05-31,mapped,4,9,179.85,107.91,0,0.0,0.0,3,59.95,35.97,0,0.0,0.0,0,0.0,0.0
47,Video 0247,Anniversary Fuck POV,Video,"Clips4Sale, ManyVids","C4S title snapshot, ManyVids transaction",12,239.8,143.88,11.99,2024-07-25,master content release date,high,726,0.02,0.2,2026-07-16,mapped,7,6,119.9,71.94,0,0.0,0.0,6,119.9,71.94,0,0.0,0.0,0,0.0,0.0
48,Video 0257,Cum for My Fat Part 2,Video,"Clips4Sale, ManyVids","C4S title snapshot, ManyVids transaction",13,229.78,137.87,10.61,2024-12-11,master content release date,high,587,0.02,0.23,2026-06-16,mapped,5,9,161.85,97.11,0,0.0,0.0,4,67.93,40.76,0,0.0,0.0,0,0.0,0.0
49,Video 0258,Measurements and Weigh-In,Video,"Clips4Sale, Curvage","C4S title snapshot, Curvage Purchases per clips, Curvage title-count allocation",5,197.23,136.46,27.29,2024-12-18,master content release date,high,580,0.01,0.24,2026-06-12,mapped,4,2,69.97,41.98,3,127.26,94.48,0,0.0,0.0,0,0.0,0.0,0,0.0,0.0
50,unmapped:modelcentro:3-month-membership,3 Month Membership,,ModelCentro,ModelCentro transaction,4,200.0,135.0,33.75,2026-01-05,sale date,low,197,0.02,0.69,2026-07-04,needs mapping,4,0,0.0,0.0,0,0.0,0.0,0,0.0,0.0,0,0.0,0.0,4,200.0,135.0
51,Video 0186,Chair Breaking Under Huge SSBBW,Video,"Clips4Sale, Curvage","C4S title snapshot, Curvage Purchases per clips",9,219.86,134.71,14.97,2023-06-21,master content release date,high,1126,0.01,0.12,2026-05-21,mapped,2,8,199.87,119.92,1,19.99,14.79,0,0.0,0.0,0,0.0,0.0,0,0.0,0.0
52,Video 0274,Pantyhose Pussy Licking and Toe Sucking,Video,"Clips4Sale, ManyVids","C4S title snapshot, ManyVids transaction",10,219.84,131.9,13.19,2025-08-16,master content release date,high,339,0.03,0.39,2026-06-19,mapped,3,8,175.87,105.52,0,0.0,0.0,2,43.97,26.38,0,0.0,0.0,0,0.0,0.0
53,Video 0177,Fat Dom GF Makes you Clean Sweaty Ass and Pussy,Video,"Clips4Sale, ManyVids, ModelCentro","C4S title snapshot, ManyVids transaction, ModelCentro transaction",14,215.78,131.26,9.38,2023-05-03,master content release date,high,1175,0.01,0.11,2026-07-02,mapped,4,11,175.82,105.49,0,0.0,0.0,1,15.98,9.59,0,0.0,0.0,2,23.98,16.18
54,Video 0235,Your Therapist Turns You Into a Feeder Part 1,Video,"Clips4Sale, ManyVids","C4S title snapshot, ManyVids transaction",8,199.86,119.92,14.99,2024-05-16,master content release date,high,796,0.01,0.15,2026-07-06,mapped,2,7,174.88,104.93,0,0.0,0.0,1,24.98,14.99,0,0.0,0.0,0,0.0,0.0
55,Video 0232,Your Wife Accidentally Gains,Video,"Clips4Sale, ManyVids","C4S title snapshot, ManyVids transaction",8,196.86,118.12,14.77,2024-05-06,master content release date,high,806,0.01,0.15,2026-06-07,mapped,2,7,174.88,104.93,0,0.0,0.0,1,21.98,13.19,0,0.0,0.0,0,0.0,0.0
56,Video 0265,Dripping Wet Strip Tease,Video,Clips4Sale,C4S title snapshot,8,175.87,105.52,13.19,2025-03-14,master content release date,high,494,0.02,0.21,2025-03-17,mapped,1,8,175.87,105.52,0,0.0,0.0,0,0.0,0.0,0,0.0,0.0,0,0.0,0.0
57,Video 0216,Horny SSBBW Succubus Grows for Your Cum POV,Video,"Clips4Sale, Curvage","C4S title snapshot, Curvage Purchases per clips, Curvage title-count allocation",8,156.17,104.99,13.12,2024-03-10,master content release date,high,863,0.01,0.12,2026-06-20,mapped,5,4,75.93,45.56,4,80.24,59.43,0,0.0,0.0,0,0.0,0.0,0,0.0,0.0
58,Video 0272,Smoking a cigarette in an outgrown shirt,Video,Clips4Sale,C4S title snapshot,9,170.85,102.51,11.39,2025-07-27,master content release date,high,359,0.03,0.29,2025-07-28,mapped,1,9,170.85,102.51,0,0.0,0.0,0,0.0,0.0,0,0.0,0.0,0,0.0,0.0
59,Video 0245,Belly Worship to Keep Your Job,Video,"Clips4Sale, Curvage, ManyVids","C4S title snapshot, Curvage Purchases per clips, ManyVids transaction",10,159.85,100.3,10.03,2024-07-18,master content release date,high,733,0.01,0.14,2026-05-29,mapped,5,6,95.9,57.54,2,31.98,23.58,2,31.97,19.18,0,0.0,0.0,0,0.0,0.0
60,Video 0244,Impregnation Fantasy Chat,Video,"Clips4Sale, Curvage","C4S title snapshot, Curvage Purchases per clips, Curvage title-count allocation",10,152.32,98.03,9.8,2024-07-11,master content release date,high,740,0.01,0.13,2026-07-02,mapped,4,7,104.88,62.93,3,47.44,35.1,0,0.0,0.0,0,0.0,0.0,0,0.0,0.0
61,Video 0218,Seducing You Into Impregnation,Video,"Clips4Sale, ManyVids","C4S title snapshot, ManyVids transaction",9,152.85,91.71,10.19,2024-03-15,master content release date,high,858,0.01,0.11,2026-05-31,mapped,4,6,101.9,61.14,0,0.0,0.0,3,50.95,30.57,0,0.0,0.0,0,0.0,0.0
62,Video 0252,Resist Temptation or Get Swallowed,Video,"Clips4Sale, ManyVids","C4S title snapshot, ManyVids transaction",6,149.9,89.94,14.99,2024-11-16,master content release date,high,612,0.01,0.15,2026-05-14,mapped,2,5,124.92,74.95,0,0.0,0.0,1,24.98,14.99,0,0.0,0.0,0,0.0,0.0
63,Video 0262,Voyeur Watches Me Get Ready,Video,"Clips4Sale, ManyVids","C4S title snapshot, ManyVids transaction",7,147.88,88.73,12.68,2025-02-28,master content release date,high,508,0.01,0.17,2026-06-12,mapped,2,6,125.9,75.54,0,0.0,0.0,1,21.98,13.19,0,0.0,0.0,0,0.0,0.0
64,Video 0194,SSBBW Car Struggles and Topless Driving,Video,Clips4Sale,C4S title snapshot,7,146.88,88.13,12.59,2023-08-31,master content release date,high,1055,0.01,0.08,2023-09-07,mapped,1,7,146.88,88.13,0,0.0,0.0,0,0.0,0.0,0,0.0,0.0,0,0.0,0.0
65,Video 0153,Fat Party Girl Gets the Wrong Room,Video,"Clips4Sale, ManyVids, ModelCentro","C4S title snapshot, ManyVids transaction, ModelCentro transaction",17,143.41,87.84,5.17,2021-11-14,master content release date,high,1710,0.01,0.05,2026-07-06,mapped,7,11,71.5,42.9,0,0.0,0.0,4,47.93,28.76,0,0.0,0.0,2,23.98,16.18
66,Video 0260,Gaining for Daddy,Video,"Clips4Sale, Curvage","C4S title snapshot, Curvage Purchases per clips",6,139.91,86.74,14.46,2025-02-17,master content release date,high,519,0.01,0.17,2026-05-12,mapped,2,5,119.92,71.95,1,19.99,14.79,0,0.0,0.0,0,0.0,0.0,0,0.0,0.0
67,unmapped:onlyfans:straight-from-the-bowl-to-your-tongue-clean-up-toilet-slut,Straight from the bowl to your tongue. Clean up toilet slut 👅,,OnlyFans,OF direct message,1,100.0,80.0,80.0,2026-03-11,OF message sent date,medium,132,0.01,0.61,2026-03-11,needs mapping,1,0,0.0,0.0,0,0.0,0.0,0,0.0,0.0,1,100.0,80.0,0,0.0,0.0
68,Video 0250,Soda Chug and Burping,Video,Curvage,"Curvage Purchases per clips, Curvage title-count allocation",4,106.94,79.33,19.83,2024-10-30,master content release date,high,629,0.01,0.13,2026-07-06,mapped,4,0,0.0,0.0,4,106.94,79.33,0,0.0,0.0,0,0.0,0.0,0,0.0,0.0
69,Video 0253,Fresh Squeezed Fruit Crush,Video,Clips4Sale,C4S title snapshot,6,131.9,79.14,13.19,2024-11-20,master content release date,high,608,0.01,0.13,2024-11-24,mapped,1,6,131.9,79.14,0,0.0,0.0,0,0.0,0.0,0,0.0,0.0,0,0.0,0.0
70,Video 0269,Therapist Turns You Into a Feeder Part 2,Video,"Clips4Sale, Curvage","C4S title snapshot, Curvage Purchases per clips",5,124.92,78.5,15.7,2025-04-27,master content release date,high,450,0.01,0.17,2026-07-06,mapped,2,4,99.93,59.96,1,24.99,18.54,0,0.0,0.0,0,0.0,0.0,0,0.0,0.0
71,Video 0191,Tight Clothes Make Growing SSBBW Horny,Video,"Clips4Sale, ModelCentro","C4S title snapshot, ModelCentro transaction",8,117.9,75.97,9.5,2023-07-31,master content release date,high,1086,0.01,0.07,2026-07-06,mapped,6,3,47.95,28.77,0,0.0,0.0,0,0.0,0.0,0,0.0,0.0,5,69.95,47.2
72,Video 0233,Your Fave Hookup Got Fat,Video,"Clips4Sale, Curvage","C4S title snapshot, Curvage Purchases per clips",6,117.91,75.44,12.57,2024-05-10,master content release date,high,802,0.01,0.09,2026-07-06,mapped,3,4,83.93,50.36,2,33.98,25.08,0,0.0,0.0,0,0.0,0.0,0,0.0,0.0
73,Video 0209,Morning SSBBW Fuck POV Solo,Video,"Clips4Sale, ManyVids","C4S title snapshot, ManyVids transaction",7,118.88,71.33,10.19,2023-12-29,master content release date,high,935,0.01,0.08,2026-03-13,mapped,2,6,101.9,61.14,0,0.0,0.0,1,16.98,10.19,0,0.0,0.0,0,0.0,0.0
74,Video 0251,Cum for My Fat,Video,Clips4Sale,C4S title snapshot,7,118.88,71.33,10.19,2024-11-13,master content release date,high,615,0.01,0.12,2024-11-14,mapped,1,7,118.88,71.33,0,0.0,0.0,0,0.0,0.0,0,0.0,0.0,0,0.0,0.0
75,unmapped:onlyfans:you-have-been-such-a-good-boy-i-love-to-see-you-beg-for-me,"You have been such a good boy, I love to see you beg for me.",,OnlyFans,OF direct message,1,85.0,68.0,68.0,2026-03-11,OF message sent date,medium,132,0.01,0.52,2026-03-11,needs mapping,1,0,0.0,0.0,0,0.0,0.0,0,0.0,0.0,1,85.0,68.0,0,0.0,0.0
76,Video 0199,Vibe Until I Cum,Video,"Clips4Sale, ManyVids, ModelCentro","C4S title snapshot, ManyVids transaction, ModelCentro transaction",8,109.88,67.86,8.48,2023-10-05,master content release date,high,1020,0.01,0.07,2026-07-18,mapped,4,5,69.92,41.95,0,0.0,0.0,1,13.98,8.39,0,0.0,0.0,2,25.98,17.52
77,unmapped:onlyfans:i-love-how-much-i-ve-gained-over-the-years-and-i-thought-you-might-wan,"I love how much I've gained over the years, and I thought you might want to hear how it's impacted the way I exercise. Hang out with me while I smoke and chat about moving in a massive 530lb body! 🏋🏻‍♀️💪",,OnlyFans,OF post,3,83.97,67.18,22.39,2026-07-18,OF post date,medium,3,1.0,22.39,2026-07-18,needs mapping,1,0,0.0,0.0,0,0.0,0.0,0,0.0,0.0,3,83.97,67.18,0,0.0,0.0
78,Video 0237,Horny SSBBW Jiggles for Your Cum,Video,Clips4Sale,C4S title snapshot,6,107.9,64.74,10.79,2024-06-14,master content release date,high,767,0.01,0.08,2024-06-14,mapped,1,6,107.9,64.74,0,0.0,0.0,0,0.0,0.0,0,0.0,0.0,0,0.0,0.0
79,Video 0239,SSBBW Giantess Rubs Pussy on You,Video,"Clips4Sale, ManyVids","C4S title snapshot, ManyVids transaction",7,104.88,62.93,8.99,2024-06-21,master content release date,high,760,0.01,0.08,2026-04-21,mapped,2,6,89.9,53.94,0,0.0,0.0,1,14.98,8.99,0,0.0,0.0,0,0.0,0.0
80,Video 0162,POV Morning Sex,Video,"Clips4Sale, ManyVids, ModelCentro","C4S title snapshot, ManyVids transaction, ModelCentro transaction",11,99.93,61.59,5.6,2022-03-29,master content release date,high,1575,0.01,0.04,2026-07-08,mapped,6,6,39.0,23.4,0,0.0,0.0,3,38.95,23.37,0,0.0,0.0,2,21.98,14.82
81,Video 0207,SSBBW Gets Stuck in the Doorway,Video,"Clips4Sale, ManyVids","C4S title snapshot, ManyVids transaction",6,101.9,61.14,10.19,2023-12-17,master content release date,high,947,0.01,0.06,2026-07-06,mapped,2,5,84.92,50.95,0,0.0,0.0,1,16.98,10.19,0,0.0,0.0,0,0.0,0.0
82,Video 0215,Heavy Hanging Belly,Video,"Clips4Sale, ManyVids","C4S title snapshot, ManyVids transaction",7,97.88,58.73,8.39,2024-03-09,master content release date,high,864,0.01,0.07,2026-07-18,mapped,5,3,41.95,25.17,0,0.0,0.0,4,55.93,33.56,0,0.0,0.0,0,0.0,0.0
83,Video 0234,Fucking My Creamy Fat Pussy,Video,ManyVids,ManyVids transaction,8,95.87,57.52,7.19,2024-05-13,master content release date,high,799,0.01,0.07,2026-06-27,mapped,8,0,0.0,0.0,0,0.0,0.0,8,95.87,57.52,0,0.0,0.0,0,0.0,0.0
84,Video 0163,Kneel and Eat My Fat Pussy,Video,"Clips4Sale, ManyVids, ModelCentro","C4S title snapshot, ManyVids transaction, ModelCentro transaction",7,92.44,56.66,8.09,2022-05-07,master content release date,high,1536,0.0,0.04,2026-07-13,mapped,5,3,25.5,15.3,0,0.0,0.0,3,50.95,30.57,0,0.0,0.0,1,15.99,10.79
85,unmapped:onlyfans:onlyfans-message-36849649720,OnlyFans message 36849649720,,OnlyFans,OF direct message,1,70.0,56.0,56.0,2026-03-10,OF message sent date,medium,133,0.01,0.42,2026-03-10,needs mapping,1,0,0.0,0.0,0,0.0,0.0,0,0.0,0.0,1,70.0,56.0,0,0.0,0.0
86,Video 0187,Fat Girl Walks in Sexy Black Bodystocking,Video,"Clips4Sale, ManyVids","C4S title snapshot, ManyVids transaction",5,90.91,54.55,10.91,2023-07-07,master content release date,high,1110,0.0,0.05,2026-05-16,mapped,2,4,75.93,45.56,0,0.0,0.0,1,14.98,8.99,0,0.0,0.0,0,0.0,0.0
87,unmapped:onlyfans:you-surprised-your-girlfriend-with-her-favorite-treats-and-it-turned-o,You surprised your girlfriend with her favorite treats and it turned out just how you planned - with her face and pussy stuffed 🧁🥵,,OnlyFans,OF post,3,62.97,50.38,16.79,2026-07-18,OF post date,medium,3,1.0,16.79,2026-07-18,needs mapping,1,0,0.0,0.0,0,0.0,0.0,0,0.0,0.0,3,62.97,50.38,0,0.0,0.0
88,Video 0119,Your Cum Makes Me Gain,Video,"Clips4Sale, ManyVids","C4S title snapshot, ManyVids transaction",7,83.89,50.33,7.19,2021-01-03,master content release date,high,2025,0.0,0.02,2026-06-13,mapped,3,5,59.92,35.95,0,0.0,0.0,2,23.97,14.38,0,0.0,0.0,0,0.0,0.0
89,unmapped:onlyfans:yes-that-s-suchhh-a-good-boy-you-belong-only-to-me-you-exist-to-worshi,"Yes that’s suchhh a good boy. You belong only to me, you exist to worship my fat, swallow those big stinky logs, and drink from my dripping pussy. Imagine if I even let you stick your cock into my stinky dirty asshole. Coating it completely",,OnlyFans,OF direct message,1,60.0,48.0,48.0,2026-03-11,OF message sent date,medium,132,0.01,0.36,2026-03-11,needs mapping,1,0,0.0,0.0,0,0.0,0.0,0,0.0,0.0,1,60.0,48.0,0,0.0,0.0
90,Video 0242,Crawling Back to Your Fat Mistress,Video,"Clips4Sale, ManyVids","C4S title snapshot, ManyVids transaction",6,77.9,46.74,7.79,2024-07-04,master content release date,high,747,0.01,0.06,2026-06-13,mapped,3,4,51.93,31.16,0,0.0,0.0,2,25.97,15.58,0,0.0,0.0,0,0.0,0.0
91,Video 0171,Milkshake and Soda Bloated Belly Belching,Video,"Clips4Sale, Curvage","C4S title snapshot, Curvage Purchases per clips, Curvage title-count allocation",7,68.03,46.66,6.67,2023-01-17,master content release date,high,1281,0.01,0.04,2026-07-02,mapped,4,4,26.0,15.6,3,42.03,31.06,0,0.0,0.0,0,0.0,0.0,0,0.0,0.0
92,Video 0223,Growing SSBBW Stuffs 5000 Calories While Sitting on You POV 🤤🌮,Video,Clips4Sale,C4S title snapshot,3,74.95,44.97,14.99,2024-04-01,master content release date,high,841,0.0,0.05,2024-04-08,mapped,1,3,74.95,44.97,0,0.0,0.0,0,0.0,0.0,0,0.0,0.0,0,0.0,0.0
93,Video 0231,Large Pizza and Fat Pussy,Video,Clips4Sale,C4S title snapshot,3,74.95,44.97,14.99,2024-05-02,master content release date,high,810,0.0,0.06,2024-05-05,mapped,1,3,74.95,44.97,0,0.0,0.0,0,0.0,0.0,0,0.0,0.0,0,0.0,0.0
94,Video 0195,SSBBW Loves Being Bigger Than You,Video,Clips4Sale,C4S title snapshot,4,71.93,43.16,10.79,2023-09-03,master content release date,high,1052,0.0,0.04,2023-09-03,mapped,1,4,71.93,43.16,0,0.0,0.0,0,0.0,0.0,0,0.0,0.0,0,0.0,0.0
95,exact-title:chargeback-forgiveness-106266925,Chargeback Forgiveness 106266925,Video,Clips4Sale,C4S title snapshot,3,69.95,41.97,13.99,2025-12-27,C4S date added,medium,206,0.01,0.2,2025-12-27,auto exact-title,1,3,69.95,41.97,0,0.0,0.0,0,0.0,0.0,0,0.0,0.0,0,0.0,0.0
96,Video 0208,SSBBW Mrs Claus Lets You Eat Ass and Pussy,Video,"Clips4Sale, ManyVids","C4S title snapshot, ManyVids transaction",5,69.92,41.95,8.39,2023-12-27,master content release date,high,937,0.01,0.04,2026-05-31,mapped,3,3,41.95,25.17,0,0.0,0.0,2,27.97,16.78,0,0.0,0.0,0,0.0,0.0
97,Video 0206,Bigger Than You Tease Part 2,Video,"Clips4Sale, ManyVids","C4S title snapshot, ManyVids transaction",4,67.93,40.76,10.19,2023-12-11,master content release date,high,953,0.0,0.04,2026-04-06,mapped,2,3,50.95,30.57,0,0.0,0.0,1,16.98,10.19,0,0.0,0.0,0,0.0,0.0
98,Video 0211,Room Service Stuffing,Video,"Curvage, OnlyFans","Curvage Purchases per clips, OF direct message",2,51.99,40.29,20.14,2024-01-17,master content release date,high,916,0.0,0.04,2026-07-17,mapped,2,0,0.0,0.0,1,21.99,16.29,0,0.0,0.0,1,30.0,24.0,0,0.0,0.0
99,Video 0201,Witch's Brew,Video,"Clips4Sale, ManyVids","C4S title snapshot, ManyVids transaction",4,63.94,38.36,9.59,2023-10-18,master content release date,high,1007,0.0,0.04,2026-05-16,mapped,3,2,31.97,19.18,0,0.0,0.0,2,31.97,19.18,0,0.0,0.0,0,0.0,0.0
100,Video 0227,Cuckolded By Your Feedee Girlfriend,Video,Clips4Sale,C4S title snapshot,4,63.93,38.36,9.59,2024-04-20,master content release date,high,822,0.0,0.05,2024-04-21,mapped,1,4,63.93,38.36,0,0.0,0.0,0,0.0,0.0,0,0.0,0.0,0,0.0,0.0
101,Video 0143,Stripper Lets You Fuck in VIP - POV solo,Video,"Clips4Sale, ManyVids, ModelCentro","C4S title snapshot, ManyVids transaction, ModelCentro transaction",6,58.95,37.82,6.3,2021-09-03,master content release date,high,1782,0.0,0.02,2026-06-07,mapped,5,2,13.0,7.8,0,0.0,0.0,1,12.98,7.79,0,0.0,0.0,3,32.97,22.23
102,Video 0238,SSBBW Oiled Up Jiggling and Bouncing,Video,"Clips4Sale, ManyVids","C4S title snapshot, ManyVids transaction",3,60.95,36.57,12.19,2024-06-14,master content release date,high,767,0.0,0.05,2026-04-17,mapped,3,1,20.98,12.59,0,0.0,0.0,2,39.97,23.98,0,0.0,0.0,0,0.0,0.0
103,Video 0240,Gaining SSBBW Makes Her Buttons Pop,Video,"Clips4Sale, ManyVids","C4S title snapshot, ManyVids transaction",4,59.93,35.96,8.99,2024-06-25,master content release date,high,756,0.01,0.05,2026-04-06,mapped,2,3,44.95,26.97,0,0.0,0.0,1,14.98,8.99,0,0.0,0.0,0,0.0,0.0
104,Video 0246,Secretly Watching Masturbation,Video,Clips4Sale,C4S title snapshot,4,59.93,35.96,8.99,2024-07-22,master content release date,high,729,0.01,0.05,2024-07-24,mapped,1,4,59.93,35.96,0,0.0,0.0,0,0.0,0.0,0,0.0,0.0,0,0.0,0.0
105,Video 0098,Cover You In Cum POV,Video,Clips4Sale,C4S title snapshot,6,59.9,35.94,5.99,2020-08-02,master content release date,high,2179,0.0,0.02,2020-11-11,mapped,1,6,59.9,35.94,0,0.0,0.0,0,0.0,0.0,0,0.0,0.0,0,0.0,0.0
106,Video 0077,BBW Twerks and Fucks With Toy,Video,ModelCentro,ModelCentro transaction,4,51.96,35.04,8.76,2020-04-01,master content release date,high,2302,0.0,0.02,2026-07-06,mapped,4,0,0.0,0.0,0,0.0,0.0,0,0.0,0.0,0,0.0,0.0,4,51.96,35.04
107,unmapped:onlyfans:onlyfans-message-39435921652,OnlyFans message 39435921652,,OnlyFans,OF direct message,1,40.0,32.0,32.0,2026-04-30,OF message sent date,medium,82,0.01,0.39,2026-04-30,needs mapping,1,0,0.0,0.0,0,0.0,0.0,0,0.0,0.0,1,40.0,32.0,0,0.0,0.0
108,unmapped:onlyfans:onlyfans-message-39433209237,OnlyFans message 39433209237,,OnlyFans,OF direct message,1,40.0,32.0,32.0,2026-04-30,OF message sent date,medium,82,0.01,0.39,2026-04-30,needs mapping,1,0,0.0,0.0,0,0.0,0.0,0,0.0,0.0,1,40.0,32.0,0,0.0,0.0
109,exact-title:1-month-club-renewal,1 Month Club Renewal,Video,ManyVids,ManyVids transaction,4,39.95,31.96,7.99,2026-02-28,sale date,low,143,0.03,0.22,2026-05-14,auto exact-title,4,0,0.0,0.0,0,0.0,0.0,4,39.95,31.96,0,0.0,0.0,0,0.0,0.0
110,Video 0167,SSBBW Giantess GFE,Video,Clips4Sale,C4S title snapshot,6,51.0,30.6,5.1,2022-12-16,master content release date,high,1313,0.0,0.02,2022-12-29,mapped,1,6,51.0,30.6,0,0.0,0.0,0,0.0,0.0,0,0.0,0.0,0,0.0,0.0
111,Video 0222,Fatter Than the Pictures,Video,Clips4Sale,C4S title snapshot,3,50.95,30.57,10.19,2024-04-01,master content release date,high,841,0.0,0.04,2024-04-03,mapped,1,3,50.95,30.57,0,0.0,0.0,0,0.0,0.0,0,0.0,0.0,0,0.0,0.0
112,Video 0126,Creampie My Pussy,Video,"ManyVids, ModelCentro","ManyVids transaction, ModelCentro transaction",3,48.96,30.49,10.16,2021-03-25,master content release date,high,1944,0.0,0.02,2026-06-04,mapped,3,0,0.0,0.0,0,0.0,0.0,2,33.97,20.38,0,0.0,0.0,1,14.99,10.11
113,Video 0146,Feedee BBW Wants to Stop Gaining POV,Video,"Clips4Sale, ManyVids","C4S title snapshot, ManyVids transaction",4,49.97,29.98,7.5,2021-09-23,master content release date,high,1762,0.0,0.02,2026-07-06,mapped,3,2,18.0,10.8,0,0.0,0.0,2,31.97,19.18,0,0.0,0.0,0,0.0,0.0
114,Video 0174,Bouncing on Your Cock,Video,"Clips4Sale, ManyVids","C4S title snapshot, ManyVids transaction",6,48.98,29.39,4.9,2023-03-15,master content release date,high,1224,0.0,0.02,2026-04-06,mapped,2,5,35.0,21.0,0,0.0,0.0,1,13.98,8.39,0,0.0,0.0,0,0.0,0.0
115,Video 0079,Horny Pillow Grinding,Video,"Clips4Sale, ManyVids","C4S title snapshot, ManyVids transaction",5,48.91,29.35,5.87,2020-04-11,master content release date,high,2292,0.0,0.01,2026-04-17,mapped,2,4,39.93,23.96,0,0.0,0.0,1,8.98,5.39,0,0.0,0.0,0,0.0,0.0
116,exact-title:ssbbw-stuffs-burgers-pov-vision-pro,SSBBW Stuffs Burgers POV (VISION PRO),Video,Clips4Sale,C4S title snapshot,2,47.97,28.78,14.39,2024-04-12,C4S date added,medium,830,0.0,0.03,2024-04-12,auto exact-title,1,2,47.97,28.78,0,0.0,0.0,0,0.0,0.0,0,0.0,0.0,0,0.0,0.0
117,Video 0214,SSBBW Jiggles Fat Thighs and Ass,Video,Clips4Sale,C4S title snapshot,3,47.95,28.77,9.59,2024-02-22,master content release date,high,880,0.0,0.03,2024-02-25,mapped,1,3,47.95,28.77,0,0.0,0.0,0,0.0,0.0,0,0.0,0.0,0,0.0,0.0
118,Video 0145,Spread and Begging for Anal,Video,"Clips4Sale, ManyVids, ModelCentro","C4S title snapshot, ManyVids transaction, ModelCentro transaction",5,45.97,28.4,5.68,2021-09-17,master content release date,high,1768,0.0,0.02,2026-04-22,mapped,3,3,21.0,12.6,0,0.0,0.0,1,13.98,8.39,0,0.0,0.0,1,10.99,7.41
119,unmapped:onlyfans:every-second-of-your-day-is-spent-day-dreaming-of-my-holes-spread-wide,"Every second of your day is spent day dreaming of my holes spread wide and ready to pummel you with farts, and fill you with all the stinky fudge and sweet juices. No matter what you’re doing, your goddess is the top of your mind aren’t I?",,OnlyFans,OF direct message,1,35.0,28.0,28.0,2026-03-11,OF message sent date,medium,132,0.01,0.21,2026-03-11,needs mapping,1,0,0.0,0.0,0,0.0,0.0,0,0.0,0.0,1,35.0,28.0,0,0.0,0.0
120,unmapped:onlyfans:onlyfans-message-36846236309,OnlyFans message 36846236309,,OnlyFans,OF direct message,1,35.0,28.0,28.0,2026-03-10,OF message sent date,medium,133,0.01,0.21,2026-03-10,needs mapping,1,0,0.0,0.0,0,0.0,0.0,0,0.0,0.0,1,35.0,28.0,0,0.0,0.0
121,Video 0224,Jiggling SSBBW Working Out in Lingerie,Video,Curvage,"Curvage Purchases per clips, Curvage title-count allocation",2,37.44,27.68,13.84,2024-04-10,master content release date,high,832,0.0,0.03,2026-07-04,mapped,2,0,0.0,0.0,2,37.44,27.68,0,0.0,0.0,0,0.0,0.0,0,0.0,0.0
122,Video 0160,Side-view Sucking and Riding,Video,"Clips4Sale, ManyVids","C4S title snapshot, ManyVids transaction",6,45.48,27.29,4.55,2022-02-16,master content release date,high,1616,0.0,0.02,2026-06-27,mapped,2,5,32.5,19.5,0,0.0,0.0,1,12.98,7.79,0,0.0,0.0,0,0.0,0.0
123,Video 0078,Fat Stripper Gives You a Lapdance,Video,"Clips4Sale, ManyVids","C4S title snapshot, ManyVids transaction",4,43.93,26.36,6.59,2020-04-05,master content release date,high,2298,0.0,0.01,2026-06-14,mapped,4,1,10.98,6.59,0,0.0,0.0,3,32.95,19.77,0,0.0,0.0,0,0.0,0.0
124,Video 0125,Underwater Body Jiggle,Video,"ManyVids, ModelCentro","ManyVids transaction, ModelCentro transaction",3,40.96,25.54,8.51,2021-03-14,master content release date,high,1955,0.0,0.01,2026-06-16,mapped,3,0,0.0,0.0,0,0.0,0.0,2,27.97,16.78,0,0.0,0.0,1,12.99,8.76
125,Video 0116,Red Satin Shorts Fat Booty Worship,Video,Clips4Sale,C4S title snapshot,6,41.9,25.14,4.19,2020-11-29,master content release date,high,2060,0.0,0.01,2021-01-18,mapped,1,6,41.9,25.14,0,0.0,0.0,0,0.0,0.0,0,0.0,0.0,0,0.0,0.0
126,Video 0150,Fat Naked Yoga,Video,"Clips4Sale, ManyVids","C4S title snapshot, ManyVids transaction",5,40.98,24.59,4.92,2021-10-19,master content release date,high,1736,0.0,0.01,2026-06-17,mapped,2,4,28.0,16.8,0,0.0,0.0,1,12.98,7.79,0,0.0,0.0,0,0.0,0.0
127,Video 0200,Gaining Cheerleader Girlfriend,Video,ModelCentro,ModelCentro transaction,2,35.98,24.28,12.14,2023-10-16,master content release date,high,1009,0.0,0.02,2026-07-02,mapped,2,0,0.0,0.0,0,0.0,0.0,0,0.0,0.0,0,0.0,0.0,2,35.98,24.28
128,unmapped:onlyfans:mmm-you-ll-lose-it-watching-this-one-josu-those-tiny-shorts-barely-cov,"Mmm you'll lose it watching this one, Josué.. those tiny shorts barely cover me while I stuff myself like a greedy goddess.. My belly just keeps growing with every bite",,OnlyFans,OF direct message,1,30.0,24.0,24.0,2026-04-06,OF message sent date,medium,106,0.01,0.23,2026-04-06,needs mapping,1,0,0.0,0.0,0,0.0,0.0,0,0.0,0.0,1,30.0,24.0,0,0.0,0.0
129,Video 0094,Smoking and Sensual Rubbing,Video,Clips4Sale,C4S title snapshot,4,39.93,23.96,5.99,2020-07-05,master content release date,high,2207,0.0,0.01,2020-11-14,mapped,1,4,39.93,23.96,0,0.0,0.0,0,0.0,0.0,0,0.0,0.0,0,0.0,0.0
130,Video 0157,Jumping on the Squeaky Bed,Video,Clips4Sale,C4S title snapshot,6,39.0,23.4,3.9,2021-12-21,master content release date,high,1673,0.0,0.01,2022-05-06,mapped,1,6,39.0,23.4,0,0.0,0.0,0,0.0,0.0,0,0.0,0.0,0,0.0,0.0
131,Video 0133,Squirting Dildo Riding and Facial Cumshot,Video,ManyVids,ManyVids transaction,3,38.95,23.37,7.79,2021-05-24,master content release date,high,1884,0.0,0.01,2026-05-16,mapped,3,0,0.0,0.0,0,0.0,0.0,3,38.95,23.37,0,0.0,0.0,0,0.0,0.0
132,Video 0159,Jean Shorts Face-Sitting,Video,"Clips4Sale, ManyVids","C4S title snapshot, ManyVids transaction",6,38.48,23.09,3.85,2022-01-28,master content release date,high,1635,0.0,0.01,2026-05-05,mapped,2,5,27.5,16.5,0,0.0,0.0,1,10.98,6.59,0,0.0,0.0,0,0.0,0.0
133,Video 0181,SSBBW Ass Worship in Thong and Tights,Video,ModelCentro,ModelCentro transaction,2,31.98,21.58,10.79,2023-05-30,master content release date,high,1148,0.0,0.02,2026-07-04,mapped,2,0,0.0,0.0,0,0.0,0.0,0,0.0,0.0,0,0.0,0.0,2,31.98,21.58
134,Video 0123,Getting Naughty at the Airbnb,Video,ManyVids,ManyVids transaction,3,35.95,21.57,7.19,2021-02-19,master content release date,high,1978,0.0,0.01,2026-07-06,mapped,3,0,0.0,0.0,0,0.0,0.0,3,35.95,21.57,0,0.0,0.0,0,0.0,0.0
135,Video 0053,Weight on Your Chest,Video,Clips4Sale,C4S title snapshot,3,35.95,21.57,7.19,2019-09-13,master content release date,high,2503,0.0,0.01,2020-10-25,mapped,1,3,35.95,21.57,0,0.0,0.0,0,0.0,0.0,0,0.0,0.0,0,0.0,0.0
136,Video 0183,Hot Fatty Stuffs a Dozen Ice Cream Sandwiches,Video,Curvage,"Curvage Purchases per clips, Curvage title-count allocation",3,28.71,21.04,7.01,2023-06-07,master content release date,high,1140,0.0,0.02,2026-07-06,mapped,3,0,0.0,0.0,3,28.71,21.04,0,0.0,0.0,0,0.0,0.0,0,0.0,0.0
137,Video 0170,SSBBW No Hands Cake Stuffing,Video,Clips4Sale,C4S title snapshot,5,35.0,21.0,4.2,2023-01-06,master content release date,high,1292,0.0,0.02,2023-01-06,mapped,1,5,35.0,21.0,0,0.0,0.0,0,0.0,0.0,0,0.0,0.0,0,0.0,0.0
138,Video 0148,Masturbating Together,Video,Clips4Sale,C4S title snapshot,4,34.0,20.4,5.1,2021-10-02,master content release date,high,1753,0.0,0.01,2021-11-22,mapped,1,4,34.0,20.4,0,0.0,0.0,0,0.0,0.0,0,0.0,0.0,0,0.0,0.0
139,Video 0229,Unaware SSBBW Smokes and Outgrows Clothes,Video,Clips4Sale,C4S title snapshot,2,33.97,20.38,10.19,2024-04-24,master content release date,high,818,0.0,0.02,2024-05-01,mapped,1,2,33.97,20.38,0,0.0,0.0,0,0.0,0.0,0,0.0,0.0,0,0.0,0.0
140,Video 0202,BBW Struts and Jiggles Out of My Jeans,Video,ModelCentro,ModelCentro transaction,2,29.98,20.22,10.11,2023-11-10,master content release date,high,984,0.0,0.02,2026-07-04,mapped,2,0,0.0,0.0,0,0.0,0.0,0,0.0,0.0,0,0.0,0.0,2,29.98,20.22
141,unmapped:onlyfans:maybe-something-more-like-this,Maybe something more like this? 🥵,,OnlyFans,OF direct message,1,25.0,20.0,20.0,2026-04-22,OF message sent date,medium,90,0.01,0.22,2026-04-22,needs mapping,1,0,0.0,0.0,0,0.0,0.0,0,0.0,0.0,1,25.0,20.0,0,0.0,0.0
142,unmapped:onlyfans:onlyfans-message-36848874574,OnlyFans message 36848874574,,OnlyFans,OF direct message,1,25.0,20.0,20.0,2026-03-10,OF message sent date,medium,133,0.01,0.15,2026-03-10,needs mapping,1,0,0.0,0.0,0,0.0,0.0,0,0.0,0.0,1,25.0,20.0,0,0.0,0.0
143,Video 0182,SSBBW Lingerie Tease and JOI w Countdown,Video,"Clips4Sale, ManyVids","C4S title snapshot, ManyVids transaction",2,31.96,19.18,9.59,2023-05-31,master content release date,high,1147,0.0,0.02,2026-06-13,mapped,2,1,16.98,10.19,0,0.0,0.0,1,14.98,8.99,0,0.0,0.0,0,0.0,0.0
144,Video 0220,Bouncing My Oiled-Up Fat,Video,"Clips4Sale, OnlyFans","C4S title snapshot, OF direct message",2,31.97,19.18,9.59,2024-03-23,master content release date,high,850,0.0,0.02,2026-04-06,mapped,2,2,31.97,19.18,0,0.0,0.0,0,0.0,0.0,0,0.0,0.0,0,0.0,0.0
145,exact-title:messy-piggy-stuffs-chocolate-cake,Messy piggy stuffs chocolate cake!,Video,Curvage,Curvage Purchases per clips,2,25.98,19.08,9.54,2026-05-12,sale date,low,70,0.03,0.27,2026-07-06,auto exact-title,2,0,0.0,0.0,2,25.98,19.08,0,0.0,0.0,0,0.0,0.0,0,0.0,0.0
146,Video 0058,Begging for Your Cock,Video,"ManyVids, OnlyFans","ManyVids transaction, OF direct message",2,23.98,18.19,9.09,2019-10-24,master content release date,high,2462,0.0,0.01,2026-05-02,mapped,2,0,0.0,0.0,0,0.0,0.0,1,4.98,2.99,1,19.0,15.2,0,0.0,0.0
147,Video 0097,Tight Dress Belly Bouncing,Video,"Clips4Sale, ManyVids","C4S title snapshot, ManyVids transaction",5,29.92,17.95,3.59,2020-07-26,master content release date,high,2186,0.0,0.01,2026-05-26,mapped,3,3,17.95,10.77,0,0.0,0.0,2,11.97,7.18,0,0.0,0.0,0,0.0,0.0
148,Video 0035,Big Horny Housewife,Video,ManyVids,ManyVids transaction,6,29.9,17.94,2.99,2018-10-11,master content release date,high,2840,0.0,0.01,2026-06-16,mapped,6,0,0.0,0.0,0,0.0,0.0,6,29.9,17.94,0,0.0,0.0,0,0.0,0.0
149,unmapped:onlyfans:fuuuck-yes-you-ll-make-your-goddess-very-happy-with-you-i-would-turn-y,"Fuuuck yes, you'll make your goddess very happy with you. I would turn you into my throne, let you dine on me and feel the power of all 530lbs of me. Could you handle that? 😈",,OnlyFans,OF direct message,1,22.0,17.6,17.6,2026-05-02,OF message sent date,medium,80,0.01,0.22,2026-05-02,needs mapping,1,0,0.0,0.0,0,0.0,0.0,0,0.0,0.0,1,22.0,17.6,0,0.0,0.0
150,unmapped:onlyfans:mmmm-i-was-hoping-you-d-say-that-cause-i-recorded-one-right-up-close-t,Mmmm I was hoping you'd say that! Cause I recorded one right up close that I think you'd love 🥵,,OnlyFans,OF direct message,1,22.0,17.6,17.6,2026-05-02,OF message sent date,medium,80,0.01,0.22,2026-05-02,needs mapping,1,0,0.0,0.0,0,0.0,0.0,0,0.0,0.0,1,22.0,17.6,0,0.0,0.0
151,unmapped:onlyfans:i-wanted-to-show-you-how-good-the-view-would-be,I wanted to show you how good the view would be 😈,,OnlyFans,OF direct message,1,22.0,17.6,17.6,2026-05-02,OF message sent date,medium,80,0.01,0.22,2026-05-02,needs mapping,1,0,0.0,0.0,0,0.0,0.0,0,0.0,0.0,1,22.0,17.6,0,0.0,0.0
152,Video 0176,Stuffing My Face with Fast Food,Video,Clips4Sale,C4S title snapshot,3,28.5,17.1,5.7,2023-04-25,master content release date,high,1183,0.0,0.01,2023-04-25,mapped,1,3,28.5,17.1,0,0.0,0.0,0,0.0,0.0,0,0.0,0.0,0,0.0,0.0
153,Video 0149,Dripping On Your Face,Video,"Clips4Sale, ManyVids","C4S title snapshot, ManyVids transaction",3,27.98,16.79,5.6,2021-10-09,master content release date,high,1746,0.0,0.01,2026-04-17,mapped,2,2,14.0,8.4,0,0.0,0.0,1,13.98,8.39,0,0.0,0.0,0,0.0,0.0
154,Video 0158,Hiding from the Holiday Party,Video,"Clips4Sale, ManyVids","C4S title snapshot, ManyVids transaction",3,27.98,16.79,5.6,2021-12-26,master content release date,high,1668,0.0,0.01,2026-02-25,mapped,2,2,14.0,8.4,0,0.0,0.0,1,13.98,8.39,0,0.0,0.0,0,0.0,0.0
155,exact-title:chargeback-forgiveness-106267173,Chargeback Forgiveness 106267173,Video,Clips4Sale,C4S title snapshot,1,27.98,16.79,16.79,2025-07-21,C4S date added,medium,365,0.0,0.05,2025-07-21,auto exact-title,1,1,27.98,16.79,0,0.0,0.0,0,0.0,0.0,0,0.0,0.0,0,0.0,0.0
156,Video 0188,SSBBW Solo POV BJ and Fuck,Video,ManyVids,ManyVids transaction,2,27.97,16.78,8.39,2023-07-21,master content release date,high,1096,0.0,0.02,2026-07-06,mapped,2,0,0.0,0.0,0,0.0,0.0,2,27.97,16.78,0,0.0,0.0,0,0.0,0.0
157,Video 0192,Fatty Chugs Three Large Milkshakes,Video,Clips4Sale,C4S title snapshot,1,26.98,16.19,16.19,2023-08-24,master content release date,high,1062,0.0,0.02,2023-08-31,mapped,1,1,26.98,16.19,0,0.0,0.0,0,0.0,0.0,0,0.0,0.0,0,0.0,0.0
158,unmapped:onlyfans:can-you-handle-that,Can you handle that? 😈,,OnlyFans,OF direct message,1,20.0,16.0,16.0,2026-05-06,OF message sent date,medium,76,0.01,0.21,2026-05-06,needs mapping,1,0,0.0,0.0,0,0.0,0.0,0,0.0,0.0,1,20.0,16.0,0,0.0,0.0
159,unmapped:onlyfans:i-d-keep-blasting-you-with-fucking-farts-baby-while-you-lick-that-puck,I’d keep blasting you with fucking farts baby while you lick that puckering hole just like this 🤤,,OnlyFans,OF direct message,1,20.0,16.0,16.0,2026-05-01,OF message sent date,medium,81,0.01,0.2,2026-05-01,needs mapping,1,0,0.0,0.0,0,0.0,0.0,0,0.0,0.0,1,20.0,16.0,0,0.0,0.0
160,unmapped:onlyfans:onlyfans-message-39431304991,OnlyFans message 39431304991,,OnlyFans,OF direct message,1,20.0,16.0,16.0,2026-04-30,OF message sent date,medium,82,0.01,0.2,2026-04-30,needs mapping,1,0,0.0,0.0,0,0.0,0.0,0,0.0,0.0,1,20.0,16.0,0,0.0,0.0
161,unmapped:onlyfans:oh-it-totally-is-you-ll-lose-it-seeing-where-i-started-these-pics-are-,Oh it totally is 😏 you'll lose it seeing where I started.. these pics are from way before I grew into the greedy goddess I am now 💜 wanna see the difference?,,OnlyFans,OF direct message,1,20.0,16.0,16.0,2026-04-06,OF message sent date,medium,106,0.01,0.15,2026-04-06,needs mapping,1,0,0.0,0.0,0,0.0,0.0,0,0.0,0.0,1,20.0,16.0,0,0.0,0.0
162,unmapped:onlyfans:onlyfans-message-36880948785,OnlyFans message 36880948785,,OnlyFans,OF direct message,1,20.0,16.0,16.0,2026-03-10,OF message sent date,medium,133,0.01,0.12,2026-03-10,needs mapping,1,0,0.0,0.0,0,0.0,0.0,0,0.0,0.0,1,20.0,16.0,0,0.0,0.0
163,unmapped:onlyfans:can-t-get-over-how-massive-i-look-in-this-video-check-your-messages-th,"Can't get over how massive I look in this video! Check your messages, this is an unlock you don't want to miss! 😍",,OnlyFans,OF post,0,20.0,16.0,,2026-01-31,OF post date,medium,171,0.0,0.09,2026-01-31,needs mapping,1,0,0.0,0.0,0,0.0,0.0,0,0.0,0.0,0,20.0,16.0,0,0.0,0.0
164,Video 0130,Riding Your Face and Your Cock POV,Video,"ManyVids, ModelCentro","ManyVids transaction, ModelCentro transaction",2,24.97,15.8,7.9,2021-04-29,master content release date,high,1909,0.0,0.01,2026-05-22,mapped,2,0,0.0,0.0,0,0.0,0.0,1,13.98,8.39,0,0.0,0.0,1,10.99,7.41
165,Video 0165,BBW Catwalk Bounce and Tease in Heels,Video,"Clips4Sale, ManyVids","C4S title snapshot, ManyVids transaction",2,25.98,15.59,7.79,2022-11-29,master content release date,high,1330,0.0,0.01,2026-04-06,mapped,2,1,9.0,5.4,0,0.0,0.0,1,16.98,10.19,0,0.0,0.0,0,0.0,0.0
166,Video 0124,Stroke and Cum Together,Video,Clips4Sale,C4S title snapshot,2,25.97,15.58,7.79,2021-03-04,master content release date,high,1965,0.0,0.01,2021-04-22,mapped,1,2,25.97,15.58,0,0.0,0.0,0,0.0,0.0,0,0.0,0.0,0,0.0,0.0
167,Video 0128,BBW Striptease and Lapdance POV,Video,Clips4Sale,C4S title snapshot,2,25.97,15.58,7.79,2021-04-04,master content release date,high,1934,0.0,0.01,2021-05-24,mapped,1,2,25.97,15.58,0,0.0,0.0,0,0.0,0.0,0,0.0,0.0,0,0.0,0.0
168,Video 0121,Smoky BJ and Pussy Vibe,Video,Clips4Sale,C4S title snapshot,2,25.97,15.58,7.79,2021-01-27,master content release date,high,2001,0.0,0.01,2021-03-25,mapped,1,2,25.97,15.58,0,0.0,0.0,0,0.0,0.0,0,0.0,0.0,0,0.0,0.0
169,Video 0142,Cumming is the Best Exercise,Video,"Clips4Sale, ModelCentro","C4S title snapshot, ModelCentro transaction",3,23.99,15.21,5.07,2021-08-29,master content release date,high,1787,0.0,0.01,2026-01-01,mapped,2,2,13.0,7.8,0,0.0,0.0,0,0.0,0.0,0,0.0,0.0,1,10.99,7.41
170,unmapped:onlyfans:i-loooove-having-my-ass-eaten-i-d-have-it-spread-nice-and-wide-for-you,I loooove having my ass eaten 😈 I'd have it spread nice and wide for you just like this... 🥵,,OnlyFans,OF direct message,1,19.0,15.2,15.2,2026-05-01,OF message sent date,medium,81,0.01,0.19,2026-05-01,needs mapping,1,0,0.0,0.0,0,0.0,0.0,0,0.0,0.0,1,19.0,15.2,0,0.0,0.0
171,unmapped:onlyfans:yesss-baby-look-how-fucking-delicious-my-spread-ass-looks-i-m-gonna-bu,Yesss baby 🥵 Look how fucking delicious my spread ass looks. I'm gonna bury your face with it 😏,,OnlyFans,OF direct message,1,19.0,15.2,15.2,2026-05-01,OF message sent date,medium,81,0.01,0.19,2026-05-01,needs mapping,1,0,0.0,0.0,0,0.0,0.0,0,0.0,0.0,1,19.0,15.2,0,0.0,0.0
172,Video 0236,Teasing You in My Mini Skirt,Video,"Clips4Sale, ManyVids","C4S title snapshot, ManyVids transaction",2,24.96,14.98,7.49,2024-06-07,master content release date,high,774,0.0,0.02,2026-04-17,mapped,2,1,13.98,8.39,0,0.0,0.0,1,10.98,6.59,0,0.0,0.0,0,0.0,0.0
173,Video 0059,Not in Kansas,Video,ManyVids,ManyVids transaction,5,24.92,14.95,2.99,2019-11-01,master content release date,high,2454,0.0,0.01,2026-06-28,mapped,5,0,0.0,0.0,0,0.0,0.0,5,24.92,14.95,0,0.0,0.0,0,0.0,0.0
174,Video 0213,Jiggly Fatty Struts for You,Video,"Clips4Sale, Curvage","C4S title snapshot, Curvage Purchases per clips",2,23.97,14.93,7.46,2024-02-09,master content release date,high,893,0.0,0.02,2026-05-22,mapped,2,1,18.98,11.39,1,4.99,3.54,0,0.0,0.0,0,0.0,0.0,0,0.0,0.0
175,Video 0204,SSBBW Babe Gobbles Entire Pie,Video,Clips4Sale,C4S title snapshot,1,23.98,14.39,14.39,2023-11-27,master content release date,high,967,0.0,0.01,2023-11-27,mapped,1,1,23.98,14.39,0,0.0,0.0,0,0.0,0.0,0,0.0,0.0,0,0.0,0.0
176,Video 0092,POV Fucking and Sucking,Video,ManyVids,ManyVids transaction,2,23.97,14.38,7.19,2020-06-14,master content release date,high,2228,0.0,0.01,2026-05-23,mapped,2,0,0.0,0.0,0,0.0,0.0,2,23.97,14.38,0,0.0,0.0,0,0.0,0.0
177,Video 0064,Oiled-Up Bouncing,Video,Clips4Sale,C4S title snapshot,2,23.97,14.38,7.19,2019-11-29,master content release date,high,2426,0.0,0.01,2020-10-30,mapped,1,2,23.97,14.38,0,0.0,0.0,0,0.0,0.0,0,0.0,0.0,0,0.0,0.0
178,Video 0102,Hot Pink Catwalk and Fat Bouncing,Video,"Clips4Sale, ManyVids","C4S title snapshot, ManyVids transaction",3,23.95,14.37,4.79,2020-08-23,master content release date,high,2158,0.0,0.01,2026-06-21,mapped,3,1,7.98,4.79,0,0.0,0.0,2,15.97,9.58,0,0.0,0.0,0,0.0,0.0
179,Video 0197,Worship My Fat SSBBW Body,Video,Clips4Sale,C4S title snapshot,1,22.98,13.79,13.79,2023-09-20,master content release date,high,1035,0.0,0.01,2023-09-22,mapped,1,1,22.98,13.79,0,0.0,0.0,0,0.0,0.0,0,0.0,0.0,0,0.0,0.0
180,unmapped:onlyfans:i-just-want-to-be-a-cum-filled-slut-for-you-baby-imagine-us-fucking-li,"I just want to be a cum filled slut for you baby, imagine us fucking like this.. have you seen it? 😈",,OnlyFans,OF direct message,1,17.0,13.6,13.6,2026-03-30,OF message sent date,medium,113,0.01,0.12,2026-03-30,needs mapping,1,0,0.0,0.0,0,0.0,0.0,0,0.0,0.0,1,17.0,13.6,0,0.0,0.0
181,Video 0135,Fat Jiggly Ass,Video,"ManyVids, ModelCentro","ManyVids transaction, ModelCentro transaction",2,20.97,13.33,6.67,2021-06-12,master content release date,high,1865,0.0,0.01,2026-02-25,mapped,2,0,0.0,0.0,0,0.0,0.0,1,10.98,6.59,0,0.0,0.0,1,9.99,6.74
182,exact-title:chargeback-forgiveness-109127975,Chargeback Forgiveness 109127975,Video,Clips4Sale,C4S title snapshot,1,21.98,13.19,13.19,2025-02-24,C4S date added,medium,512,0.0,0.03,2025-02-24,auto exact-title,1,1,21.98,13.19,0,0.0,0.0,0,0.0,0.0,0,0.0,0.0,0,0.0,0.0
183,exact-title:chargeback-forgiveness-106266719,Chargeback Forgiveness 106266719,Video,Clips4Sale,C4S title snapshot,1,21.98,13.19,13.19,2024-10-25,C4S date added,medium,634,0.0,0.02,2024-10-25,auto exact-title,1,1,21.98,13.19,0,0.0,0.0,0,0.0,0.0,0,0.0,0.0,0,0.0,0.0
184,Video 0110,Solo Shower Sex,Video,"Clips4Sale, ManyVids","C4S title snapshot, ManyVids transaction",2,21.96,13.18,6.59,2020-10-18,master content release date,high,2102,0.0,0.01,2026-04-06,mapped,2,1,10.98,6.59,0,0.0,0.0,1,10.98,6.59,0,0.0,0.0,0,0.0,0.0
185,Video 0109,Come Back to Bed POV,Video,ManyVids,ManyVids transaction,2,21.97,13.18,6.59,2020-10-11,master content release date,high,2109,0.0,0.01,2026-07-07,mapped,2,0,0.0,0.0,0,0.0,0.0,2,21.97,13.18,0,0.0,0.0,0,0.0,0.0
186,Video 0061,Fuck Me POV,Video,"ManyVids, ModelCentro","ManyVids transaction, ModelCentro transaction",2,19.97,13.1,6.55,2019-11-13,master content release date,high,2442,0.0,0.01,2026-06-14,mapped,2,0,0.0,0.0,0,0.0,0.0,1,4.98,2.99,0,0.0,0.0,1,14.99,10.11
187,Video 0151,Fat Tease and Fucking,Video,"Clips4Sale, ManyVids","C4S title snapshot, ManyVids transaction",2,20.98,12.59,6.29,2021-10-25,master content release date,high,1730,0.0,0.01,2026-05-26,mapped,2,1,7.0,4.2,0,0.0,0.0,1,13.98,8.39,0,0.0,0.0,0,0.0,0.0
188,Video 0057,Touring My Fat Jiggly Body,Video,"Clips4Sale, ManyVids","C4S title snapshot, ManyVids transaction",3,20.95,12.57,4.19,2019-10-23,master content release date,high,2463,0.0,0.01,2026-04-17,mapped,3,1,10.98,6.59,0,0.0,0.0,2,9.97,5.98,0,0.0,0.0,0,0.0,0.0
189,Video 0147,Donut Stuffing and Glass Dildo Riding,Video,"Clips4Sale, ModelCentro","C4S title snapshot, ModelCentro transaction",2,18.99,12.29,6.14,2021-09-26,master content release date,high,1759,0.0,0.01,2026-01-22,mapped,2,1,7.0,4.2,0,0.0,0.0,0,0.0,0.0,0,0.0,0.0,1,11.99,8.09
190,unmapped:onlyfans:maybe-you-could-start-eating-that-fat-ass-for-me-and-encourage-all-tho,Maybe you could start eating that fat ass for me and encourage all those farts come to the surface? 🥵,,OnlyFans,OF direct message,1,15.0,12.0,12.0,2026-05-02,OF message sent date,medium,80,0.01,0.15,2026-05-02,needs mapping,1,0,0.0,0.0,0,0.0,0.0,0,0.0,0.0,1,15.0,12.0,0,0.0,0.0
191,unmapped:onlyfans:onlyfans-message-39484540697,OnlyFans message 39484540697,,OnlyFans,OF direct message,1,15.0,12.0,12.0,2026-05-01,OF message sent date,medium,81,0.01,0.15,2026-05-01,needs mapping,1,0,0.0,0.0,0,0.0,0.0,0,0.0,0.0,1,15.0,12.0,0,0.0,0.0
192,Video 0099,Fattened Up For Master Part II,Video,ManyVids,ManyVids transaction,1,19.98,11.99,11.99,2020-08-05,master content release date,high,2176,0.0,0.01,2026-06-04,mapped,1,0,0.0,0.0,0,0.0,0.0,1,19.98,11.99,0,0.0,0.0,0,0.0,0.0
193,Video 0096,Fattened Up For Master,Video,ManyVids,ManyVids transaction,1,19.98,11.99,11.99,2020-07-21,master content release date,high,2191,0.0,0.01,2026-07-06,mapped,1,0,0.0,0.0,0,0.0,0.0,1,19.98,11.99,0,0.0,0.0,0,0.0,0.0
194,Video 0069,Fatty in the Shower,Video,"Clips4Sale, ManyVids","C4S title snapshot, ManyVids transaction",2,19.96,11.98,5.99,2020-01-14,master content release date,high,2380,0.0,0.01,2026-06-04,mapped,2,1,9.98,5.99,0,0.0,0.0,1,9.98,5.99,0,0.0,0.0,0,0.0,0.0
195,Video 0056,Chubby Squirting Pussy,Video,ManyVids,ManyVids transaction,4,19.93,11.96,2.99,2019-10-05,master content release date,high,2481,0.0,0.0,2026-04-30,mapped,4,0,0.0,0.0,0,0.0,0.0,4,19.93,11.96,0,0.0,0.0,0,0.0,0.0
196,Video 0173,Fatty Catwalks in Blue Lace and Heels,Video,Clips4Sale,C4S title snapshot,2,19.0,11.4,5.7,2023-03-09,master content release date,high,1230,0.0,0.01,2023-03-09,mapped,1,2,19.0,11.4,0,0.0,0.0,0,0.0,0.0,0,0.0,0.0,0,0.0,0.0
197,unmapped:onlyfans:i-want-you-to-start-with-these-nudes-open-them-up-and-tell-me-exactly-,"I want you to start with these nudes, open them up and tell me exactly how you would please your goddess 🥵",,OnlyFans,OF direct message,1,14.0,11.2,11.2,2026-05-02,OF message sent date,medium,80,0.01,0.14,2026-05-02,needs mapping,1,0,0.0,0.0,0,0.0,0.0,0,0.0,0.0,1,14.0,11.2,0,0.0,0.0
198,Video 0198,Naked Fatty Tells You How to Stroke,Video,Clips4Sale,C4S title snapshot,1,17.98,10.79,10.79,2023-10-05,master content release date,high,1020,0.0,0.01,2023-10-12,mapped,1,1,17.98,10.79,0,0.0,0.0,0,0.0,0.0,0,0.0,0.0,0,0.0,0.0
199,Video 0072,Jiggly Catwalk,Video,Clips4Sale,C4S title snapshot,2,17.97,10.78,5.39,2020-02-16,master content release date,high,2347,0.0,0.0,2020-11-03,mapped,1,2,17.97,10.78,0,0.0,0.0,0,0.0,0.0,0,0.0,0.0,0,0.0,0.0
200,Video 0080,Cum in My Hairy Pussy,Video,"ManyVids, ModelCentro","ManyVids transaction, ModelCentro transaction",2,15.97,10.33,5.17,2020-04-19,master content release date,high,2284,0.0,0.0,2026-04-22,mapped,2,0,0.0,0.0,0,0.0,0.0,1,5.98,3.59,0,0.0,0.0,1,9.99,6.74
201,Video 0152,Feeling Myself in the Mirror,Video,Clips4Sale,C4S title snapshot,2,17.0,10.2,5.1,2021-11-08,master content release date,high,1716,0.0,0.01,2021-12-25,mapped,1,2,17.0,10.2,0,0.0,0.0,0,0.0,0.0,0,0.0,0.0,0,0.0,0.0
202,Video 0184,SSBBW Shiny Slippery Oil Play,Video,ManyVids,ManyVids transaction,1,16.98,10.19,10.19,2023-06-13,master content release date,high,1134,0.0,0.01,2026-06-08,mapped,1,0,0.0,0.0,0,0.0,0.0,1,16.98,10.19,0,0.0,0.0,0,0.0,0.0
203,Video 0139,Oiling Up My Fat,Video,ManyVids,ManyVids transaction,1,16.98,10.19,10.19,2021-07-12,master content release date,high,1835,0.0,0.01,2026-04-06,mapped,1,0,0.0,0.0,0,0.0,0.0,1,16.98,10.19,0,0.0,0.0,0,0.0,0.0
204,Video 0219,Messy Whipped Cream Tits,Video,Clips4Sale,C4S title snapshot,1,16.98,10.19,10.19,2024-03-18,master content release date,high,855,0.0,0.01,2024-03-20,mapped,1,1,16.98,10.19,0,0.0,0.0,0,0.0,0.0,0,0.0,0.0,0,0.0,0.0
205,exact-title:chargeback-forgiveness-106573449,Chargeback Forgiveness 106573449,Video,Clips4Sale,C4S title snapshot,1,16.98,10.19,10.19,2024-05-01,C4S date added,medium,811,0.0,0.01,2024-05-01,auto exact-title,1,1,16.98,10.19,0,0.0,0.0,0,0.0,0.0,0,0.0,0.0,0,0.0,0.0
206,Video 0140,Dildo Fucking My Wet and Drippy Pussy,Video,Clips4Sale,C4S title snapshot,1,16.98,10.19,10.19,2021-08-08,master content release date,high,1808,0.0,0.01,2021-10-02,mapped,1,1,16.98,10.19,0,0.0,0.0,0,0.0,0.0,0,0.0,0.0,0,0.0,0.0
207,Video 0144,Sweaty Fatty Makes You Lick Her Crevices,Video,ModelCentro,ModelCentro transaction,1,14.99,10.11,10.11,2021-09-06,master content release date,high,1779,0.0,0.01,2026-01-01,mapped,1,0,0.0,0.0,0,0.0,0.0,0,0.0,0.0,0,0.0,0.0,1,14.99,10.11
208,Video 0168,SSBBW Black Bikini Catwalk in Heels,Video,Clips4Sale,C4S title snapshot,2,16.0,9.6,4.8,2022-12-17,master content release date,high,1312,0.0,0.01,2022-12-29,mapped,1,2,16.0,9.6,0,0.0,0.0,0,0.0,0.0,0,0.0,0.0,0,0.0,0.0
209,unmapped:onlyfans:wanna-see-how-good-i-look-with-my-legs-spread-for-you,Wanna see how good I look with my legs spread for you? 😈,,OnlyFans,OF direct message,1,12.0,9.6,9.6,2026-05-01,OF message sent date,medium,81,0.01,0.12,2026-05-01,needs mapping,2,0,0.0,0.0,0,0.0,0.0,0,0.0,0.0,1,12.0,9.6,0,0.0,0.0
210,Video 0122,Persimmon Season - Ripe Series vol. 1,Video,ManyVids,ManyVids transaction,1,15.98,9.59,9.59,2021-01-31,master content release date,high,1997,0.0,0.0,2026-06-13,mapped,1,0,0.0,0.0,0,0.0,0.0,1,15.98,9.59,0,0.0,0.0,0,0.0,0.0
211,Video 0091,Snack Cake Stuffing,Video,Clips4Sale,C4S title snapshot,1,15.98,9.59,9.59,2020-06-07,master content release date,high,2235,0.0,0.0,2020-11-09,mapped,1,1,15.98,9.59,0,0.0,0.0,0,0.0,0.0,0,0.0,0.0,0,0.0,0.0
212,exact-title:bbw-covered-in-oil-full-nude-version,BBW Covered in Oil - Full Nude Version,Video,ManyVids,ManyVids transaction,2,15.97,9.58,4.79,2026-04-17,sale date,low,95,0.02,0.1,2026-06-04,auto exact-title,2,0,0.0,0.0,0,0.0,0.0,2,15.97,9.58,0,0.0,0.0,0,0.0,0.0
213,Video 0082,Flopping My Fat Around,Video,"Clips4Sale, ManyVids","C4S title snapshot, ManyVids transaction",2,15.96,9.58,4.79,2020-04-25,master content release date,high,2278,0.0,0.0,2026-04-17,mapped,2,1,7.98,4.79,0,0.0,0.0,1,7.98,4.79,0,0.0,0.0,0,0.0,0.0
214,exact-title:greedy-fatty-gets-messy-stuffing-cake,Greedy fatty gets messy stuffing cake!,Video,Curvage,Curvage Purchases per clips,1,12.99,9.54,9.54,2026-05-12,sale date,low,70,0.01,0.14,2026-05-12,auto exact-title,1,0,0.0,0.0,1,12.99,9.54,0,0.0,0.0,0,0.0,0.0,0,0.0,0.0
215,Video 0120,Fat Nut on My Tits,Video,Clips4Sale,C4S title snapshot,1,14.98,8.99,8.99,2021-01-10,master content release date,high,2018,0.0,0.0,2021-03-04,mapped,1,1,14.98,8.99,0,0.0,0.0,0,0.0,0.0,0,0.0,0.0,0,0.0,0.0
216,Video 0042,Lady in Black,Video,ManyVids,ManyVids transaction,3,14.95,8.97,2.99,2019-03-21,master content release date,high,2679,0.0,0.0,2026-06-04,mapped,3,0,0.0,0.0,0,0.0,0.0,3,14.95,8.97,0,0.0,0.0,0,0.0,0.0
217,Video 0047,Fat Girl in Skimpy Lingerie,Video,ManyVids,ManyVids transaction,3,14.95,8.97,2.99,2019-05-28,master content release date,high,2611,0.0,0.0,2026-05-26,mapped,3,0,0.0,0.0,0,0.0,0.0,3,14.95,8.97,0,0.0,0.0,0,0.0,0.0
218,Video 0037,Fat Goddess Fucks Pussy,Video,ManyVids,ManyVids transaction,3,14.95,8.97,2.99,2018-11-19,master content release date,high,2801,0.0,0.0,2026-05-26,mapped,3,0,0.0,0.0,0,0.0,0.0,3,14.95,8.97,0,0.0,0.0,0,0.0,0.0
219,Video 0156,Fuck Me in the Window,Video,Clips4Sale,C4S title snapshot,2,14.0,8.4,4.2,2021-12-06,master content release date,high,1688,0.0,0.0,2022-03-24,mapped,1,2,14.0,8.4,0,0.0,0.0,0,0.0,0.0,0,0.0,0.0,0,0.0,0.0
220,Video 0196,Fat Fitness Instructor Causes Shaking,Video,Clips4Sale,C4S title snapshot,1,13.98,8.39,8.39,2023-09-06,master content release date,high,1049,0.0,0.01,2023-09-07,mapped,1,1,13.98,8.39,0,0.0,0.0,0,0.0,0.0,0,0.0,0.0,0,0.0,0.0
221,exact-title:chargeback-forgiveness-106530597,Chargeback Forgiveness 106530597,Video,Clips4Sale,C4S title snapshot,1,13.98,8.39,8.39,2023-10-07,C4S date added,medium,1018,0.0,0.01,2023-10-07,auto exact-title,1,1,13.98,8.39,0,0.0,0.0,0,0.0,0.0,0,0.0,0.0,0,0.0,0.0
222,Video 0066,BBW Bubble Bath,Video,Clips4Sale,C4S title snapshot,1,13.98,8.39,8.39,2019-12-30,master content release date,high,2395,0.0,0.0,2020-11-01,mapped,1,1,13.98,8.39,0,0.0,0.0,0,0.0,0.0,0,0.0,0.0,0,0.0,0.0
223,unmapped:onlyfans:mmm-i-couldn-t-resist-showing-you-just-how-massive-she-really-is-my-be,"Mmm I couldn't resist showing you just how massive she really is.. My belly spilling forward while my tits hang heavy, leopard print straining to contain me 😈",,OnlyFans,OF direct message,1,10.0,8.0,8.0,2026-04-21,OF message sent date,medium,91,0.01,0.09,2026-04-21,needs mapping,1,0,0.0,0.0,0,0.0,0.0,0,0.0,0.0,1,10.0,8.0,0,0.0,0.0
224,unmapped:onlyfans:you-re-too-sweet-ok-wait-you-ve-gotta-see-this-one-i-got-way-too-turne,You're too sweet.. ok wait.. You've gotta see this one. I got way too turned on after that chat and ended up showing a lot more skin than I meant to 😏,,OnlyFans,OF direct message,1,10.0,8.0,8.0,2026-04-06,OF message sent date,medium,106,0.01,0.08,2026-04-06,needs mapping,1,0,0.0,0.0,0,0.0,0.0,0,0.0,0.0,1,10.0,8.0,0,0.0,0.0
225,unmapped:onlyfans:this-thong-s-fighting-for-its-life-trying-to-cover-me-wanna-see-how-mu,"This thong's fighting for its life trying to cover me 🤭 wanna see how much I'm spilling out of it, John?",,OnlyFans,OF direct message,1,10.0,8.0,8.0,2026-03-29,OF message sent date,medium,114,0.01,0.07,2026-03-29,needs mapping,1,0,0.0,0.0,0,0.0,0.0,0,0.0,0.0,1,10.0,8.0,0,0.0,0.0
226,unmapped:onlyfans:what-if-we-hung-out-and-i-ate-all-your-leftovers,What if we hung out and I ate all your leftovers? 🤤🥡,,OnlyFans,OF post,0,10.0,8.0,,2026-06-29,OF post date,medium,22,0.0,0.36,2026-06-29,needs mapping,1,0,0.0,0.0,0,0.0,0.0,0,0.0,0.0,0,10.0,8.0,0,0.0,0.0
227,Video 0154,Fat Bouncing in the Shower,Video,Clips4Sale,C4S title snapshot,2,13.0,7.8,3.9,2021-11-23,master content release date,high,1701,0.0,0.0,2022-02-15,mapped,1,2,13.0,7.8,0,0.0,0.0,0,0.0,0.0,0,0.0,0.0,0,0.0,0.0
228,exact-title:horny-ssbbw-teases-fat-pussy-vision-pro-spatial-video,Horny SSBBW Teases Fat Pussy VISION PRO (Spatial Video),Video,Clips4Sale,C4S title snapshot,1,12.98,7.79,7.79,2024-03-14,C4S date added,medium,859,0.0,0.01,2024-03-14,auto exact-title,1,1,12.98,7.79,0,0.0,0.0,0,0.0,0.0,0,0.0,0.0,0,0.0,0.0
229,Video 0074,Big Ass in Blue Jeans,Video,Clips4Sale,C4S title snapshot,1,12.98,7.79,7.79,2020-03-15,master content release date,high,2319,0.0,0.0,2020-11-02,mapped,1,1,12.98,7.79,0,0.0,0.0,0,0.0,0.0,0,0.0,0.0,0,0.0,0.0
230,exact-title:bbw-shower,BBW Shower,Video,Clips4Sale,C4S title snapshot,1,12.98,7.79,7.79,2020-11-17,C4S date added,medium,2072,0.0,0.0,2020-11-17,auto exact-title,1,1,12.98,7.79,0,0.0,0.0,0,0.0,0.0,0,0.0,0.0,0,0.0,0.0
231,Video 0095,Huge Twerking Ass and Dripping Chubby Pussy,Video,ManyVids,ManyVids transaction,1,11.98,7.19,7.19,2020-07-13,master content release date,high,2199,0.0,0.0,2026-06-27,mapped,1,0,0.0,0.0,0,0.0,0.0,1,11.98,7.19,0,0.0,0.0,0,0.0,0.0
232,unmapped:modelcentro:red-couch-fuck,Red Couch Fuck,,ModelCentro,ModelCentro transaction,1,9.99,6.74,6.74,2026-02-09,sale date,low,162,0.01,0.04,2026-02-09,needs mapping,1,0,0.0,0.0,0,0.0,0.0,0,0.0,0.0,0,0.0,0.0,1,9.99,6.74
233,Video 0105,Spying on Your Hot Roommate,Video,ManyVids,ManyVids transaction,1,10.98,6.59,6.59,2020-09-14,master content release date,high,2136,0.0,0.0,2026-05-31,mapped,1,0,0.0,0.0,0,0.0,0.0,1,10.98,6.59,0,0.0,0.0,0,0.0,0.0
234,Video 0114,Ass Clapping and Dildo Riding,Video,ManyVids,ManyVids transaction,1,10.98,6.59,6.59,2020-11-17,master content release date,high,2072,0.0,0.0,2026-05-16,mapped,1,0,0.0,0.0,0,0.0,0.0,1,10.98,6.59,0,0.0,0.0,0,0.0,0.0
235,Video 0104,Oiled BBW Slides Naked on Air Mattress,Video,ManyVids,ManyVids transaction,1,10.98,6.59,6.59,2020-09-14,master content release date,high,2136,0.0,0.0,2026-04-06,mapped,1,0,0.0,0.0,0,0.0,0.0,1,10.98,6.59,0,0.0,0.0,0,0.0,0.0
236,Video 0137,Struggling to Stand,Video,Clips4Sale,C4S title snapshot,1,10.98,6.59,6.59,2021-06-24,master content release date,high,1853,0.0,0.0,2021-06-24,mapped,1,1,10.98,6.59,0,0.0,0.0,0,0.0,0.0,0,0.0,0.0,0,0.0,0.0
237,Video 0100,Ass Worship in Tights and Heels,Video,Clips4Sale,C4S title snapshot,1,10.98,6.59,6.59,2020-08-09,master content release date,high,2172,0.0,0.0,2020-11-08,mapped,1,1,10.98,6.59,0,0.0,0.0,0,0.0,0.0,0,0.0,0.0,0,0.0,0.0
238,Video 0113,Sexy Body Bouncing and Jiggling,Video,Clips4Sale,C4S title snapshot,1,9.98,5.99,5.99,2020-11-08,master content release date,high,2081,0.0,0.0,2020-12-13,mapped,1,1,9.98,5.99,0,0.0,0.0,0,0.0,0.0,0,0.0,0.0,0,0.0,0.0
239,Video 0055,65 Inch Ass Worship,Video,Clips4Sale,C4S title snapshot,1,9.98,5.99,5.99,2019-10-05,master content release date,high,2481,0.0,0.0,2020-10-27,mapped,1,1,9.98,5.99,0,0.0,0.0,0,0.0,0.0,0,0.0,0.0,0,0.0,0.0
240,Video 0041,I Need V-day Dick,Video,ManyVids,ManyVids transaction,2,9.97,5.98,2.99,2019-02-18,master content release date,high,2710,0.0,0.0,2026-06-04,mapped,2,0,0.0,0.0,0,0.0,0.0,2,9.97,5.98,0,0.0,0.0,0,0.0,0.0
241,Video 0049,Sexy Soft Curves,Video,ManyVids,ManyVids transaction,2,9.97,5.98,2.99,2019-07-26,master content release date,high,2552,0.0,0.0,2026-06-04,mapped,2,0,0.0,0.0,0,0.0,0.0,2,9.97,5.98,0,0.0,0.0,0,0.0,0.0
242,Video 0062,50 Wing Binge,Video,ManyVids,ManyVids transaction,2,9.97,5.98,2.99,2019-11-19,master content release date,high,2436,0.0,0.0,2026-07-11,mapped,2,0,0.0,0.0,0,0.0,0.0,2,9.97,5.98,0,0.0,0.0,0,0.0,0.0
243,Video 0063,Juicy Pussy Play,Video,ManyVids,ManyVids transaction,2,9.97,5.98,2.99,2019-11-19,master content release date,high,2436,0.0,0.0,2026-07-17,mapped,2,0,0.0,0.0,0,0.0,0.0,2,9.97,5.98,0,0.0,0.0,0,0.0,0.0
244,Video 0031,Hitachi Makes Me Squirt,Video,ManyVids,ManyVids transaction,2,9.97,5.98,2.99,2018-06-20,master content release date,high,2953,0.0,0.0,2026-03-07,mapped,2,0,0.0,0.0,0,0.0,0.0,2,9.97,5.98,0,0.0,0.0,0,0.0,0.0
245,Video 0169,BBW Bra Changing JOI w/ Cum Countdown,Video,Clips4Sale,C4S title snapshot,1,9.5,5.7,5.7,2022-12-30,master content release date,high,1299,0.0,0.0,2023-03-09,mapped,1,1,9.5,5.7,0,0.0,0.0,0,0.0,0.0,0,0.0,0.0,0,0.0,0.0
246,unmapped:onlyfans:wanna-see-how-good-it-looks-with-those-panties-peeled-off,Wanna see how good it looks with those panties peeled off? 😏,,OnlyFans,OF direct message,1,7.0,5.6,5.6,2026-05-01,OF message sent date,medium,81,0.01,0.07,2026-05-01,needs mapping,1,0,0.0,0.0,0,0.0,0.0,0,0.0,0.0,1,7.0,5.6,0,0.0,0.0
247,unmapped:onlyfans:i-want-you-between-these-cheeks-so-bad-wanna-peel-these-panties-off-of,I want you between these cheeks so bad 🤤 Wanna peel these panties off of me?,,OnlyFans,OF direct message,1,7.0,5.6,5.6,2026-05-01,OF message sent date,medium,81,0.01,0.07,2026-05-01,needs mapping,1,0,0.0,0.0,0,0.0,0.0,0,0.0,0.0,1,7.0,5.6,0,0.0,0.0
248,unmapped:onlyfans:you-re-definitely-into-dark-gritty-shit-huh-wait-baby-i-need-you-dripp,"You're definitely into dark, gritty shit huh 😈 wait baby.. I need you dripping for this one. My fat tits are out, nipples hard, belly soft and heavy.. stroke while you unlock it for me 😏",,OnlyFans,OF direct message,1,7.0,5.6,5.6,2026-03-29,OF message sent date,medium,114,0.01,0.05,2026-03-29,needs mapping,1,0,0.0,0.0,0,0.0,0.0,0,0.0,0.0,1,7.0,5.6,0,0.0,0.0
249,Video 0172,Little Black Dress SSBBW Catwalk,Video,Clips4Sale,C4S title snapshot,1,9.0,5.4,5.4,2023-03-02,master content release date,high,1237,0.0,0.0,2023-03-09,mapped,1,1,9.0,5.4,0,0.0,0.0,0,0.0,0.0,0,0.0,0.0,0,0.0,0.0
250,Video 0161,Burrito Binge,Video,Clips4Sale,C4S title snapshot,1,9.0,5.4,5.4,2022-03-15,master content release date,high,1589,0.0,0.0,2022-08-08,mapped,1,1,9.0,5.4,0,0.0,0.0,0,0.0,0.0,0,0.0,0.0,0,0.0,0.0
251,Video 0107,Full Body Measurements,Video,Clips4Sale,C4S title snapshot,1,8.98,5.39,5.39,2020-09-27,master content release date,high,2123,0.0,0.0,2020-11-22,mapped,1,1,8.98,5.39,0,0.0,0.0,0,0.0,0.0,0,0.0,0.0,0,0.0,0.0
252,Video 0117,Cozy Winter Pussy Play,Video,ManyVids,ManyVids transaction,1,7.98,4.79,4.79,2020-12-13,master content release date,high,2046,0.0,0.0,2026-04-17,mapped,1,0,0.0,0.0,0,0.0,0.0,1,7.98,4.79,0,0.0,0.0,0,0.0,0.0
253,Video 0090,400lbs Bouncing on Your Cock,Video,ManyVids,ManyVids transaction,1,7.98,4.79,4.79,2020-06-07,master content release date,high,2235,0.0,0.0,2026-06-27,mapped,1,0,0.0,0.0,0,0.0,0.0,1,7.98,4.79,0,0.0,0.0,0,0.0,0.0
254,unmapped:onlyfans:that-sounds-so-hot-baby-wait-before-we-go-deeper-i-want-you-to-see-how,"That sounds so hot baby.. Wait before we go deeper, I want you to see how I look with a donut in my mouth and my bra struggling to hold me 😈 you'll lose it when you see my belly.",,OnlyFans,OF direct message,1,5.0,4.0,4.0,2026-03-29,OF message sent date,medium,114,0.01,0.04,2026-03-29,needs mapping,1,0,0.0,0.0,0,0.0,0.0,0,0.0,0.0,1,5.0,4.0,0,0.0,0.0
255,unmapped:onlyfans:how-i-feel-after-stuffing-my-face,How I feel after stuffing my face 🥵🍕,,OnlyFans,OF post,0,5.0,4.0,,2026-04-22,OF post date,medium,90,0.0,0.04,2026-04-22,needs mapping,1,0,0.0,0.0,0,0.0,0.0,0,0.0,0.0,0,5.0,4.0,0,0.0,0.0
256,Video 0054,Devouring Powdered Donuts,Video,ManyVids,ManyVids transaction,1,4.98,2.99,2.99,2019-09-20,master content release date,high,2496,0.0,0.0,2026-05-26,mapped,1,0,0.0,0.0,0,0.0,0.0,1,4.98,2.99,0,0.0,0.0,0,0.0,0.0
257,Video 0024,Squirting and Fishnets,Video,ManyVids,ManyVids transaction,1,4.98,2.99,2.99,2018-01-10,master content release date,high,3114,0.0,0.0,2026-04-17,mapped,1,0,0.0,0.0,0,0.0,0.0,1,4.98,2.99,0,0.0,0.0,0,0.0,0.0
258,Video 0045,Lady Loves to Play,Video,ManyVids,ManyVids transaction,1,4.98,2.99,2.99,2019-04-30,master content release date,high,2639,0.0,0.0,2026-04-17,mapped,1,0,0.0,0.0,0,0.0,0.0,1,4.98,2.99,0,0.0,0.0,0,0.0,0.0
259,Video 0050,Jack Off To My Fat,Video,ManyVids,ManyVids transaction,1,4.98,2.99,2.99,2019-08-07,master content release date,high,2540,0.0,0.0,2026-04-17,mapped,1,0,0.0,0.0,0,0.0,0.0,1,4.98,2.99,0,0.0,0.0,0,0.0,0.0
260,Video 0052,Bouncing Twerking and Grinding,Video,ManyVids,ManyVids transaction,1,4.98,2.99,2.99,2019-09-03,master content release date,high,2513,0.0,0.0,2026-04-16,mapped,1,0,0.0,0.0,0,0.0,0.0,1,4.98,2.99,0,0.0,0.0,0,0.0,0.0
261,Video 0038,Lady Needs Your Cum,Video,ManyVids,ManyVids transaction,1,4.98,2.99,2.99,2018-12-01,master content release date,high,2789,0.0,0.0,2026-06-12,mapped,1,0,0.0,0.0,0,0.0,0.0,1,4.98,2.99,0,0.0,0.0,0,0.0,0.0
262,Video 0027,Squeaky Chair Big Girl,Video,ManyVids,ManyVids transaction,1,4.98,2.99,2.99,2018-03-02,master content release date,high,3063,0.0,0.0,2026-06-17,mapped,1,0,0.0,0.0,0,0.0,0.0,1,4.98,2.99,0,0.0,0.0,0,0.0,0.0
263,unmapped:modelcentro:multiple-orgasms-and-squirting,Multiple Orgasms and Squirting,,ModelCentro,ModelCentro transaction,2,4.0,2.7,1.35,2026-07-14,sale date,low,7,0.29,0.39,2026-07-14,needs mapping,2,0,0.0,0.0,0,0.0,0.0,0,0.0,0.0,0,0.0,0.0,2,4.0,2.7
264,unmapped:onlyfans:hey-parker-i-ve-got-your-video-ready-for-you-i-hope-you-enjoy,"Hey Parker! I've got your video ready for you, I hope you enjoy! 💜",,OnlyFans,OF direct message,1,3.0,2.4,2.4,2026-06-09,OF message sent date,medium,42,0.02,0.06,2026-06-09,needs mapping,1,0,0.0,0.0,0,0.0,0.0,0,0.0,0.0,1,3.0,2.4,0,0.0,0.0
265,unmapped:modelcentro:store-sale-video,Store Sale Video,,ModelCentro,ModelCentro transaction,1,2.0,1.35,1.35,2026-07-20,sale date,low,1,1.0,1.35,2026-07-20,needs mapping,1,0,0.0,0.0,0,0.0,0.0,0,0.0,0.0,0,0.0,0.0,1,2.0,1.35
266,unmapped:onlyfans:hi-babe-i-had-so-much-fun-baking-this-holiday-season-thank-you-again-f,"Hi babe! I had so much fun baking this holiday season, thank you again for your contribution. I hope you’ll enjoy watching a little oily belly play while I test a new chocolate chip cookie recipe! 😘",,OnlyFans,OF mass message,0,0.0,0.0,,2026-01-10,OF message sent date,medium,192,0.0,0.0,2026-01-10,needs mapping,1,0,0.0,0.0,0,0.0,0.0,0,0.0,0.0,0,0.0,0.0,0,0.0,0.0
267,unmapped:onlyfans:i-think-you-d-love-this-one,I think you'd love this one 😈,,OnlyFans,OF direct message,0,0.0,0.0,,2026-06-29,OF message sent date,medium,22,0.0,0.0,2026-06-29,needs mapping,1,0,0.0,0.0,0,0.0,0.0,0,0.0,0.0,0,0.0,0.0,0,0.0,0.0
268,unmapped:onlyfans:i-d-love-to-show-you-how-good-the-view-looks-from-under-me,I'd love to show you how good the view looks from under me 😈,,OnlyFans,OF direct message,0,0.0,0.0,,2026-05-06,OF message sent date,medium,76,0.0,0.0,2026-05-06,needs mapping,1,0,0.0,0.0,0,0.0,0.0,0,0.0,0.0,0,0.0,0.0,0,0.0,0.0
269,unmapped:onlyfans:oh-yeah-wanna-see-how-good-mine-looks,Oh yeah? Wanna see how good mine looks? 😈,,OnlyFans,OF direct message,0,0.0,0.0,,2026-05-05,OF message sent date,medium,77,0.0,0.0,2026-05-05,needs mapping,1,0,0.0,0.0,0,0.0,0.0,0,0.0,0.0,0,0.0,0.0,0,0.0,0.0
270,unmapped:onlyfans:do-you-wanna-see-how-good-it-looks-when-i-strip-those-panties-off,Do you wanna see how good it looks when I strip those panties off? 🥵,,OnlyFans,OF direct message,0,0.0,0.0,,2026-05-02,OF message sent date,medium,80,0.0,0.0,2026-05-02,needs mapping,1,0,0.0,0.0,0,0.0,0.0,0,0.0,0.0,0,0.0,0.0,0,0.0,0.0
271,unmapped:onlyfans:what-if-i-wanted-to-send-you-a-video-of-my-spread-ass-farting-in-your-,What if I wanted to send you a video of my spread ass farting in your face? You don't think you could manage it? 😈,,OnlyFans,OF direct message,0,0.0,0.0,,2026-05-02,OF message sent date,medium,80,0.0,0.0,2026-05-02,needs mapping,1,0,0.0,0.0,0,0.0,0.0,0,0.0,0.0,0,0.0,0.0,0,0.0,0.0
272,unmapped:onlyfans:i-was-just-editing-this-video-and-thought-you-would-enjoy-the-burps-at,I was just editing this video and thought you would enjoy the burps at the beginning! 😏,,OnlyFans,OF direct message,0,0.0,0.0,,2026-05-02,OF message sent date,medium,80,0.0,0.0,2026-05-02,needs mapping,1,0,0.0,0.0,0,0.0,0.0,0,0.0,0.0,0,0.0,0.0,0,0.0,0.0
273,unmapped:onlyfans:mmm-i-thought-so-i-was-making-a-belly-play-video-earlier-and-ended-up-,Mmm I thought so. 🤭 I was making a belly play video earlier and ended up belching right at the beginning! It felt so fucking good 🤤,,OnlyFans,OF direct message,0,0.0,0.0,,2026-05-02,OF message sent date,medium,80,0.0,0.0,2026-05-02,needs mapping,1,0,0.0,0.0,0,0.0,0.0,0,0.0,0.0,0,0.0,0.0,0,0.0,0.0
274,unmapped:onlyfans:i-want-you-to-have-me-dripping-in-your-fucking-cum-baby-it-ll-feel-so-,"I want you to have me dripping in your fucking cum baby? It'll feel so goood dripping down my big ass and my fat belly and pussy, just look how fucking soft I am today 😈",,OnlyFans,OF direct message,0,0.0,0.0,,2026-05-02,OF message sent date,medium,80,0.0,0.0,2026-05-02,needs mapping,1,0,0.0,0.0,0,0.0,0.0,0,0.0,0.0,0,0.0,0.0,0,0.0,0.0
275,unmapped:onlyfans:maybe-you-d-like-this-one-of-my-fingering-that-tight-bellybutton-for-y,Maybe you’d like this one of my fingering that tight bellybutton for you 😏,,OnlyFans,OF direct message,0,0.0,0.0,,2026-05-01,OF message sent date,medium,81,0.0,0.0,2026-05-01,needs mapping,1,0,0.0,0.0,0,0.0,0.0,0,0.0,0.0,0,0.0,0.0,0,0.0,0.0
276,unmapped:onlyfans:would-you-want-me-in-some-sexy-lingerie-or-completely-naked-while-you-,Would you want me in some sexy lingerie? Or completely naked while you fuck my big fat gut? 🥵,,OnlyFans,OF direct message,0,0.0,0.0,,2026-05-01,OF message sent date,medium,81,0.0,0.0,2026-05-01,needs mapping,1,0,0.0,0.0,0,0.0,0.0,0,0.0,0.0,0,0.0,0.0,0,0.0,0.0
277,unmapped:onlyfans:you-re-turning-me-on-already-baby-do-you-like-the-way-they-hang-so-fuc,You're turning me on already baby 🤤 Do you like the way they hang? So fucking soft and warm.,,OnlyFans,OF direct message,0,0.0,0.0,,2026-05-01,OF message sent date,medium,81,0.0,0.0,2026-05-01,needs mapping,1,0,0.0,0.0,0,0.0,0.0,0,0.0,0.0,0,0.0,0.0,0,0.0,0.0
278,unmapped:onlyfans:wanna-see-how-good-that-fat-pussy-looks,Wanna see how good that fat pussy looks? 😈,,OnlyFans,OF direct message,0,0.0,0.0,,2026-05-01,OF message sent date,medium,81,0.0,0.0,2026-05-01,needs mapping,1,0,0.0,0.0,0,0.0,0.0,0,0.0,0.0,0,0.0,0.0,0,0.0,0.0
279,unmapped:onlyfans:i-think-you-d-love-this-video-it-gives-you-that-perfect-view-of-my-fat,"I think you'd love this video, it gives you that perfect view of my fat pussy in your face while I shove cakes into mine 🤤",,OnlyFans,OF direct message,0,0.0,0.0,,2026-05-01,OF message sent date,medium,81,0.0,0.0,2026-05-01,needs mapping,1,0,0.0,0.0,0,0.0,0.0,0,0.0,0.0,0,0.0,0.0,0,0.0,0.0
280,unmapped:onlyfans:you-love-when-i-make-you-feel-small-don-t-you,You love when I make you feel small don't you? 😈,,OnlyFans,OF direct message,0,0.0,0.0,,2026-05-01,OF message sent date,medium,81,0.0,0.0,2026-05-01,needs mapping,1,0,0.0,0.0,0,0.0,0.0,0,0.0,0.0,0,0.0,0.0,0,0.0,0.0
281,unmapped:onlyfans:it-s-lovely-to-meet-you-matthew-i-think-you-ll-love-this-video-imagine,"It's lovely to meet you Matthew! I think you'll love this video, imagine stuffing my face and rubbing my belly while we make out. So fucking hot 🥵",,OnlyFans,OF direct message,0,0.0,0.0,,2026-04-30,OF message sent date,medium,82,0.0,0.0,2026-04-30,needs mapping,1,0,0.0,0.0,0,0.0,0.0,0,0.0,0.0,0,0.0,0.0,0,0.0,0.0
282,unmapped:onlyfans:it-s-so-hot-feeding-you-fatter-soon-you-ll-be-massive-just-like-me-bab,"It’s so hot feeding you fatter, soon you’ll be massive just like me baby 😈",,OnlyFans,OF direct message,0,0.0,0.0,,2026-04-28,OF message sent date,medium,84,0.0,0.0,2026-04-28,needs mapping,1,0,0.0,0.0,0,0.0,0.0,0,0.0,0.0,0,0.0,0.0,0,0.0,0.0
283,unmapped:onlyfans:these-are-a-few-photos-from-2014-you-can-see-where-i-started-at-200lbs,"These are a few photos from 2014, you can see where I started at 200lbs 😏",,OnlyFans,OF direct message,0,0.0,0.0,,2026-04-28,OF message sent date,medium,84,0.0,0.0,2026-04-28,needs mapping,1,0,0.0,0.0,0,0.0,0.0,0,0.0,0.0,0,0.0,0.0,0,0.0,0.0
284,unmapped:onlyfans:here-you-go-babe-i-hope-you-have-a-good-time-with-it,Here you go babe! I hope you have a good time with it 😈,,OnlyFans,OF direct message,0,0.0,0.0,,2026-04-27,OF message sent date,medium,85,0.0,0.0,2026-04-27,needs mapping,1,0,0.0,0.0,0,0.0,0.0,0,0.0,0.0,0,0.0,0.0,0,0.0,0.0
285,unmapped:onlyfans:i-think-you-might-love-this-one-though-if-you-haven-t-seen-it,I think you might love this one though if you haven't seen it 😘,,OnlyFans,OF direct message,0,0.0,0.0,,2026-04-22,OF message sent date,medium,90,0.0,0.0,2026-04-22,needs mapping,1,0,0.0,0.0,0,0.0,0.0,0,0.0,0.0,0,0.0,0.0,0,0.0,0.0
286,unmapped:onlyfans:i-can-t-believe-i-m-actually-showing-you-these-back-when-i-was-so-much,I can't believe i'm actually showing you these 😳 back when i was so much smaller.. It feels kinda dirty letting you see how far i've grown for you,,OnlyFans,OF direct message,0,0.0,0.0,,2026-04-21,OF message sent date,medium,91,0.0,0.0,2026-04-21,needs mapping,1,0,0.0,0.0,0,0.0,0.0,0,0.0,0.0,0,0.0,0.0,0,0.0,0.0
287,unmapped:onlyfans:god-that-sounds-so-hot-baby-wait-before-we-keep-going-you-ve-gotta-see,"God that sounds so hot, baby 😈 wait before we keep going.. You've gotta see how thick and soft I look soaked in the bath while water runs down every curve",,OnlyFans,OF direct message,0,0.0,0.0,,2026-04-21,OF message sent date,medium,91,0.0,0.0,2026-04-21,needs mapping,1,0,0.0,0.0,0,0.0,0.0,0,0.0,0.0,0,0.0,0.0,0,0.0,0.0
288,unmapped:onlyfans:you-d-go-crazy-seeing-where-i-started-baby-these-are-from-before-i-got,You'd go crazy seeing where I started baby 😈 these are from before I got huge.. wanna see how far I've grown?,,OnlyFans,OF direct message,0,0.0,0.0,,2026-04-21,OF message sent date,medium,91,0.0,0.0,2026-04-21,needs mapping,1,0,0.0,0.0,0,0.0,0.0,0,0.0,0.0,0,0.0,0.0,0,0.0,0.0
289,unmapped:onlyfans:you-re-gonna-lose-it-over-this-one-baby-every-inch-of-my-fat-tits-and-,"You're gonna lose it over this one, baby.. every inch of my fat tits and soft belly on display just begging to be stroked to 🤤 unlock it and show me how hard you are for me.",,OnlyFans,OF direct message,0,0.0,0.0,,2026-04-06,OF message sent date,medium,106,0.0,0.0,2026-04-06,needs mapping,1,0,0.0,0.0,0,0.0,0.0,0,0.0,0.0,0,0.0,0.0,0,0.0,0.0
290,unmapped:onlyfans:then-you-need-to-see-this-up-close-josu-that-leopard-top-s-clinging-to,"Then you need to see this up close, Josué 😏 that leopard top's clinging to me so tight my nipples keep slipping free.. wanna see how much it shows?",,OnlyFans,OF direct message,0,0.0,0.0,,2026-04-06,OF message sent date,medium,106,0.0,0.0,2026-04-06,needs mapping,1,0,0.0,0.0,0,0.0,0.0,0,0.0,0.0,0,0.0,0.0,0,0.0,0.0
291,unmapped:onlyfans:you-better-be-ready-to-lose-control-baby-i-m-pinning-you-under-all-500,"You better be ready to lose control, baby.. I'm pinning you under all 500+ pounds while I stuff myself full and jiggle my belly for you.. you'll cum hard watching this.",,OnlyFans,OF direct message,0,0.0,0.0,,2026-04-06,OF message sent date,medium,106,0.0,0.0,2026-04-06,needs mapping,1,0,0.0,0.0,0,0.0,0.0,0,0.0,0.0,0,0.0,0.0,0,0.0,0.0
292,unmapped:onlyfans:fuck-you-d-cum-even-faster-if-you-saw-how-small-i-used-to-be-wanna-com,"Fuck.. you'd cum even faster if you saw how small I used to be.. wanna compare my old curves to how massive I've gotten? Which pose turns you on most here, my ass or belly? 🤤💜",,OnlyFans,OF direct message,0,0.0,0.0,,2026-04-06,OF message sent date,medium,106,0.0,0.0,2026-04-06,needs mapping,1,0,0.0,0.0,0,0.0,0.0,0,0.0,0.0,0,0.0,0.0,0,0.0,0.0
293,unmapped:onlyfans:because-being-fat-makes-me-feel-unstoppable-soft-huge-and-worship-wort,"Because being fat makes me feel unstoppable.. soft, huge, and worship-worthy.. speaking of that, you need to see how insanely big I look in this leopard thong 💦",,OnlyFans,OF direct message,0,0.0,0.0,,2026-04-06,OF message sent date,medium,106,0.0,0.0,2026-04-06,needs mapping,1,0,0.0,0.0,0,0.0,0.0,0,0.0,0.0,0,0.0,0.0,0,0.0,0.0
294,unmapped:onlyfans:lol-you-re-not-wrong-babe-and-now-you-got-me-feeling-wild-enough-to-sh,Lol you're not wrong babe 😈 and now you got me feeling wild enough to show you something I never let anyone see.. I can't believe I'm actually revealing this much 🤭,,OnlyFans,OF direct message,0,0.0,0.0,,2026-04-06,OF message sent date,medium,106,0.0,0.0,2026-04-06,needs mapping,1,0,0.0,0.0,0,0.0,0.0,0,0.0,0.0,0,0.0,0.0,0,0.0,0.0
295,unmapped:onlyfans:josu-this-one-might-drive-you-crazy-my-belly-s-huge-and-glistening-whi,Josué.. this one might drive you crazy 😏 My belly's huge and glistening while I moan and rub it after every bite Do you like how my teal bikini barely holds me in?,,OnlyFans,OF direct message,0,0.0,0.0,,2026-04-06,OF message sent date,medium,106,0.0,0.0,2026-04-06,needs mapping,1,0,0.0,0.0,0,0.0,0.0,0,0.0,0.0,0,0.0,0.0,0,0.0,0.0
296,unmapped:onlyfans:is-it-looking-round-enough-for-you-babe,Is it looking round enough for you babe? 🤤,,OnlyFans,OF direct message,0,0.0,0.0,,2026-03-30,OF message sent date,medium,113,0.0,0.0,2026-03-30,needs mapping,1,0,0.0,0.0,0,0.0,0.0,0,0.0,0.0,0,0.0,0.0,0,0.0,0.0
297,unmapped:onlyfans:hmmm-i-don-t-have-anything-exactly-like-that-but-you-might-like-this-o,"Hmmm, I don't have anything exactly like that but you might like this one 😏",,OnlyFans,OF direct message,0,0.0,0.0,,2026-03-30,OF message sent date,medium,113,0.0,0.0,2026-03-30,needs mapping,1,0,0.0,0.0,0,0.0,0.0,0,0.0,0.0,0,0.0,0.0,0,0.0,0.0
298,unmapped:onlyfans:i-found-something-else-you-might-like-just-the-two-of-us-after-our-fir,I found something else you might like 😈 Just the two of us after our first date and I make this fat pussy cummmm just for you 🥵,,OnlyFans,OF direct message,0,0.0,0.0,,2026-03-30,OF message sent date,medium,113,0.0,0.0,2026-03-30,needs mapping,1,0,0.0,0.0,0,0.0,0.0,0,0.0,0.0,0,0.0,0.0,0,0.0,0.0
299,unmapped:onlyfans:you-re-such-a-sweetheart-wait-before-i-melt-completely-you-should-see-,"You're such a sweetheart 😘 wait before I melt completely, you should see how small I used to be. Crazy seeing how far I've come 😈",,OnlyFans,OF direct message,0,0.0,0.0,,2026-03-30,OF message sent date,medium,113,0.0,0.0,2026-03-30,needs mapping,1,0,0.0,0.0,0,0.0,0.0,0,0.0,0.0,0,0.0,0.0,0,0.0,0.0
300,unmapped:onlyfans:ok-wait-i-never-show-these-but-you-ve-got-me-feeling-bold-these-are-fr,Ok wait.. I never show these But you've got me feeling bold.. these are from before I got huge.. wanna see how tiny I used to be?,,OnlyFans,OF direct message,0,0.0,0.0,,2026-03-30,OF message sent date,medium,113,0.0,0.0,2026-03-30,needs mapping,1,0,0.0,0.0,0,0.0,0.0,0,0.0,0.0,0,0.0,0.0,0,0.0,0.0
301,unmapped:onlyfans:baby-you-can-imagine-that-but-i-want-you-to-see-how-close-i-get-to-rui,"Baby.. you can imagine that, but I want you to see how close I get to ruining that thong for you 😈 what do you think of me in leopard print like this?",,OnlyFans,OF direct message,0,0.0,0.0,,2026-03-29,OF message sent date,medium,114,0.0,0.0,2026-03-29,needs mapping,1,0,0.0,0.0,0,0.0,0.0,0,0.0,0.0,0,0.0,0.0,0,0.0,0.0
302,unmapped:onlyfans:depends-how-well-he-handles-me-speaking-of-that-you-should-see-how-thi,Depends how well he handles me.. speaking of that.. you should see how this outfit clings to all my curves.,,OnlyFans,OF direct message,0,0.0,0.0,,2026-03-29,OF message sent date,medium,114,0.0,0.0,2026-03-29,needs mapping,1,0,0.0,0.0,0,0.0,0.0,0,0.0,0.0,0,0.0,0.0,0,0.0,0.0
303,unmapped:onlyfans:ok-then-baby-this-one-s-all-you-i-m-in-just-a-tiny-bikini-with-a-whole,"Ok then baby.. this one's all you 😈 I'm in just a tiny bikini with a whole pizza, rubbing my belly, burping, and cumming while I stuff myself full.. you need to see how hard I shake when I finish 🥵",,OnlyFans,OF direct message,0,0.0,0.0,,2026-03-29,OF message sent date,medium,114,0.0,0.0,2026-03-29,needs mapping,1,0,0.0,0.0,0,0.0,0.0,0,0.0,0.0,0,0.0,0.0,0,0.0,0.0
304,unmapped:onlyfans:i-was-thinking-about-you-dissolving-into-a-stinky-fart-and-was-wonderi,"I was thinking about you dissolving into a stinky fart, and was wondering if you'd seen this video of mine. I think you'd love the ending 😈",,OnlyFans,OF direct message,0,0.0,0.0,,2026-03-29,OF message sent date,medium,114,0.0,0.0,2026-03-29,needs mapping,1,0,0.0,0.0,0,0.0,0.0,0,0.0,0.0,0,0.0,0.0,0,0.0,0.0
305,unmapped:onlyfans:this-one-i-m-chatting-and-showing-off-my-current-clothes-vs-some-of-my,This one I'm chatting and showing off my current clothes vs some of my outgrown items and take a smoke break in the middle 🤭,,OnlyFans,OF direct message,0,0.0,0.0,,2026-03-28,OF message sent date,medium,115,0.0,0.0,2026-03-28,needs mapping,1,0,0.0,0.0,0,0.0,0.0,0,0.0,0.0,0,0.0,0.0,0,0.0,0.0
306,unmapped:onlyfans:this-video-is-like-a-voyeur-vibe-where-i-m-smoking-while-i-do-my-make-,This video is like a voyeur vibe where I'm smoking while I do my make makeup and get dressed for the day 😘,,OnlyFans,OF direct message,0,0.0,0.0,,2026-03-28,OF message sent date,medium,115,0.0,0.0,2026-03-28,needs mapping,1,0,0.0,0.0,0,0.0,0.0,0,0.0,0.0,0,0.0,0.0,0,0.0,0.0
307,unmapped:onlyfans:onlyfans-message-37378728991,OnlyFans message 37378728991,,OnlyFans,OF direct message,0,0.0,0.0,,2026-03-21,OF message sent date,medium,122,0.0,0.0,2026-03-21,needs mapping,1,0,0.0,0.0,0,0.0,0.0,0,0.0,0.0,0,0.0,0.0,0,0.0,0.0
308,unmapped:onlyfans:looks-like-you-ve-been-caught-can-t-you-just-see-yourself-being-droppe,Looks like you’ve been caught 🤭 Can’t you just see yourself being dropped into my cavernous wet mouth and sliding down my throat? 👅,,OnlyFans,OF direct message,0,0.0,0.0,,2026-03-14,OF message sent date,medium,129,0.0,0.0,2026-03-14,needs mapping,1,0,0.0,0.0,0,0.0,0.0,0,0.0,0.0,0,0.0,0.0,0,0.0,0.0
309,unmapped:onlyfans:onlyfans-message-36945020356,OnlyFans message 36945020356,,OnlyFans,OF direct message,0,0.0,0.0,,2026-03-12,OF message sent date,medium,131,0.0,0.0,2026-03-12,needs mapping,1,0,0.0,0.0,0,0.0,0.0,0,0.0,0.0,0,0.0,0.0,0,0.0,0.0
310,unmapped:onlyfans:swallow-every-drop,Swallow every drop 💛💧,,OnlyFans,OF direct message,0,0.0,0.0,,2026-03-10,OF message sent date,medium,133,0.0,0.0,2026-03-10,needs mapping,1,0,0.0,0.0,0,0.0,0.0,0,0.0,0.0,0,0.0,0.0,0,0.0,0.0
311,unmapped:onlyfans:before-and-after,Before and after 🌯🤤,,OnlyFans,OF post,0,0.0,0.0,,2026-03-11,OF post date,medium,132,0.0,0.0,2026-03-11,needs mapping,1,0,0.0,0.0,0,0.0,0.0,0,0.0,0.0,0,0.0,0.0,0,0.0,0.0
312,unmapped:onlyfans:i-m-so-turned-on-thinking-about-all-of-you-getting-manipulated-into-be,"I’m so turned on thinking about all of you getting manipulated into becoming my feeders! 🤭 If you missed it, check your messages and get in on the fun! 😘💜",,OnlyFans,OF post,0,0.0,0.0,,2026-03-06,OF post date,medium,137,0.0,0.0,2026-03-06,needs mapping,1,0,0.0,0.0,0,0.0,0.0,0,0.0,0.0,0,0.0,0.0,0,0.0,0.0
313,unmapped:onlyfans:boobs-belly-and-booty-what-more-could-you-want,"Boobs, belly, and booty. What more could you want? 😍",,OnlyFans,OF post,0,0.0,0.0,,2026-05-23,OF post date,medium,59,0.0,0.0,2026-05-23,needs mapping,1,0,0.0,0.0,0,0.0,0.0,0,0.0,0.0,0,0.0,0.0,0,0.0,0.0
314,unmapped:onlyfans:how-much-fatter-do-you-wanna-see-me-get,How much fatter do you wanna see me get? 😈,,OnlyFans,OF post,0,0.0,0.0,,2026-05-06,OF post date,medium,76,0.0,0.0,2026-05-06,needs mapping,1,0,0.0,0.0,0,0.0,0.0,0,0.0,0.0,0,0.0,0.0,0,0.0,0.0
315,unmapped:onlyfans:your-gaining-girlfriend-has-gotten-so-fucking-fat-stretching-and-expan,"Your gaining girlfriend has gotten so fucking fat, stretching and expanding her stomach to stuff more and more. She's knows how much you love big fat women, and she's determined to make it to 600lbs all for you! 🍪😍",,OnlyFans,OF post,0,0.0,0.0,,2026-07-18,OF post date,medium,3,0.0,0.0,2026-07-18,needs mapping,1,0,0.0,0.0,0,0.0,0.0,0,0.0,0.0,0,0.0,0.0,0,0.0,0.0
316,unmapped:onlyfans:budget-cuts-are-coming-but-the-hr-manager-offers-to-help-protect-your-,"Budget cuts are coming, but the HR manager offers to help protect your job... As long as you take care of her needs. 🤤 You're mine now, and you're gonna feed me, fuck me, and worship me every day if you want to keep that paycheck. Unlock th",,OnlyFans,OF post,0,0.0,0.0,,2026-07-18,OF post date,medium,3,0.0,0.0,2026-07-18,needs mapping,1,0,0.0,0.0,0,0.0,0.0,0,0.0,0.0,0,0.0,0.0,0,0.0,0.0
317,exact-title:chargeback-106530597,Chargeback 106530597,Video,Clips4Sale,C4S title snapshot,1,-13.98,-8.39,-8.39,2023-10-07,C4S date added,medium,1018,0.0,-0.01,2023-10-07,auto exact-title,1,1,-13.98,-8.39,0,0.0,0.0,0,0.0,0.0,0,0.0,0.0,0,0.0,0.0
318,exact-title:chargeback-106573449,Chargeback 106573449,Video,Clips4Sale,C4S title snapshot,1,-16.98,-10.19,-10.19,2024-05-01,C4S date added,medium,811,0.0,-0.01,2024-05-01,auto exact-title,1,1,-16.98,-10.19,0,0.0,0.0,0,0.0,0.0,0,0.0,0.0,0,0.0,0.0
319,exact-title:refund-107960967,Refund 107960967,Video,Clips4Sale,C4S title snapshot,1,-19.98,-11.99,-11.99,2025-03-06,C4S date added,medium,502,0.0,-0.02,2025-03-06,auto exact-title,1,1,-19.98,-11.99,0,0.0,0.0,0,0.0,0.0,0,0.0,0.0,0,0.0,0.0
320,exact-title:chargeback-109127975,Chargeback 109127975,Video,Clips4Sale,C4S title snapshot,1,-21.98,-13.19,-13.19,2025-02-24,C4S date added,medium,512,0.0,-0.03,2025-02-24,auto exact-title,1,1,-21.98,-13.19,0,0.0,0.0,0,0.0,0.0,0,0.0,0.0,0,0.0,0.0
321,exact-title:chargeback-106266719,Chargeback 106266719,Video,Clips4Sale,C4S title snapshot,1,-21.98,-13.19,-13.19,2024-10-25,C4S date added,medium,634,0.0,-0.02,2024-10-25,auto exact-title,1,1,-21.98,-13.19,0,0.0,0.0,0,0.0,0.0,0,0.0,0.0,0,0.0,0.0
322,exact-title:refund-108316959,Refund 108316959,Video,Clips4Sale,C4S title snapshot,1,-24.98,-14.99,-14.99,2026-01-30,C4S date added,medium,172,0.01,-0.09,2026-01-30,auto exact-title,1,1,-24.98,-14.99,0,0.0,0.0,0,0.0,0.0,0,0.0,0.0,0,0.0,0.0
323,exact-title:chargeback-106267173,Chargeback 106267173,Video,Clips4Sale,C4S title snapshot,1,-27.98,-16.79,-16.79,2025-07-21,C4S date added,medium,365,0.0,-0.05,2025-07-21,auto exact-title,1,1,-27.98,-16.79,0,0.0,0.0,0,0.0,0.0,0,0.0,0.0,0,0.0,0.0
324,exact-title:refund-107467635,Refund 107467635,Video,Clips4Sale,C4S title snapshot,4,-63.93,-38.36,-9.59,2025-06-16,C4S date added,medium,400,0.01,-0.1,2025-06-16,auto exact-title,1,4,-63.93,-38.36,0,0.0,0.0,0,0.0,0.0,0,0.0,0.0,0,0.0,0.0
325,exact-title:chargeback-106266925,Chargeback 106266925,Video,Clips4Sale,C4S title snapshot,3,-69.95,-41.97,-13.99,2025-12-27,C4S date added,medium,206,0.01,-0.2,2025-12-27,auto exact-title,1,3,-69.95,-41.97,0,0.0,0.0,0,0.0,0.0,0,0.0,0.0,0,0.0,0.0
