platform,title,clean_item_label,item_id,sales_count,gross_amount,net_amount,avg_gross_per_sale,avg_net_per_sale,price,row_count,first_date,last_date,source_files,latest_imported_at,surface,recency_basis,grain,allocation_method
Curvage,Pills make me grow until I pop 💊🍗🎈,Pills make me grow until I pop 💊🍗🎈,72067,161,2906.49,2100.33,18.05,13.05,14.99,53,2026-02-23,2026-07-01,creator_analytics/manual_backfills/curvage_title_counts_all_time_2013-01-01_to_2026-07-04.csv,2026-07-04T19:25:00,Curvage title-count allocation,sale date,allocated daily title count,Daily title counts allocated to canonical Curvage daily gross/net by price-weighted unit share.
Curvage,Best Friend's Mommy Tells You How to Please SSBBW 😈😍,Best Friend's Mommy Tells You How to Please SSBBW 😈😍,75672,98,2956.88,1540.89,30.17,15.72,19.99,31,2026-05-22,2026-07-03,creator_analytics/manual_backfills/curvage_title_counts_all_time_2013-01-01_to_2026-07-04.csv,2026-07-04T19:25:00,Curvage title-count allocation,sale date,allocated daily title count,Daily title counts allocated to canonical Curvage daily gross/net by price-weighted unit share.
Curvage,HR manager coerces you into becoming her feeder 🍩🤤,HR manager coerces you into becoming her feeder 🍩🤤,72499,130,1998.6,1444.48,15.37,11.11,11.99,48,2026-03-05,2026-07-02,creator_analytics/manual_backfills/curvage_title_counts_all_time_2013-01-01_to_2026-07-04.csv,2026-07-04T19:25:00,Curvage title-count allocation,sale date,allocated daily title count,Daily title counts allocated to canonical Curvage daily gross/net by price-weighted unit share.
Curvage,How gaining weight changed how I exercise 🏋🏻‍♀️💪,How gaining weight changed how I exercise 🏋🏻‍♀️💪,73734,55,2051.33,1431.97,37.3,26.04,27.99,27,2026-04-06,2026-06-21,creator_analytics/manual_backfills/curvage_title_counts_all_time_2013-01-01_to_2026-07-04.csv,2026-07-04T19:25:00,Curvage title-count allocation,sale date,allocated daily title count,Daily title counts allocated to canonical Curvage daily gross/net by price-weighted unit share.
Curvage,Your Gluttonous Girlfriend Can't Hold Back Farts 🌯💨,Your Gluttonous Girlfriend Can't Hold Back Farts 🌯💨,72725,83,2041.24,1411.23,24.59,17.0,19.99,32,2026-03-11,2026-07-03,creator_analytics/manual_backfills/curvage_title_counts_all_time_2013-01-01_to_2026-07-04.csv,2026-07-04T19:25:00,Curvage title-count allocation,sale date,allocated daily title count,Daily title counts allocated to canonical Curvage daily gross/net by price-weighted unit share.
Curvage,Girlfriend Wants to Gain to 600lbs for You 🍪,Girlfriend Wants to Gain to 600lbs for You 🍪,74929,68,1941.25,1297.51,28.55,19.08,19.99,28,2026-05-05,2026-06-30,creator_analytics/manual_backfills/curvage_title_counts_all_time_2013-01-01_to_2026-07-04.csv,2026-07-04T19:25:00,Curvage title-count allocation,sale date,allocated daily title count,Daily title counts allocated to canonical Curvage daily gross/net by price-weighted unit share.
Curvage,Nightmare Thanksgiving guest eats all the food! 🦃🤤,Nightmare Thanksgiving guest eats all the food! 🦃🤤,68878,36,1563.05,1115.06,43.42,30.97,31.99,33,2026-01-04,2026-06-30,creator_analytics/manual_backfills/curvage_title_counts_all_time_2013-01-01_to_2026-07-04.csv,2026-07-04T19:25:00,Curvage title-count allocation,sale date,allocated daily title count,Daily title counts allocated to canonical Curvage daily gross/net by price-weighted unit share.
Curvage,Cursed Cake Makes Greedy Co-worker Explode,Cursed Cake Makes Greedy Co-worker Explode,63618,35,1380.76,990.16,39.45,28.29,27.99,32,2026-01-14,2026-06-30,creator_analytics/manual_backfills/curvage_title_counts_all_time_2013-01-01_to_2026-07-04.csv,2026-07-04T19:25:00,Curvage title-count allocation,sale date,allocated daily title count,Daily title counts allocated to canonical Curvage daily gross/net by price-weighted unit share.
Curvage,Gassy giantess vores you 👅💨,Gassy giantess vores you 👅💨,71108,29,944.74,700.37,32.58,24.15,24.99,16,2026-01-30,2026-06-17,creator_analytics/manual_backfills/curvage_title_counts_all_time_2013-01-01_to_2026-07-04.csv,2026-07-04T19:25:00,Curvage title-count allocation,sale date,allocated daily title count,Daily title counts allocated to canonical Curvage daily gross/net by price-weighted unit share.
Curvage,Stuffing tacos makes me burp and fart! 🌮💨,Stuffing tacos makes me burp and fart! 🌮💨,60064,8,486.36,319.15,60.8,39.89,34.99,8,2026-01-26,2026-07-03,creator_analytics/manual_backfills/curvage_title_counts_all_time_2013-01-01_to_2026-07-04.csv,2026-07-04T19:25:00,Curvage title-count allocation,sale date,allocated daily title count,Daily title counts allocated to canonical Curvage daily gross/net by price-weighted unit share.
Curvage,Crushing you flat under my massive 525lb body,Crushing you flat under my massive 525lb body,67883,5,312.66,231.76,62.53,46.35,17.99,5,2026-01-02,2026-06-19,creator_analytics/manual_backfills/curvage_title_counts_all_time_2013-01-01_to_2026-07-04.csv,2026-07-04T19:25:00,Curvage title-count allocation,sale date,allocated daily title count,Daily title counts allocated to canonical Curvage daily gross/net by price-weighted unit share.
Curvage,Greedy girlfriend stuffs her face and vores you! 🤤🍔,Greedy girlfriend stuffs her face and vores you! 🤤🍔,56366,11,332.0,218.65,30.18,19.88,21.99,11,2026-02-04,2026-06-29,creator_analytics/manual_backfills/curvage_title_counts_all_time_2013-01-01_to_2026-07-04.csv,2026-07-04T19:25:00,Curvage title-count allocation,sale date,allocated daily title count,Daily title counts allocated to canonical Curvage daily gross/net by price-weighted unit share.
Curvage,Stuffing and making out with your feedee 🤤🍗,Stuffing and making out with your feedee 🤤🍗,48622,9,278.5,198.73,30.94,22.08,24.99,9,2026-01-30,2026-06-15,creator_analytics/manual_backfills/curvage_title_counts_all_time_2013-01-01_to_2026-07-04.csv,2026-07-04T19:25:00,Curvage title-count allocation,sale date,allocated daily title count,Daily title counts allocated to canonical Curvage daily gross/net by price-weighted unit share.
Curvage,Stuffing My Face After Hitting the Gym! 🍔🥤,Stuffing My Face After Hitting the Gym! 🍔🥤,58749,7,219.51,156.59,31.36,22.37,19.99,7,2026-01-27,2026-06-23,creator_analytics/manual_backfills/curvage_title_counts_all_time_2013-01-01_to_2026-07-04.csv,2026-07-04T19:25:00,Curvage title-count allocation,sale date,allocated daily title count,Daily title counts allocated to canonical Curvage daily gross/net by price-weighted unit share.
Curvage,Stuffing in the Car Until I'm Stuck! 🚙🍟,Stuffing in the Car Until I'm Stuck! 🚙🍟,59966,6,198.51,147.13,33.09,24.52,28.99,6,2026-02-22,2026-06-10,creator_analytics/manual_backfills/curvage_title_counts_all_time_2013-01-01_to_2026-07-04.csv,2026-07-04T19:25:00,Curvage title-count allocation,sale date,allocated daily title count,Daily title counts allocated to canonical Curvage daily gross/net by price-weighted unit share.
Curvage,Thanksgiving stuffing and a cigarette! 🦃🚬,Thanksgiving stuffing and a cigarette! 🦃🚬,54801,5,187.75,101.76,37.55,20.35,29.99,5,2026-01-06,2026-06-29,creator_analytics/manual_backfills/curvage_title_counts_all_time_2013-01-01_to_2026-07-04.csv,2026-07-04T19:25:00,Curvage title-count allocation,sale date,allocated daily title count,Daily title counts allocated to canonical Curvage daily gross/net by price-weighted unit share.
Curvage,New weigh-in and measurements! 😍,New weigh-in and measurements! 😍,56046,3,127.31,94.42,42.44,31.47,34.99,3,2026-01-24,2026-06-12,creator_analytics/manual_backfills/curvage_title_counts_all_time_2013-01-01_to_2026-07-04.csv,2026-07-04T19:25:00,Curvage title-count allocation,sale date,allocated daily title count,Daily title counts allocated to canonical Curvage daily gross/net by price-weighted unit share.
Curvage,My bloated belly and burps are so hot! 🤤,My bloated belly and burps are so hot! 🤤,53641,3,85.6,63.39,28.53,21.13,24.99,3,2026-04-03,2026-06-19,creator_analytics/manual_backfills/curvage_title_counts_all_time_2013-01-01_to_2026-07-04.csv,2026-07-04T19:25:00,Curvage title-count allocation,sale date,allocated daily title count,Daily title counts allocated to canonical Curvage daily gross/net by price-weighted unit share.
Curvage,Horny SSBBW Succubus Grows for Your Cum POV,Horny SSBBW Succubus Grows for Your Cum POV,44086,4,80.27,59.46,20.07,14.87,14.99,4,2026-02-22,2026-06-20,creator_analytics/manual_backfills/curvage_title_counts_all_time_2013-01-01_to_2026-07-04.csv,2026-07-04T19:25:00,Curvage title-count allocation,sale date,allocated daily title count,Daily title counts allocated to canonical Curvage daily gross/net by price-weighted unit share.
Curvage,Your Girlfriend Encourages Mutual Gain POV,Your Girlfriend Encourages Mutual Gain POV,55022,3,79.58,59.02,26.53,19.67,24.99,3,2026-02-23,2026-06-05,creator_analytics/manual_backfills/curvage_title_counts_all_time_2013-01-01_to_2026-07-04.csv,2026-07-04T19:25:00,Curvage title-count allocation,sale date,allocated daily title count,Daily title counts allocated to canonical Curvage daily gross/net by price-weighted unit share.
Curvage,Greedy SSBBW Devours Roommates Leftovers,Greedy SSBBW Devours Roommates Leftovers,77165,37,2067.9,28.91,55.89,0.78,36.99,7,2026-06-28,2026-07-04,creator_analytics/manual_backfills/curvage_title_counts_all_time_2013-01-01_to_2026-07-04.csv,2026-07-04T19:25:00,Curvage title-count allocation,sale date,allocated daily title count,Daily title counts allocated to canonical Curvage daily gross/net by price-weighted unit share.
Curvage,Get me pregnant and make me grow! 🤰😍,Get me pregnant and make me grow! 🤰😍,49011,3,47.47,25.7,15.82,8.57,12.99,3,2026-03-28,2026-07-02,creator_analytics/manual_backfills/curvage_title_counts_all_time_2013-01-01_to_2026-07-04.csv,2026-07-04T19:25:00,Curvage title-count allocation,sale date,allocated daily title count,Daily title counts allocated to canonical Curvage daily gross/net by price-weighted unit share.
Curvage,Soda-chugging cutie gets bloated and belches!,Soda-chugging cutie gets bloated and belches!,28679,3,42.04,23.14,14.01,7.71,10.99,3,2026-02-14,2026-07-02,creator_analytics/manual_backfills/curvage_title_counts_all_time_2013-01-01_to_2026-07-04.csv,2026-07-04T19:25:00,Curvage title-count allocation,sale date,allocated daily title count,Daily title counts allocated to canonical Curvage daily gross/net by price-weighted unit share.
Curvage,Watch my fat jiggle while I struggle to work out! 😅💪,Watch my fat jiggle while I struggle to work out! 😅💪,45396,2,37.46,18.4,18.73,9.2,12.99,2,2026-02-12,2026-07-04,creator_analytics/manual_backfills/curvage_title_counts_all_time_2013-01-01_to_2026-07-04.csv,2026-07-04T19:25:00,Curvage title-count allocation,sale date,allocated daily title count,Daily title counts allocated to canonical Curvage daily gross/net by price-weighted unit share.
Curvage,Sexy fatty gobbles a dozen ice cream sandwiches!,Sexy fatty gobbles a dozen ice cream sandwiches!,33057,2,19.73,14.61,9.87,7.3,8.99,2,2026-02-23,2026-06-19,creator_analytics/manual_backfills/curvage_title_counts_all_time_2013-01-01_to_2026-07-04.csv,2026-07-04T19:25:00,Curvage title-count allocation,sale date,allocated daily title count,Daily title counts allocated to canonical Curvage daily gross/net by price-weighted unit share.
