platform,title,clean_item_label,item_id,price,sales_count,gross_amount,net_amount,avg_gross_per_sale,avg_net_per_sale,views,likes,status_or_category,first_date,last_date,first_offered_date,first_offered_basis,first_offered_confidence,recency_basis,grain,source_page,source_file,imported_at
ManyVids,Greedy SSBBW Devours Roommates Leftovers,Greedy SSBBW Devours Roommates Leftovers,7622176,36.99,4,147.97,88.78,36.99,22.2,89.0,,Launched,,2026-07-05,,,,all-time content manager snapshot,supplemental all-time content manager rollup,1,outputs/master_content_list_sources/20260705T000921Z_manyvids_content_manager.csv,2026-07-04T20:09:39
ManyVids,Fucking Your Stuffed SSBBW Girlfriend POV,Fucking Your Stuffed SSBBW Girlfriend POV,7581172,20.99,17,356.83,214.1,20.99,12.59,192.0,1.0,Launched,,2026-07-05,,,,all-time content manager snapshot,supplemental all-time content manager rollup,1,outputs/master_content_list_sources/20260705T000921Z_manyvids_content_manager.csv,2026-07-04T20:09:39
ManyVids,Best Friend's Step-Mom Shows You How to Please SSBBW,Best Friend's Step-Mom Shows You How to Please SSBBW,7532716,27.99,30,839.7,503.82,27.99,16.79,343.0,12.0,Launched,,2026-07-05,,,,all-time content manager snapshot,supplemental all-time content manager rollup,1,outputs/master_content_list_sources/20260705T000921Z_manyvids_content_manager.csv,2026-07-04T20:09:39
ManyVids,Gaining SSBBW Wants to Reach 600lbs,Gaining SSBBW Wants to Reach 600lbs,7488114,19.99,13,259.87,155.92,19.99,11.99,204.0,8.0,Launched,,2026-07-05,,,,all-time content manager snapshot,supplemental all-time content manager rollup,1,outputs/master_content_list_sources/20260705T000921Z_manyvids_content_manager.csv,2026-07-04T20:09:39
ManyVids,Gaining SSBBW Smoking and Kitchen Tour,Gaining SSBBW Smoking and Kitchen Tour,7466524,27.99,2,55.98,33.59,27.99,16.8,100.0,4.0,Launched,,2026-07-05,,,,all-time content manager snapshot,supplemental all-time content manager rollup,1,outputs/master_content_list_sources/20260705T000921Z_manyvids_content_manager.csv,2026-07-04T20:09:39
ManyVids,Gaining SSBBW Gets Horny While Stuffing Pizza,Gaining SSBBW Gets Horny While Stuffing Pizza,7451535,36.99,10,369.9,221.94,36.99,22.19,207.0,10.0,Launched,,2026-07-05,,,,all-time content manager snapshot,supplemental all-time content manager rollup,1,outputs/master_content_list_sources/20260705T000921Z_manyvids_content_manager.csv,2026-07-04T20:09:39
ManyVids,Gaining SSBBW Smokes and Shares Workout Routine,Gaining SSBBW Smokes and Shares Workout Routine,7414684,27.99,7,195.93,117.56,27.99,16.79,150.0,7.0,Launched,,2026-07-05,,,,all-time content manager snapshot,supplemental all-time content manager rollup,1,outputs/master_content_list_sources/20260705T000921Z_manyvids_content_manager.csv,2026-07-04T20:09:39
ManyVids,Gluttonous Girlfriend Can't Hold Back Farts,Gluttonous Girlfriend Can't Hold Back Farts,7352060,19.99,6,119.93,71.96,19.99,11.99,270.0,8.0,Launched,,2026-07-05,,,,all-time content manager snapshot,supplemental all-time content manager rollup,1,outputs/master_content_list_sources/20260705T000921Z_manyvids_content_manager.csv,2026-07-04T20:09:39
ManyVids,Your Job Depends on How Well You Feed Me,Your Job Depends on How Well You Feed Me,7334989,19.99,11,219.88,131.93,19.99,11.99,238.0,10.0,Launched,,2026-07-05,,,,all-time content manager snapshot,supplemental all-time content manager rollup,1,outputs/master_content_list_sources/20260705T000921Z_manyvids_content_manager.csv,2026-07-04T20:09:39
ManyVids,Greedy SSBBW Rapid Growth Until Pop,Greedy SSBBW Rapid Growth Until Pop,7308812,14.99,22,329.78,197.87,14.99,8.99,269.0,11.0,Launched,,2026-07-05,,,,all-time content manager snapshot,supplemental all-time content manager rollup,1,outputs/master_content_list_sources/20260705T000921Z_manyvids_content_manager.csv,2026-07-04T20:09:39
ManyVids,Gassy SSBBW Giantess Vores You,Gassy SSBBW Giantess Vores You,7249689,24.99,14,349.87,209.92,24.99,14.99,502.0,20.0,Launched,,2026-07-05,,,,all-time content manager snapshot,supplemental all-time content manager rollup,1,outputs/master_content_list_sources/20260705T000921Z_manyvids_content_manager.csv,2026-07-04T20:09:39
ManyVids,Growing SSBBW Ex Rides You POV,Growing SSBBW Ex Rides You POV,7164228,21.99,43,945.57,567.34,21.99,13.19,629.0,34.0,Launched,,2026-07-05,,,,all-time content manager snapshot,supplemental all-time content manager rollup,1,outputs/master_content_list_sources/20260705T000921Z_manyvids_content_manager.csv,2026-07-04T20:09:39
ManyVids,Greedy SSBBW Stuffs Whole Thanksgiving Dinner,Greedy SSBBW Stuffs Whole Thanksgiving Dinner,7097360,31.99,23,735.77,441.46,31.99,19.19,369.0,19.0,Launched,,2026-07-05,,,,all-time content manager snapshot,supplemental all-time content manager rollup,1,outputs/master_content_list_sources/20260705T000921Z_manyvids_content_manager.csv,2026-07-04T20:09:39
ManyVids,SSBBW Psychologist III: Making You My Feeder POV,SSBBW Psychologist III: Making You My Feeder POV,7063140,29.99,13,389.87,233.92,29.99,17.99,393.0,17.0,Launched,,2026-07-05,,,,all-time content manager snapshot,supplemental all-time content manager rollup,1,outputs/master_content_list_sources/20260705T000921Z_manyvids_content_manager.csv,2026-07-04T20:09:39
ManyVids,Gaining SSBBW Dorothy Fucks Wizard POV,Gaining SSBBW Dorothy Fucks Wizard POV,7048302,23.99,35,839.65,503.79,23.99,14.39,565.0,36.0,Launched,,2026-07-05,,,,all-time content manager snapshot,supplemental all-time content manager rollup,1,outputs/master_content_list_sources/20260705T000921Z_manyvids_content_manager.csv,2026-07-04T20:09:39
ManyVids,Gassy SSBBW Ignores You and Stuffs,Gassy SSBBW Ignores You and Stuffs,6992472,15.99,18,287.82,172.69,15.99,9.59,288.0,15.0,Launched,,2026-07-05,,,,all-time content manager snapshot,supplemental all-time content manager rollup,1,outputs/master_content_list_sources/20260705T000921Z_manyvids_content_manager.csv,2026-07-04T20:09:39
ManyVids,Gaining SSBBW Smoking and Clothes Try On,Gaining SSBBW Smoking and Clothes Try On,6883463,27.99,10,279.9,167.94,27.99,16.79,262.0,9.0,Launched,,2026-07-05,,,,all-time content manager snapshot,supplemental all-time content manager rollup,1,outputs/master_content_list_sources/20260705T000921Z_manyvids_content_manager.csv,2026-07-04T20:09:39
ManyVids,SSBBW Pussy Licking and Toe Sucking,SSBBW Pussy Licking and Toe Sucking,6802263,21.99,24,527.77,316.66,21.99,13.19,382.0,32.0,Launched,,2026-07-05,,,,all-time content manager snapshot,supplemental all-time content manager rollup,1,outputs/master_content_list_sources/20260705T000921Z_manyvids_content_manager.csv,2026-07-04T20:09:39
ManyVids,SSBBW Squashes You Under Ass and Feet,SSBBW Squashes You Under Ass and Feet,6785506,17.99,16,643.03,385.82,40.19,24.11,287.0,25.0,Custom Vid,,2026-07-05,,,,all-time content manager snapshot,supplemental all-time content manager rollup,1,outputs/master_content_list_sources/20260705T000921Z_manyvids_content_manager.csv,2026-07-04T20:09:39
ManyVids,Cursed Cake Makes Greedy SSBBW Explode,Cursed Cake Makes Greedy SSBBW Explode,6734246,27.99,58,1623.42,974.05,27.99,16.79,659.0,38.0,Launched,,2026-07-05,,,,all-time content manager snapshot,supplemental all-time content manager rollup,1,outputs/master_content_list_sources/20260705T000921Z_manyvids_content_manager.csv,2026-07-04T20:09:39
ManyVids,Horny SSBBW Neighbor Wants to Get Pregnant POV,Horny SSBBW Neighbor Wants to Get Pregnant POV,6630757,20.99,78,1637.22,982.33,20.99,12.59,889.0,76.0,Launched,,2026-07-05,,,,all-time content manager snapshot,supplemental all-time content manager rollup,1,outputs/master_content_list_sources/20260705T000921Z_manyvids_content_manager.csv,2026-07-04T20:09:39
ManyVids,SSBBW Psychologist II: Facestuffing and Gaining,SSBBW Psychologist II: Facestuffing and Gaining,6521895,24.99,17,424.83,254.9,24.99,14.99,497.0,32.0,Launched,,2026-07-05,,,,all-time content manager snapshot,supplemental all-time content manager rollup,1,outputs/master_content_list_sources/20260705T000921Z_manyvids_content_manager.csv,2026-07-04T20:09:39
ManyVids,Horny SSBBW Secretly Cums During Meeting,Horny SSBBW Secretly Cums During Meeting,6508391,21.99,47,1033.53,620.12,21.99,13.19,613.0,53.0,Launched,,2026-07-05,,,,all-time content manager snapshot,supplemental all-time content manager rollup,1,outputs/master_content_list_sources/20260705T000921Z_manyvids_content_manager.csv,2026-07-04T20:09:39
ManyVids,SSBBW Burps and Farts While Stuffing,SSBBW Burps and Farts While Stuffing,6491595,34.99,48,2177.45,1306.47,45.36,27.22,582.0,31.0,Custom Vid,,2026-07-05,,,,all-time content manager snapshot,supplemental all-time content manager rollup,1,outputs/master_content_list_sources/20260705T000921Z_manyvids_content_manager.csv,2026-07-04T20:09:39
ManyVids,SSBBW Stuffs in the Car Until Stuck,SSBBW Stuffs in the Car Until Stuck,6486582,28.99,18,521.82,313.09,28.99,17.39,286.0,20.0,Launched,,2026-07-05,,,,all-time content manager snapshot,supplemental all-time content manager rollup,1,outputs/master_content_list_sources/20260705T000921Z_manyvids_content_manager.csv,2026-07-04T20:09:39
ManyVids,SSBBW Does Steamy Striptease for You,SSBBW Does Steamy Striptease for You,6400740,21.99,67,724.47,434.68,10.81,6.49,622.0,54.0,Custom Vid,,2026-07-05,,,,all-time content manager snapshot,supplemental all-time content manager rollup,1,outputs/master_content_list_sources/20260705T000921Z_manyvids_content_manager.csv,2026-07-04T20:09:39
ManyVids,Gaining SSBBW Stuffs Face Post-Workout,Gaining SSBBW Stuffs Face Post-Workout,6389538,19.99,23,459.77,275.86,19.99,11.99,563.0,42.0,Launched,,2026-07-05,,,,all-time content manager snapshot,supplemental all-time content manager rollup,1,outputs/master_content_list_sources/20260705T000921Z_manyvids_content_manager.csv,2026-07-04T20:09:39
ManyVids,Smoking SSBBW Gets Ready Voyeur Cam,Smoking SSBBW Gets Ready Voyeur Cam,6356182,21.99,18,686.95,412.17,38.16,22.9,369.0,24.0,Custom Vid,,2026-07-05,,,,all-time content manager snapshot,supplemental all-time content manager rollup,1,outputs/master_content_list_sources/20260705T000921Z_manyvids_content_manager.csv,2026-07-04T20:09:39
ManyVids,SSBBW Rips Leggings and Fucks Pussy,SSBBW Rips Leggings and Fucks Pussy,6368275,19.99,43,1052.77,631.66,24.48,14.69,448.0,48.0,Custom Vid,,2026-07-05,,,,all-time content manager snapshot,supplemental all-time content manager rollup,1,outputs/master_content_list_sources/20260705T000921Z_manyvids_content_manager.csv,2026-07-04T20:09:39
ManyVids,Gaining SSBBW Wife Fucks You POV,Gaining SSBBW Wife Fucks You POV,6351515,21.99,81,1781.18,1068.71,21.99,13.19,937.0,91.0,Launched,,2026-07-05,,,,all-time content manager snapshot,supplemental all-time content manager rollup,1,outputs/master_content_list_sources/20260705T000921Z_manyvids_content_manager.csv,2026-07-04T20:09:39
ManyVids,Submissive SSBBW Gaining and Titty Fucking,Submissive SSBBW Gaining and Titty Fucking,6333399,23.99,12,287.88,172.73,23.99,14.39,441.0,31.0,Launched,,2026-07-05,,,,all-time content manager snapshot,supplemental all-time content manager rollup,1,outputs/master_content_list_sources/20260705T000921Z_manyvids_content_manager.csv,2026-07-04T20:09:39
ManyVids,Gaining SSBBW Measurements and Weigh-In,Gaining SSBBW Measurements and Weigh-In,6216191,34.99,18,629.82,377.89,34.99,20.99,321.0,17.0,Launched,,2026-07-05,,,,all-time content manager snapshot,supplemental all-time content manager rollup,1,outputs/master_content_list_sources/20260705T000921Z_manyvids_content_manager.csv,2026-07-04T20:09:39
ManyVids,Greedy SSBBW Girlfriend Vores You POV,Greedy SSBBW Girlfriend Vores You POV,6216173,21.99,25,807.6,484.56,32.3,19.38,421.0,23.0,Custom Vid,,2026-07-05,,,,all-time content manager snapshot,supplemental all-time content manager rollup,1,outputs/master_content_list_sources/20260705T000921Z_manyvids_content_manager.csv,2026-07-04T20:09:39
ManyVids,SSBBW Jiggles Fat for Your Cum Part 2,SSBBW Jiggles Fat for Your Cum Part 2,6161470,16.99,28,725.38,435.23,25.91,15.54,680.0,50.0,Custom Vid,,2026-07-05,,,,all-time content manager snapshot,supplemental all-time content manager rollup,1,outputs/master_content_list_sources/20260705T000921Z_manyvids_content_manager.csv,2026-07-04T20:09:39
ManyVids,SSBBW Girlfriend Encourages Mutual Gain POV,SSBBW Girlfriend Encourages Mutual Gain POV,6145564,24.99,17,424.83,254.9,24.99,14.99,471.0,27.0,Launched,,2026-07-05,,,,all-time content manager snapshot,supplemental all-time content manager rollup,1,outputs/master_content_list_sources/20260705T000921Z_manyvids_content_manager.csv,2026-07-04T20:09:39
ManyVids,Growing SSBBW Belly and Ass Worship,Growing SSBBW Belly and Ass Worship,6139637,24.99,46,1146.53,687.92,24.92,14.95,647.0,54.0,Launched,,2026-07-05,,,,all-time content manager snapshot,supplemental all-time content manager rollup,1,outputs/master_content_list_sources/20260705T000921Z_manyvids_content_manager.csv,2026-07-04T20:09:39
ManyVids,SSBBW Smokes After Thanksgiving Stuffing,SSBBW Smokes After Thanksgiving Stuffing,6131493,29.99,16,430.33,258.2,26.9,16.14,304.0,17.0,Launched,,2026-07-05,,,,all-time content manager snapshot,supplemental all-time content manager rollup,1,outputs/master_content_list_sources/20260705T000921Z_manyvids_content_manager.csv,2026-07-04T20:09:39
ManyVids,"SSBBW Giantess Teasing, Shrinking, and Vore","SSBBW Giantess Teasing, Shrinking, and Vore",6093489,24.99,34,794.67,476.8,23.37,14.02,862.0,57.0,Launched,,2026-07-05,,,,all-time content manager snapshot,supplemental all-time content manager rollup,1,outputs/master_content_list_sources/20260705T000921Z_manyvids_content_manager.csv,2026-07-04T20:09:39
ManyVids,SSBBW Jiggles Fat for Your Cum,SSBBW Jiggles Fat for Your Cum,6093090,16.99,38,854.48,512.69,22.49,13.49,663.0,60.0,Custom Vid,,2026-07-05,,,,all-time content manager snapshot,supplemental all-time content manager rollup,1,outputs/master_content_list_sources/20260705T000921Z_manyvids_content_manager.csv,2026-07-04T20:09:39
ManyVids,Bloated SSBBW Chugs Soda and Burps,Bloated SSBBW Chugs Soda and Burps,6057184,24.99,17,406.08,243.65,23.89,14.33,493.0,28.0,Launched,,2026-07-05,,,,all-time content manager snapshot,supplemental all-time content manager rollup,1,outputs/master_content_list_sources/20260705T000921Z_manyvids_content_manager.csv,2026-07-04T20:09:39
ManyVids,SSBBW Ex Wants to Get Pregnant,SSBBW Ex Wants to Get Pregnant,6050060,13.99,84,1120.57,672.34,13.34,8.0,1169.0,74.0,Launched,,2026-07-05,,,,all-time content manager snapshot,supplemental all-time content manager rollup,1,outputs/master_content_list_sources/20260705T000921Z_manyvids_content_manager.csv,2026-07-04T20:09:39
ManyVids,SSBBW Girlfriend Grows into 14-foot Giantess,SSBBW Girlfriend Grows into 14-foot Giantess,6047538,21.99,43,1157.23,694.34,26.91,16.15,785.0,50.0,Custom Vid,,2026-07-05,,,,all-time content manager snapshot,supplemental all-time content manager rollup,1,outputs/master_content_list_sources/20260705T000921Z_manyvids_content_manager.csv,2026-07-04T20:09:39
ManyVids,Stuffed SSBBW Wife Wants to Fuck,Stuffed SSBBW Wife Wants to Fuck,5809964,19.99,75,1472.25,883.35,19.63,11.78,1355.0,81.0,Launched,,2026-07-05,,,,all-time content manager snapshot,supplemental all-time content manager rollup,1,outputs/master_content_list_sources/20260705T000921Z_manyvids_content_manager.csv,2026-07-04T20:09:39
ManyVids,Unaware Horny SSBBW Plays With Herself,Unaware Horny SSBBW Plays With Herself,5807683,14.99,61,891.88,535.13,14.62,8.77,1003.0,64.0,Launched,,2026-07-05,,,,all-time content manager snapshot,supplemental all-time content manager rollup,1,outputs/master_content_list_sources/20260705T000921Z_manyvids_content_manager.csv,2026-07-04T20:09:39
ManyVids,Dominant Boss Makes You Worship Belly,Dominant Boss Makes You Worship Belly,5798980,15.99,51,789.08,473.45,15.47,9.28,1137.0,89.0,Launched,,2026-07-05,,,,all-time content manager snapshot,supplemental all-time content manager rollup,1,outputs/master_content_list_sources/20260705T000921Z_manyvids_content_manager.csv,2026-07-04T20:09:39
ManyVids,Shy SSBBW Concierge Fucks You POV,Shy SSBBW Concierge Fucks You POV,5775521,17.99,142,2511.38,1506.83,17.69,10.61,1663.0,111.0,Launched,,2026-07-05,,,,all-time content manager snapshot,supplemental all-time content manager rollup,1,outputs/master_content_list_sources/20260705T000921Z_manyvids_content_manager.csv,2026-07-04T20:09:39
ManyVids,Gaining SSBBW Mistress Teases You POV,Gaining SSBBW Mistress Teases You POV,5766109,12.99,33,376.92,226.15,11.42,6.85,1018.0,58.0,Launched,,2026-07-05,,,,all-time content manager snapshot,supplemental all-time content manager rollup,1,outputs/master_content_list_sources/20260705T000921Z_manyvids_content_manager.csv,2026-07-04T20:09:39
ManyVids,SSBBW Feedee Stuffing and Makeout POV,SSBBW Feedee Stuffing and Makeout POV,5758347,24.99,34,842.17,505.3,24.77,14.86,696.0,47.0,Launched,,2026-07-05,,,,all-time content manager snapshot,supplemental all-time content manager rollup,1,outputs/master_content_list_sources/20260705T000921Z_manyvids_content_manager.csv,2026-07-04T20:09:39
ManyVids,Gaining SSBBW Makes Her Buttons Pop,Gaining SSBBW Makes Her Buttons Pop,5741666,14.99,36,532.88,319.73,14.8,8.88,1294.0,48.0,Launched,,2026-07-05,,,,all-time content manager snapshot,supplemental all-time content manager rollup,1,outputs/master_content_list_sources/20260705T000921Z_manyvids_content_manager.csv,2026-07-04T20:09:39
ManyVids,SSBBW Giantess Rubs Pussy on You,SSBBW Giantess Rubs Pussy on You,5735033,14.99,66,835.58,501.35,12.66,7.6,922.0,61.0,Launched,,2026-07-05,,,,all-time content manager snapshot,supplemental all-time content manager rollup,1,outputs/master_content_list_sources/20260705T000921Z_manyvids_content_manager.csv,2026-07-04T20:09:39
ManyVids,SSBBW Oiled Up Jiggling and Bouncing,SSBBW Oiled Up Jiggling and Bouncing,5718298,19.99,30,840.37,504.22,28.01,16.81,987.0,64.0,Custom Vid,,2026-07-05,,,,all-time content manager snapshot,supplemental all-time content manager rollup,2,outputs/master_content_list_sources/20260705T000921Z_manyvids_content_manager.csv,2026-07-04T20:09:39
ManyVids,Horny SSBBW Jiggles for Your Cum,Horny SSBBW Jiggles for Your Cum,5716414,17.99,22,639.05,383.43,29.05,17.43,660.0,43.0,Custom Vid,,2026-07-05,,,,all-time content manager snapshot,supplemental all-time content manager rollup,2,outputs/master_content_list_sources/20260705T000921Z_manyvids_content_manager.csv,2026-07-04T20:09:39
ManyVids,Fat Ass SSBBW Masturbates for You,Fat Ass SSBBW Masturbates for You,5698401,10.99,49,530.27,318.16,10.82,6.49,671.0,49.0,Launched,,2026-07-05,,,,all-time content manager snapshot,supplemental all-time content manager rollup,2,outputs/master_content_list_sources/20260705T000921Z_manyvids_content_manager.csv,2026-07-04T20:09:39
ManyVids,SSBBW Psychologist Makes You Worship Belly POV,SSBBW Psychologist Makes You Worship Belly POV,5637466,24.99,20,492.3,295.38,24.62,14.77,657.0,49.0,Launched,,2026-07-05,,,,all-time content manager snapshot,supplemental all-time content manager rollup,2,outputs/master_content_list_sources/20260705T000921Z_manyvids_content_manager.csv,2026-07-04T20:09:39
ManyVids,Horny SSBBW Fucks Fat Creamy Pussy,Horny SSBBW Fucks Fat Creamy Pussy,5635276,11.99,50,592.3,355.38,11.85,7.11,859.0,73.0,Launched,,2026-07-05,,,,all-time content manager snapshot,supplemental all-time content manager rollup,2,outputs/master_content_list_sources/20260705T000921Z_manyvids_content_manager.csv,2026-07-04T20:09:39
ManyVids,Old Fling Grows Into Massive SSBBW,Old Fling Grows Into Massive SSBBW,5629921,20.99,26,515.13,309.08,19.81,11.89,519.0,28.0,Launched,,2026-07-05,,,,all-time content manager snapshot,supplemental all-time content manager rollup,2,outputs/master_content_list_sources/20260705T000921Z_manyvids_content_manager.csv,2026-07-04T20:09:39
ManyVids,Your SSBBW Wife Denies Getting Fatter POV,Your SSBBW Wife Denies Getting Fatter POV,5615938,21.99,51,1098.38,659.03,21.54,12.92,912.0,41.0,Launched,,2026-07-05,,,,all-time content manager snapshot,supplemental all-time content manager rollup,2,outputs/master_content_list_sources/20260705T000921Z_manyvids_content_manager.csv,2026-07-04T20:09:39
ManyVids,SSBBW Stuffs Pizza While Vibing Pussy,SSBBW Stuffs Pizza While Vibing Pussy,5608057,24.99,16,388.58,233.15,24.29,14.57,454.0,28.0,Launched,,2026-07-05,,,,all-time content manager snapshot,supplemental all-time content manager rollup,2,outputs/master_content_list_sources/20260705T000921Z_manyvids_content_manager.csv,2026-07-04T20:09:39
ManyVids,Horny SSBBW Strips and Cums POV,Horny SSBBW Strips and Cums POV,5580590,12.99,34,383.92,230.35,11.29,6.77,508.0,39.0,Launched,,2026-07-05,,,,all-time content manager snapshot,supplemental all-time content manager rollup,2,outputs/master_content_list_sources/20260705T000921Z_manyvids_content_manager.csv,2026-07-04T20:09:39
ManyVids,Smelly SSBBW Makes You Worship Ass,Smelly SSBBW Makes You Worship Ass,5580197,20.99,65,1301.3,780.78,20.02,12.01,1303.0,104.0,Launched,,2026-07-05,,,,all-time content manager snapshot,supplemental all-time content manager rollup,2,outputs/master_content_list_sources/20260705T000921Z_manyvids_content_manager.csv,2026-07-04T20:09:39
ManyVids,Unaware SSBBW Smokes and Outgrows Clothes,Unaware SSBBW Smokes and Outgrows Clothes,5589839,16.99,18,483.03,289.82,26.84,16.1,282.0,13.0,Custom Vid,,2026-07-05,,,,all-time content manager snapshot,supplemental all-time content manager rollup,2,outputs/master_content_list_sources/20260705T000921Z_manyvids_content_manager.csv,2026-07-04T20:09:39
ManyVids,SSBBW Turns Feeder Boyfriend Into Cuckold,SSBBW Turns Feeder Boyfriend Into Cuckold,5577460,15.99,30,408.3,244.98,13.61,8.17,634.0,26.0,Launched,,2026-07-05,,,,all-time content manager snapshot,supplemental all-time content manager rollup,2,outputs/master_content_list_sources/20260705T000921Z_manyvids_content_manager.csv,2026-07-04T20:09:39
ManyVids,Horny SSBBW Squirts on First Date POV,Horny SSBBW Squirts on First Date POV,5558080,21.99,75,1619.55,971.73,21.59,12.96,1261.0,78.0,Launched,,2026-07-05,,,,all-time content manager snapshot,supplemental all-time content manager rollup,2,outputs/master_content_list_sources/20260705T000921Z_manyvids_content_manager.csv,2026-07-04T20:09:39
ManyVids,Jiggling SSBBW Working Out in Lingerie,Jiggling SSBBW Working Out in Lingerie,5553793,16.99,11,455.55,273.33,41.41,24.85,190.0,11.0,Custom Vid,,2026-07-05,,,,all-time content manager snapshot,supplemental all-time content manager rollup,2,outputs/master_content_list_sources/20260705T000921Z_manyvids_content_manager.csv,2026-07-04T20:09:39
ManyVids,Gaining Horny SSBBW Date Wants You POV,Gaining Horny SSBBW Date Wants You POV,5527342,15.99,23,367.77,220.66,15.99,9.59,666.0,46.0,Launched,,2026-07-05,,,,all-time content manager snapshot,supplemental all-time content manager rollup,2,outputs/master_content_list_sources/20260705T000921Z_manyvids_content_manager.csv,2026-07-04T20:09:39
ManyVids,SSBBW Rapid Growth Riding You POV,SSBBW Rapid Growth Riding You POV,5527123,22.99,74,1385.57,831.34,18.72,11.23,1080.0,59.0,Launched,,2026-07-05,,,,all-time content manager snapshot,supplemental all-time content manager rollup,2,outputs/master_content_list_sources/20260705T000921Z_manyvids_content_manager.csv,2026-07-04T20:09:39
ManyVids,SSBBW Oil Play and Fat Jiggling,SSBBW Oil Play and Fat Jiggling,5509451,15.99,56,1125.57,675.34,20.1,12.06,1123.0,80.0,Custom Vid,,2026-07-05,,,,all-time content manager snapshot,supplemental all-time content manager rollup,2,outputs/master_content_list_sources/20260705T000921Z_manyvids_content_manager.csv,2026-07-04T20:09:39
ManyVids,Licking Whipped Cream Off My Fat SSBBW Tits,Licking Whipped Cream Off My Fat SSBBW Tits,5491309,16.99,7,402.58,241.55,57.51,34.51,169.0,15.0,Custom Vid,,2026-07-05,,,,all-time content manager snapshot,supplemental all-time content manager rollup,2,outputs/master_content_list_sources/20260705T000921Z_manyvids_content_manager.csv,2026-07-04T20:09:39
ManyVids,SSBBW Slut Seduces You Into Impregnation POV,SSBBW Slut Seduces You Into Impregnation POV,5488685,16.99,92,1471.13,882.68,15.99,9.59,916.0,95.0,Launched,,2026-07-05,,,,all-time content manager snapshot,supplemental all-time content manager rollup,2,outputs/master_content_list_sources/20260705T000921Z_manyvids_content_manager.csv,2026-07-04T20:09:39
ManyVids,SSBBW Hanging Belly and Fat Clapping,SSBBW Hanging Belly and Fat Clapping,5473131,13.99,39,448.42,269.05,11.5,6.9,398.0,41.0,Launched,,2026-07-05,,,,all-time content manager snapshot,supplemental all-time content manager rollup,2,outputs/master_content_list_sources/20260705T000921Z_manyvids_content_manager.csv,2026-07-04T20:09:39
ManyVids,Horny SSBBW Succubus Grows for Your Cum POV,Horny SSBBW Succubus Grows for Your Cum POV,5475599,18.99,35,659.9,395.94,18.85,11.31,482.0,30.0,Launched,,2026-07-05,,,,all-time content manager snapshot,supplemental all-time content manager rollup,2,outputs/master_content_list_sources/20260705T000921Z_manyvids_content_manager.csv,2026-07-04T20:09:39
ManyVids,SSBBW Jiggles Fat Thighs and Ass,SSBBW Jiggles Fat Thighs and Ass,5430873,15.99,19,385.77,231.46,20.3,12.18,207.0,27.0,Custom Vid,,2026-07-05,,,,all-time content manager snapshot,supplemental all-time content manager rollup,2,outputs/master_content_list_sources/20260705T000921Z_manyvids_content_manager.csv,2026-07-04T20:09:39
ManyVids,Fatty Soaps Her Body in the Bubbly Bathtub,Fatty Soaps Her Body in the Bubbly Bathtub,5292608,16.99,12,420.22,252.13,35.02,21.01,138.0,11.0,Custom Vid,,2026-07-05,,,,all-time content manager snapshot,supplemental all-time content manager rollup,2,outputs/master_content_list_sources/20260705T000921Z_manyvids_content_manager.csv,2026-07-04T20:09:39
ManyVids,SSBBW Room Service Face Stuffing,SSBBW Room Service Face Stuffing,5335028,17.99,24,426.37,255.82,17.77,10.66,321.0,17.0,Launched,,2026-07-05,,,,all-time content manager snapshot,supplemental all-time content manager rollup,2,outputs/master_content_list_sources/20260705T000921Z_manyvids_content_manager.csv,2026-07-04T20:09:39
ManyVids,Soapy and Dripping SSBBW in the Shower,Soapy and Dripping SSBBW in the Shower,5291125,15.99,19,541.13,324.68,28.48,17.09,209.0,18.0,Custom Vid,,2026-07-05,,,,all-time content manager snapshot,supplemental all-time content manager rollup,2,outputs/master_content_list_sources/20260705T000921Z_manyvids_content_manager.csv,2026-07-04T20:09:39
ManyVids,Morning SSBBW Fuck POV Solo,Morning SSBBW Fuck POV Solo,5286661,16.99,64,1258.83,755.3,19.67,11.8,639.0,60.0,Custom Vid,,2026-07-05,,,,all-time content manager snapshot,supplemental all-time content manager rollup,2,outputs/master_content_list_sources/20260705T000921Z_manyvids_content_manager.csv,2026-07-04T20:09:39
ManyVids,SSBBW Mrs. Claus Lets You Eat Ass and Pussy,SSBBW Mrs. Claus Lets You Eat Ass and Pussy,5283811,13.99,39,443.62,266.17,11.37,6.82,426.0,35.0,Launched,,2026-07-05,,,,all-time content manager snapshot,supplemental all-time content manager rollup,2,outputs/master_content_list_sources/20260705T000921Z_manyvids_content_manager.csv,2026-07-04T20:09:39
ManyVids,SSBBW Gets Stuck in the Doorway,SSBBW Gets Stuck in the Doorway,5259045,16.99,24,554.87,332.92,23.12,13.87,288.0,18.0,Custom Vid,,2026-07-05,,,,all-time content manager snapshot,supplemental all-time content manager rollup,2,outputs/master_content_list_sources/20260705T000921Z_manyvids_content_manager.csv,2026-07-04T20:09:39
ManyVids,SSBBW Loves Being Bigger Than You Part 2,SSBBW Loves Being Bigger Than You Part 2,5242274,16.99,17,252.83,151.7,14.87,8.92,252.0,17.0,Launched,,2026-07-05,,,,all-time content manager snapshot,supplemental all-time content manager rollup,2,outputs/master_content_list_sources/20260705T000921Z_manyvids_content_manager.csv,2026-07-04T20:09:39
ManyVids,Fatty Does Jiggly Workout in Bodystocking,Fatty Does Jiggly Workout in Bodystocking,5221224,16.99,9,405.8,243.48,45.09,27.05,148.0,17.0,Custom Vid,,2026-07-05,,,,all-time content manager snapshot,supplemental all-time content manager rollup,2,outputs/master_content_list_sources/20260705T000921Z_manyvids_content_manager.csv,2026-07-04T20:09:39
ManyVids,SSBBW Babe Gobbles Entire Pie,SSBBW Babe Gobbles Entire Pie,5207006,23.99,13,236.27,141.76,18.17,10.9,224.0,19.0,Launched,,2026-07-05,,,,all-time content manager snapshot,supplemental all-time content manager rollup,2,outputs/master_content_list_sources/20260705T000921Z_manyvids_content_manager.csv,2026-07-04T20:09:39
ManyVids,Fat Friend Wants to be Friends with Benefits,Fat Friend Wants to be Friends with Benefits,5183219,16.99,73,1179.17,707.5,16.15,9.69,944.0,90.0,Launched,,2026-07-05,,,,all-time content manager snapshot,supplemental all-time content manager rollup,2,outputs/master_content_list_sources/20260705T000921Z_manyvids_content_manager.csv,2026-07-04T20:09:39
ManyVids,BBW Struts and Jiggles Out of My Jeans,BBW Struts and Jiggles Out of My Jeans,5165127,14.99,20,522.55,313.53,26.13,15.68,225.0,23.0,Custom Vid,,2026-07-05,,,,all-time content manager snapshot,supplemental all-time content manager rollup,2,outputs/master_content_list_sources/20260705T000921Z_manyvids_content_manager.csv,2026-07-04T20:09:39
ManyVids,Fat Witch Needs Your Cum for Her Potion,Fat Witch Needs Your Cum for Her Potion,5104499,15.99,35,467.25,280.35,13.35,8.01,393.0,37.0,Launched,,2026-07-05,,,,all-time content manager snapshot,supplemental all-time content manager rollup,2,outputs/master_content_list_sources/20260705T000921Z_manyvids_content_manager.csv,2026-07-04T20:09:39
ManyVids,SSBBW Hottie Makes Her Fat Pussy Cum,SSBBW Hottie Makes Her Fat Pussy Cum,5072162,13.99,41,536.38,321.83,13.08,7.85,439.0,57.0,Launched,,2026-07-05,,,,all-time content manager snapshot,supplemental all-time content manager rollup,2,outputs/master_content_list_sources/20260705T000921Z_manyvids_content_manager.csv,2026-07-04T20:09:39
ManyVids,Naked Fatty Tells You How to Stroke,Naked Fatty Tells You How to Stroke,5072675,17.99,41,951.48,570.89,23.21,13.92,557.0,57.0,Custom Vid,,2026-07-05,,,,all-time content manager snapshot,supplemental all-time content manager rollup,2,outputs/master_content_list_sources/20260705T000921Z_manyvids_content_manager.csv,2026-07-04T20:09:39
ManyVids,Worship My Fat SSBBW Body,Worship My Fat SSBBW Body,5031769,16.99,56,1129.33,677.6,20.17,12.1,523.0,48.0,Custom Vid,,2026-07-05,,,,all-time content manager snapshot,supplemental all-time content manager rollup,2,outputs/master_content_list_sources/20260705T000921Z_manyvids_content_manager.csv,2026-07-04T20:09:39
ManyVids,Fat Fitness Instructor Causes Shaking,Fat Fitness Instructor Causes Shaking,4974499,13.99,24,263.77,158.26,10.99,6.59,495.0,19.0,Launched,,2026-07-05,,,,all-time content manager snapshot,supplemental all-time content manager rollup,2,outputs/master_content_list_sources/20260705T000921Z_manyvids_content_manager.csv,2026-07-04T20:09:39
ManyVids,SSBBW Loves Being Bigger Than You,SSBBW Loves Being Bigger Than You,4974240,14.99,28,419.72,251.83,14.99,8.99,695.0,32.0,Launched,,2026-07-05,,,,all-time content manager snapshot,supplemental all-time content manager rollup,2,outputs/master_content_list_sources/20260705T000921Z_manyvids_content_manager.csv,2026-07-04T20:09:39
ManyVids,SSBBW Car Struggles and Topless Driving,SSBBW Car Struggles and Topless Driving,4968610,20.99,30,975.37,585.22,32.51,19.51,520.0,16.0,Custom Vid,,2026-07-05,,,,all-time content manager snapshot,supplemental all-time content manager rollup,2,outputs/master_content_list_sources/20260705T000921Z_manyvids_content_manager.csv,2026-07-04T20:09:39
ManyVids,Fat Girl Struts in Black Lace Romper,Fat Girl Struts in Black Lace Romper,4962864,14.99,16,473.67,284.2,29.6,17.76,259.0,20.0,Custom Vid,,2026-07-05,,,,all-time content manager snapshot,supplemental all-time content manager rollup,2,outputs/master_content_list_sources/20260705T000921Z_manyvids_content_manager.csv,2026-07-04T20:09:39
ManyVids,Fatty Chugs Three Large Milkshakes,Fatty Chugs Three Large Milkshakes,4959907,16.99,42,698.28,418.97,16.63,9.98,730.0,31.0,Launched,,2026-07-05,,,,all-time content manager snapshot,supplemental all-time content manager rollup,2,outputs/master_content_list_sources/20260705T000921Z_manyvids_content_manager.csv,2026-07-04T20:09:39
ManyVids,Tight Clothes Make Growing SSBBW Horny,Tight Clothes Make Growing SSBBW Horny,4879567,15.99,37,517.63,310.58,13.99,8.39,822.0,32.0,Launched,,2026-07-05,,,,all-time content manager snapshot,supplemental all-time content manager rollup,2,outputs/master_content_list_sources/20260705T000921Z_manyvids_content_manager.csv,2026-07-04T20:09:39
ManyVids,Oiled Up Fatty Does Naked Workout,Oiled Up Fatty Does Naked Workout,4876492,13.99,21,551.0,330.6,26.24,15.74,460.0,19.0,Custom Vid,,2026-07-05,,,,all-time content manager snapshot,supplemental all-time content manager rollup,2,outputs/master_content_list_sources/20260705T000921Z_manyvids_content_manager.csv,2026-07-04T20:09:39
ManyVids,Measuring and Weighing my Massive SSBBW Body,Measuring and Weighing my Massive SSBBW Body,4865472,19.99,26,519.73,311.84,19.99,11.99,742.0,23.0,Launched,,2026-07-05,,,,all-time content manager snapshot,supplemental all-time content manager rollup,2,outputs/master_content_list_sources/20260705T000921Z_manyvids_content_manager.csv,2026-07-04T20:09:39
ManyVids,SSBBW Solo POV BJ and Fuck,SSBBW Solo POV BJ and Fuck,4864837,13.99,53,739.37,443.62,13.95,8.37,614.0,41.0,Launched,,2026-07-05,,,,all-time content manager snapshot,supplemental all-time content manager rollup,2,outputs/master_content_list_sources/20260705T000921Z_manyvids_content_manager.csv,2026-07-04T20:09:39
ManyVids,Fat Girl Walks in Sexy Black Bodystocking,Fat Girl Walks in Sexy Black Bodystocking,4820263,14.99,30,752.43,451.46,25.08,15.05,708.0,37.0,Custom Vid,,2026-07-05,,,,all-time content manager snapshot,supplemental all-time content manager rollup,2,outputs/master_content_list_sources/20260705T000921Z_manyvids_content_manager.csv,2026-07-04T20:09:39
ManyVids,Chair Breaking Under Huge SSBBW,Chair Breaking Under Huge SSBBW,4771683,19.99,41,813.58,488.15,19.84,11.91,1077.0,18.0,Launched,,2026-07-05,,,,all-time content manager snapshot,supplemental all-time content manager rollup,2,outputs/master_content_list_sources/20260705T000921Z_manyvids_content_manager.csv,2026-07-04T20:09:39
ManyVids,Fatty Catwalks in Black Skinny Jeans,Fatty Catwalks in Black Skinny Jeans,4752196,15.99,10,397.22,238.33,39.72,23.83,591.0,16.0,Custom Vid,,2026-07-05,,,,all-time content manager snapshot,supplemental all-time content manager rollup,2,outputs/master_content_list_sources/20260705T000921Z_manyvids_content_manager.csv,2026-07-04T20:09:39
ManyVids,SSBBW Shiny Slippery Oil Play,SSBBW Shiny Slippery Oil Play,4749243,16.99,28,716.15,429.69,25.58,15.35,668.0,26.0,Custom Vid,,2026-07-05,,,,all-time content manager snapshot,supplemental all-time content manager rollup,2,outputs/master_content_list_sources/20260705T000921Z_manyvids_content_manager.csv,2026-07-04T20:09:39
ManyVids,Hot Fatty Stuffs a Dozen Ice Cream Sandwiches,Hot Fatty Stuffs a Dozen Ice Cream Sandwiches,4732911,15.99,22,346.98,208.19,15.77,9.46,691.0,17.0,Launched,,2026-07-05,,,,all-time content manager snapshot,supplemental all-time content manager rollup,3,outputs/master_content_list_sources/20260705T000921Z_manyvids_content_manager.csv,2026-07-04T20:09:39
ManyVids,SSBBW Lingerie Tease and JOI w Countdown,SSBBW Lingerie Tease and JOI w Countdown,4714033,14.99,10,388.22,232.93,38.82,23.29,390.0,20.0,Custom Vid,,2026-07-05,,,,all-time content manager snapshot,supplemental all-time content manager rollup,3,outputs/master_content_list_sources/20260705T000921Z_manyvids_content_manager.csv,2026-07-04T20:09:39
ManyVids,SSBBW Ass Worship in Thong and Tights,SSBBW Ass Worship in Thong and Tights,4711610,15.99,32,726.62,435.97,22.71,13.62,615.0,39.0,Custom Vid,,2026-07-05,,,,all-time content manager snapshot,supplemental all-time content manager rollup,3,outputs/master_content_list_sources/20260705T000921Z_manyvids_content_manager.csv,2026-07-04T20:09:39
ManyVids,SSBBW Stuffing Donuts Pussy Play and JOI,SSBBW Stuffing Donuts Pussy Play and JOI,4663342,15.99,29,646.1,387.66,22.28,13.37,879.0,28.0,Custom Vid,,2026-07-05,,,,all-time content manager snapshot,supplemental all-time content manager rollup,3,outputs/master_content_list_sources/20260705T000921Z_manyvids_content_manager.csv,2026-07-04T20:09:39
ManyVids,SSBBW Workout Struggle in Lingerie,SSBBW Workout Struggle in Lingerie,4637237,14.99,11,443.2,265.92,40.29,24.17,668.0,10.0,Custom Vid,,2026-07-05,,,,all-time content manager snapshot,supplemental all-time content manager rollup,3,outputs/master_content_list_sources/20260705T000921Z_manyvids_content_manager.csv,2026-07-04T20:09:39
ManyVids,SSBBW Devours a Pile of KFC,SSBBW Devours a Pile of KFC,4636647,17.99,28,473.32,283.99,16.9,10.14,1129.0,16.0,Launched,,2026-07-05,,,,all-time content manager snapshot,supplemental all-time content manager rollup,3,outputs/master_content_list_sources/20260705T000921Z_manyvids_content_manager.csv,2026-07-04T20:09:39
ManyVids,Fat Dom GF Makes you Clean Sweaty Ass and Pussy,Fat Dom GF Makes you Clean Sweaty Ass and Pussy,4626897,15.99,100,1282.2,769.32,12.82,7.69,1780.0,77.0,Launched,,2026-07-05,,,,all-time content manager snapshot,supplemental all-time content manager rollup,3,outputs/master_content_list_sources/20260705T000921Z_manyvids_content_manager.csv,2026-07-04T20:09:39
ManyVids,Fatty Stuffs T Bell and Weighs In,Fatty Stuffs T Bell and Weighs In,4604019,16.99,29,492.72,295.63,16.99,10.19,1028.0,18.0,Launched,,2026-07-05,,,,all-time content manager snapshot,supplemental all-time content manager rollup,3,outputs/master_content_list_sources/20260705T000921Z_manyvids_content_manager.csv,2026-07-04T20:09:39
ManyVids,SSBBW Plays with Fat Pussy and Bounces,SSBBW Plays with Fat Pussy and Bounces,4550140,13.99,32,364.58,218.75,11.39,6.84,914.0,36.0,Launched,,2026-07-05,,,,all-time content manager snapshot,supplemental all-time content manager rollup,3,outputs/master_content_list_sources/20260705T000921Z_manyvids_content_manager.csv,2026-07-04T20:09:39
ManyVids,SSBBW Catwalk in Skinny Jeans and Heels,SSBBW Catwalk in Skinny Jeans and Heels,4547711,20.99,10,400.55,240.33,40.05,24.03,527.0,16.0,Custom Vid,,2026-07-05,,,,all-time content manager snapshot,supplemental all-time content manager rollup,3,outputs/master_content_list_sources/20260705T000921Z_manyvids_content_manager.csv,2026-07-04T20:09:39
ManyVids,Fatty Catwalks in Blue Lace and Heels,Fatty Catwalks in Blue Lace and Heels,4468418,16.99,25,658.52,395.11,26.34,15.8,1088.0,25.0,Custom Vid,,2026-07-05,,,,all-time content manager snapshot,supplemental all-time content manager rollup,3,outputs/master_content_list_sources/20260705T000921Z_manyvids_content_manager.csv,2026-07-04T20:09:39
ManyVids,Little Black Dress SSBBW Catwalk,Little Black Dress SSBBW Catwalk,4448243,16.99,26,668.83,401.3,25.72,15.43,1018.0,42.0,Custom Vid,,2026-07-05,,,,all-time content manager snapshot,supplemental all-time content manager rollup,3,outputs/master_content_list_sources/20260705T000921Z_manyvids_content_manager.csv,2026-07-04T20:09:39
ManyVids,SSBBW Bloats and Burps,SSBBW Bloats and Burps,4321703,12.99,18,199.92,119.95,11.11,6.66,1147.0,22.0,Launched,,2026-07-05,,,,all-time content manager snapshot,supplemental all-time content manager rollup,3,outputs/master_content_list_sources/20260705T000921Z_manyvids_content_manager.csv,2026-07-04T20:09:39
ManyVids,SSBBW No Hands Cake Stuffing,SSBBW No Hands Cake Stuffing,4288487,13.99,45,584.45,350.67,12.99,7.79,1786.0,29.0,Launched,,2026-07-05,,,,all-time content manager snapshot,supplemental all-time content manager rollup,3,outputs/master_content_list_sources/20260705T000921Z_manyvids_content_manager.csv,2026-07-04T20:09:39
ManyVids,BBW Bra Changing JOI w/ Cum Countdown,BBW Bra Changing JOI w/ Cum Countdown,4270004,16.99,6,335.7,201.42,55.95,33.57,643.0,23.0,Custom Vid,,2026-07-05,,,,all-time content manager snapshot,supplemental all-time content manager rollup,3,outputs/master_content_list_sources/20260705T000921Z_manyvids_content_manager.csv,2026-07-04T20:09:39
ManyVids,SSBBW Black Bikini Catwalk in Heels,SSBBW Black Bikini Catwalk in Heels,4239089,14.99,37,792.95,475.77,21.43,12.86,1301.0,38.0,Custom Vid,,2026-07-05,,,,all-time content manager snapshot,supplemental all-time content manager rollup,3,outputs/master_content_list_sources/20260705T000921Z_manyvids_content_manager.csv,2026-07-04T20:09:39
ManyVids,SSBBW Giantess GFE,SSBBW Giantess GFE,4238942,16.99,20,392.8,235.68,19.64,11.78,1243.0,21.0,Custom Vid,,2026-07-05,,,,all-time content manager snapshot,supplemental all-time content manager rollup,3,outputs/master_content_list_sources/20260705T000921Z_manyvids_content_manager.csv,2026-07-04T20:09:39
ManyVids,Bbw Weight Gain Makes Her Wet,Bbw Weight Gain Makes Her Wet,4193846,16.99,72,1016.28,609.77,14.12,8.47,2228.0,43.0,Launched,,2026-07-05,,,,all-time content manager snapshot,supplemental all-time content manager rollup,3,outputs/master_content_list_sources/20260705T000921Z_manyvids_content_manager.csv,2026-07-04T20:09:39
ManyVids,BBW Catwalk Bounce and Tease in Heels,BBW Catwalk Bounce and Tease in Heels,4193084,16.99,35,850.97,510.58,24.31,14.59,2166.0,42.0,Custom Vid,,2026-07-05,,,,all-time content manager snapshot,supplemental all-time content manager rollup,3,outputs/master_content_list_sources/20260705T000921Z_manyvids_content_manager.csv,2026-07-04T20:09:39
ManyVids,Kneel and Eat My Fat BBW Pussy,Kneel and Eat My Fat BBW Pussy,3802975,16.99,47,751.88,451.13,16.0,9.6,1845.0,64.0,Launched,,2026-07-05,,,,all-time content manager snapshot,supplemental all-time content manager rollup,3,outputs/master_content_list_sources/20260705T000921Z_manyvids_content_manager.csv,2026-07-04T20:09:39
ManyVids,BBW Morning Sex POV Solo,BBW Morning Sex POV Solo,3802955,12.99,105,1141.0,684.6,10.87,6.52,2066.0,51.0,Launched,,2026-07-05,,,,all-time content manager snapshot,supplemental all-time content manager rollup,3,outputs/master_content_list_sources/20260705T000921Z_manyvids_content_manager.csv,2026-07-04T20:09:39
ManyVids,Fatty Binges T Bell Burritos,Fatty Binges T Bell Burritos,3802945,17.99,13,224.87,134.92,17.3,10.38,1300.0,10.0,Launched,,2026-07-05,,,,all-time content manager snapshot,supplemental all-time content manager rollup,3,outputs/master_content_list_sources/20260705T000921Z_manyvids_content_manager.csv,2026-07-04T20:09:39
ManyVids,Fat Girl Sucks and Rides Dildo,Fat Girl Sucks and Rides Dildo,3802901,12.99,37,344.23,206.54,9.3,5.58,1456.0,54.0,Launched,,2026-07-05,,,,all-time content manager snapshot,supplemental all-time content manager rollup,3,outputs/master_content_list_sources/20260705T000921Z_manyvids_content_manager.csv,2026-07-04T20:09:39
ManyVids,Denim Shorts BBW Ass Worship,Denim Shorts BBW Ass Worship,3802881,10.99,65,535.75,321.45,8.24,4.95,1823.0,87.0,Launched,,2026-07-05,,,,all-time content manager snapshot,supplemental all-time content manager rollup,3,outputs/master_content_list_sources/20260705T000921Z_manyvids_content_manager.csv,2026-07-04T20:09:39
ManyVids,BBW Squirts in the Bathroom,BBW Squirts in the Bathroom,3802869,13.99,37,420.03,252.02,11.35,6.81,1560.0,31.0,Launched,,2026-07-05,,,,all-time content manager snapshot,supplemental all-time content manager rollup,3,outputs/master_content_list_sources/20260705T000921Z_manyvids_content_manager.csv,2026-07-04T20:09:39
ManyVids,Fatty Jumping on the Squeaky Bed,Fatty Jumping on the Squeaky Bed,3602524,12.99,33,350.27,210.16,10.61,6.37,1723.0,18.0,Launched,,2026-07-05,,,,all-time content manager snapshot,supplemental all-time content manager rollup,3,outputs/master_content_list_sources/20260705T000921Z_manyvids_content_manager.csv,2026-07-04T20:09:39
ManyVids,Fatty Fucks Herself in the Window,Fatty Fucks Herself in the Window,3489065,12.99,41,520.23,312.14,12.69,7.61,2073.0,53.0,Launched,,2026-07-05,,,,all-time content manager snapshot,supplemental all-time content manager rollup,3,outputs/master_content_list_sources/20260705T000921Z_manyvids_content_manager.csv,2026-07-04T20:09:39
ManyVids,BBW Gets Horny From Reading,BBW Gets Horny From Reading,3464942,16.99,10,144.4,86.64,14.44,8.66,1366.0,22.0,Launched,,2026-07-05,,,,all-time content manager snapshot,supplemental all-time content manager rollup,3,outputs/master_content_list_sources/20260705T000921Z_manyvids_content_manager.csv,2026-07-04T20:09:39
ManyVids,BBW Bounces Fat in the Shower,BBW Bounces Fat in the Shower,3398102,12.99,35,383.25,229.95,10.95,6.57,2181.0,62.0,Launched,,2026-07-05,,,,all-time content manager snapshot,supplemental all-time content manager rollup,3,outputs/master_content_list_sources/20260705T000921Z_manyvids_content_manager.csv,2026-07-04T20:09:39
ManyVids,Fat Party Girl Gets Wrong Room POV Solo,Fat Party Girl Gets Wrong Room POV Solo,3348746,11.99,171,2017.28,1210.37,11.8,7.08,3508.0,109.0,Launched,,2026-07-05,,,,all-time content manager snapshot,supplemental all-time content manager rollup,3,outputs/master_content_list_sources/20260705T000921Z_manyvids_content_manager.csv,2026-07-04T20:09:39
ManyVids,BBW Dancing and Masturbating in Mirror,BBW Dancing and Masturbating in Mirror,3269063,15.99,18,277.42,166.45,15.41,9.25,1692.0,34.0,Launched,,2026-07-05,,,,all-time content manager snapshot,supplemental all-time content manager rollup,3,outputs/master_content_list_sources/20260705T000921Z_manyvids_content_manager.csv,2026-07-04T20:09:39
ManyVids,Fat Teasing and Pussy Fucking,Fat Teasing and Pussy Fucking,3259480,13.99,40,522.6,313.56,13.07,7.84,1911.0,58.0,Launched,,2026-07-05,,,,all-time content manager snapshot,supplemental all-time content manager rollup,3,outputs/master_content_list_sources/20260705T000921Z_manyvids_content_manager.csv,2026-07-04T20:09:39
ManyVids,Fat Naked Yoga,Fat Naked Yoga,3222299,12.99,27,348.78,209.27,12.92,7.75,2160.0,60.0,Launched,,2026-07-05,,,,all-time content manager snapshot,supplemental all-time content manager rollup,3,outputs/master_content_list_sources/20260705T000921Z_manyvids_content_manager.csv,2026-07-04T20:09:39
ManyVids,Fat Pussy Dripping on Your Face,Fat Pussy Dripping on Your Face,3204515,13.99,31,349.68,209.81,11.28,6.77,1942.0,58.0,Launched,,2026-07-05,,,,all-time content manager snapshot,supplemental all-time content manager rollup,3,outputs/master_content_list_sources/20260705T000921Z_manyvids_content_manager.csv,2026-07-04T20:09:39
ManyVids,Sexy BBW Wants to Masturbate Together,Sexy BBW Wants to Masturbate Together,3193128,16.99,12,174.38,104.63,14.53,8.72,2007.0,35.0,Launched,,2026-07-05,,,,all-time content manager snapshot,supplemental all-time content manager rollup,3,outputs/master_content_list_sources/20260705T000921Z_manyvids_content_manager.csv,2026-07-04T20:09:39
ManyVids,Fat Girl Stuffs Donuts and Rides Dildo,Fat Girl Stuffs Donuts and Rides Dildo,3171961,13.99,34,409.57,245.74,12.05,7.23,1911.0,26.0,Launched,,2026-07-05,,,,all-time content manager snapshot,supplemental all-time content manager rollup,3,outputs/master_content_list_sources/20260705T000921Z_manyvids_content_manager.csv,2026-07-04T20:09:39
ManyVids,BBW Spread and Begging for Anal,BBW Spread and Begging for Anal,3156543,13.99,27,293.53,176.12,10.87,6.52,2076.0,59.0,Launched,,2026-07-05,,,,all-time content manager snapshot,supplemental all-time content manager rollup,3,outputs/master_content_list_sources/20260705T000921Z_manyvids_content_manager.csv,2026-07-04T20:09:39
ManyVids,BBW Stripper Lets You Fuck in VIP,BBW Stripper Lets You Fuck in VIP,3125516,12.99,49,552.57,331.54,11.28,6.77,1872.0,50.0,Launched,,2026-07-05,,,,all-time content manager snapshot,supplemental all-time content manager rollup,3,outputs/master_content_list_sources/20260705T000921Z_manyvids_content_manager.csv,2026-07-04T20:09:39
ManyVids,Fatty BBW Cums Instead of Exercise,Fatty BBW Cums Instead of Exercise,3112531,12.99,26,290.23,174.14,11.16,6.7,2408.0,38.0,Launched,,2026-07-05,,,,all-time content manager snapshot,supplemental all-time content manager rollup,3,outputs/master_content_list_sources/20260705T000921Z_manyvids_content_manager.csv,2026-07-04T20:09:39
ManyVids,Very Berry Fat Body Tease,Very Berry Fat Body Tease,3092012,15.99,3,47.97,28.78,15.99,9.59,1374.0,21.0,Launched,,2026-07-05,,,,all-time content manager snapshot,supplemental all-time content manager rollup,3,outputs/master_content_list_sources/20260705T000921Z_manyvids_content_manager.csv,2026-07-04T20:09:39
ManyVids,BBW Fucks Dripping Pussy with Dildo,BBW Fucks Dripping Pussy with Dildo,3076177,16.99,21,337.78,202.67,16.08,9.65,1919.0,35.0,Launched,,2026-07-05,,,,all-time content manager snapshot,supplemental all-time content manager rollup,3,outputs/master_content_list_sources/20260705T000921Z_manyvids_content_manager.csv,2026-07-04T20:09:39
ManyVids,Feedee BBW Wants to Stop Gaining POV,Feedee BBW Wants to Stop Gaining POV,3052110,15.99,45,965.43,579.26,21.45,12.87,1166.0,25.0,Custom Vid,,2026-07-05,,,,all-time content manager snapshot,supplemental all-time content manager rollup,3,outputs/master_content_list_sources/20260705T000921Z_manyvids_content_manager.csv,2026-07-04T20:09:39
ManyVids,Sexy BBW Oiling Up Her Fat,Sexy BBW Oiling Up Her Fat,3041317,16.99,10,148.9,89.34,14.89,8.93,2017.0,23.0,Launched,,2026-07-05,,,,all-time content manager snapshot,supplemental all-time content manager rollup,3,outputs/master_content_list_sources/20260705T000921Z_manyvids_content_manager.csv,2026-07-04T20:09:39
ManyVids,Sweaty Fatty Makes You Lick Her Crevices,Sweaty Fatty Makes You Lick Her Crevices,2994930,16.99,55,824.4,494.64,14.99,8.99,2310.0,55.0,Launched,,2026-07-05,,,,all-time content manager snapshot,supplemental all-time content manager rollup,3,outputs/master_content_list_sources/20260705T000921Z_manyvids_content_manager.csv,2026-07-04T20:09:39
ManyVids,BBW Vibes Clit and Drools in a Ball Gag,BBW Vibes Clit and Drools in a Ball Gag,2997592,14.99,11,153.63,92.18,13.97,8.38,1675.0,34.0,Launched,,2026-07-05,,,,all-time content manager snapshot,supplemental all-time content manager rollup,3,outputs/master_content_list_sources/20260705T000921Z_manyvids_content_manager.csv,2026-07-04T20:09:39
ManyVids,BBW Slow Sensual Pole Dance,BBW Slow Sensual Pole Dance,2994778,12.99,24,263.77,158.26,10.99,6.59,2256.0,49.0,Launched,,2026-07-05,,,,all-time content manager snapshot,supplemental all-time content manager rollup,3,outputs/master_content_list_sources/20260705T000921Z_manyvids_content_manager.csv,2026-07-04T20:09:39
ManyVids,BBW Shaking Her Fat Ass,BBW Shaking Her Fat Ass,2956866,10.99,58,576.77,346.06,9.94,5.97,2377.0,68.0,Launched,,2026-07-05,,,,all-time content manager snapshot,supplemental all-time content manager rollup,3,outputs/master_content_list_sources/20260705T000921Z_manyvids_content_manager.csv,2026-07-04T20:09:39
ManyVids,Hairy BBW Pussy Clit Pumped and Vibed,Hairy BBW Pussy Clit Pumped and Vibed,2925716,17.99,15,269.85,161.91,17.99,10.79,2154.0,26.0,Launched,,2026-07-05,,,,all-time content manager snapshot,supplemental all-time content manager rollup,3,outputs/master_content_list_sources/20260705T000921Z_manyvids_content_manager.csv,2026-07-04T20:09:39
ManyVids,BBW Dildo Riding and Facial Cumshot,BBW Dildo Riding and Facial Cumshot,2893861,12.99,41,427.73,256.64,10.43,6.26,2411.0,45.0,Launched,,2026-07-05,,,,all-time content manager snapshot,supplemental all-time content manager rollup,3,outputs/master_content_list_sources/20260705T000921Z_manyvids_content_manager.csv,2026-07-04T20:09:39
ManyVids,Fat Clapping in the Mirror,Fat Clapping in the Mirror,2881240,12.99,7,78.98,47.39,11.28,6.77,1415.0,18.0,Launched,,2026-07-05,,,,all-time content manager snapshot,supplemental all-time content manager rollup,3,outputs/master_content_list_sources/20260705T000921Z_manyvids_content_manager.csv,2026-07-04T20:09:39
ManyVids,Rose Quartz in my Fat Pussy,Rose Quartz in my Fat Pussy,2855871,15.99,14,221.47,132.88,15.82,9.49,1887.0,39.0,Launched,,2026-07-05,,,,all-time content manager snapshot,supplemental all-time content manager rollup,4,outputs/master_content_list_sources/20260705T000921Z_manyvids_content_manager.csv,2026-07-04T20:09:39
ManyVids,BBW Rides Your Face and Cock POV,BBW Rides Your Face and Cock POV,2835213,13.99,70,786.6,471.96,11.24,6.74,2878.0,102.0,Launched,,2026-07-05,,,,all-time content manager snapshot,supplemental all-time content manager rollup,4,outputs/master_content_list_sources/20260705T000921Z_manyvids_content_manager.csv,2026-07-04T20:09:39
ManyVids,BBW Sucks and Fucks in the Sun,BBW Sucks and Fucks in the Sun,2820781,13.99,45,588.45,353.07,13.08,7.85,2265.0,60.0,Launched,,2026-07-05,,,,all-time content manager snapshot,supplemental all-time content manager rollup,4,outputs/master_content_list_sources/20260705T000921Z_manyvids_content_manager.csv,2026-07-04T20:09:39
ManyVids,Video Chat with Horny GF Vertical Vid,Video Chat with Horny GF Vertical Vid,2798701,11.99,13,119.87,71.92,9.22,5.53,1472.0,21.0,Launched,,2026-07-05,,,,all-time content manager snapshot,supplemental all-time content manager rollup,4,outputs/master_content_list_sources/20260705T000921Z_manyvids_content_manager.csv,2026-07-04T20:09:39
ManyVids,BBW Striptease and Lapdance POV,BBW Striptease and Lapdance POV,2770478,11.99,39,467.62,280.57,11.99,7.19,2059.0,46.0,Launched,,2026-07-05,,,,all-time content manager snapshot,supplemental all-time content manager rollup,4,outputs/master_content_list_sources/20260705T000921Z_manyvids_content_manager.csv,2026-07-04T20:09:39
ManyVids,Fat Chat Gets Me Hot,Fat Chat Gets Me Hot,2770390,11.99,52,519.48,311.69,9.99,5.99,2353.0,38.0,Launched,,2026-07-05,,,,all-time content manager snapshot,supplemental all-time content manager rollup,4,outputs/master_content_list_sources/20260705T000921Z_manyvids_content_manager.csv,2026-07-04T20:09:39
ManyVids,Creampie My Fat Creamy Pussy,Creampie My Fat Creamy Pussy,2770353,16.99,46,691.48,414.89,15.03,9.02,2260.0,55.0,Launched,,2026-07-05,,,,all-time content manager snapshot,supplemental all-time content manager rollup,4,outputs/master_content_list_sources/20260705T000921Z_manyvids_content_manager.csv,2026-07-04T20:09:39
ManyVids,BBW Body Jiggles in the Pool,BBW Body Jiggles in the Pool,2729699,13.99,16,211.83,127.1,13.24,7.94,2015.0,33.0,Launched,,2026-07-05,,,,all-time content manager snapshot,supplemental all-time content manager rollup,4,outputs/master_content_list_sources/20260705T000921Z_manyvids_content_manager.csv,2026-07-04T20:09:39
ManyVids,Stroke and Cum with a Fatty,Stroke and Cum with a Fatty,2714998,11.99,14,161.87,97.12,11.56,6.94,1587.0,29.0,Launched,,2026-07-05,,,,all-time content manager snapshot,supplemental all-time content manager rollup,4,outputs/master_content_list_sources/20260705T000921Z_manyvids_content_manager.csv,2026-07-04T20:09:39
ManyVids,Shower Hookup w/ Slutty Airbnb Guest,Shower Hookup w/ Slutty Airbnb Guest,2696602,11.99,49,457.92,274.75,9.35,5.61,2086.0,32.0,Launched,,2026-07-05,,,,all-time content manager snapshot,supplemental all-time content manager rollup,4,outputs/master_content_list_sources/20260705T000921Z_manyvids_content_manager.csv,2026-07-04T20:09:39
ManyVids,Messy Fat Belly Play with Persimmon,Messy Fat Belly Play with Persimmon,2696123,15.99,5,79.95,47.97,15.99,9.59,1243.0,13.0,Launched,,2026-07-05,,,,all-time content manager snapshot,supplemental all-time content manager rollup,4,outputs/master_content_list_sources/20260705T000921Z_manyvids_content_manager.csv,2026-07-04T20:09:39
ManyVids,BBW Gives Smoky BJ and Vibes Fat Pussy,BBW Gives Smoky BJ and Vibes Fat Pussy,2654887,12.99,12,153.93,92.36,12.83,7.7,1682.0,23.0,Launched,,2026-07-05,,,,all-time content manager snapshot,supplemental all-time content manager rollup,4,outputs/master_content_list_sources/20260705T000921Z_manyvids_content_manager.csv,2026-07-04T20:09:39
ManyVids,Cum Shot on My Fat Droopy Tits,Cum Shot on My Fat Droopy Tits,2606879,14.99,2,29.98,17.99,14.99,8.99,1803.0,40.0,Launched,,2026-07-05,,,,all-time content manager snapshot,supplemental all-time content manager rollup,4,outputs/master_content_list_sources/20260705T000921Z_manyvids_content_manager.csv,2026-07-04T20:09:39
ManyVids,Your Cum Makes Me Gain,Your Cum Makes Me Gain,2577728,11.99,31,369.88,221.93,11.93,7.16,2978.0,59.0,Launched,,2026-07-05,,,,all-time content manager snapshot,supplemental all-time content manager rollup,4,outputs/master_content_list_sources/20260705T000921Z_manyvids_content_manager.csv,2026-07-04T20:09:39
ManyVids,Chubby Pussy Fucked with a Glass Toy,Chubby Pussy Fucked with a Glass Toy,2534497,7.99,12,95.88,57.53,7.99,4.79,1496.0,21.0,Launched,,2026-07-05,,,,all-time content manager snapshot,supplemental all-time content manager rollup,4,outputs/master_content_list_sources/20260705T000921Z_manyvids_content_manager.csv,2026-07-04T20:09:39
ManyVids,Red Satin Shorts Fat Booty Worship,Red Satin Shorts Fat Booty Worship,2505316,6.99,31,215.63,129.38,6.96,4.17,1894.0,48.0,Launched,,2026-07-05,,,,all-time content manager snapshot,supplemental all-time content manager rollup,4,outputs/master_content_list_sources/20260705T000921Z_manyvids_content_manager.csv,2026-07-04T20:09:39
ManyVids,Vibing My Fat Pussy in the Bath,Vibing My Fat Pussy in the Bath,2486125,14.99,11,162.63,97.58,14.78,8.87,1738.0,26.0,Launched,,2026-07-05,,,,all-time content manager snapshot,supplemental all-time content manager rollup,4,outputs/master_content_list_sources/20260705T000921Z_manyvids_content_manager.csv,2026-07-04T20:09:39
ManyVids,Fat Ass Clapping and Dildo Riding BBW,Fat Ass Clapping and Dildo Riding BBW,2470292,10.99,46,500.58,300.35,10.88,6.53,2412.0,42.0,Launched,,2026-07-05,,,,all-time content manager snapshot,supplemental all-time content manager rollup,4,outputs/master_content_list_sources/20260705T000921Z_manyvids_content_manager.csv,2026-07-04T20:09:39
ManyVids,BBW Body Bouncing and Jiggling,BBW Body Bouncing and Jiggling,2426719,9.99,23,229.77,137.86,9.99,5.99,2442.0,42.0,Launched,,2026-07-05,,,,all-time content manager snapshot,supplemental all-time content manager rollup,4,outputs/master_content_list_sources/20260705T000921Z_manyvids_content_manager.csv,2026-07-04T20:09:39
ManyVids,Fat Pussy Play w/ JOI and Cum Countdown,Fat Pussy Play w/ JOI and Cum Countdown,2410748,8.99,25,215.75,129.45,8.63,5.18,2202.0,54.0,Launched,,2026-07-05,,,,all-time content manager snapshot,supplemental all-time content manager rollup,4,outputs/master_content_list_sources/20260705T000921Z_manyvids_content_manager.csv,2026-07-04T20:09:39
ManyVids,Soft Belly BBW Stuffs Face with Pizza,Soft Belly BBW Stuffs Face with Pizza,2395332,14.99,21,307.28,184.37,14.63,8.78,2757.0,23.0,Launched,,2026-07-05,,,,all-time content manager snapshot,supplemental all-time content manager rollup,4,outputs/master_content_list_sources/20260705T000921Z_manyvids_content_manager.csv,2026-07-04T20:09:39
ManyVids,Hot Fatty Fucks Dildo in the Shower,Hot Fatty Fucks Dildo in the Shower,2379936,10.99,40,419.8,251.88,10.5,6.3,2099.0,36.0,Launched,,2026-07-05,,,,all-time content manager snapshot,supplemental all-time content manager rollup,4,outputs/master_content_list_sources/20260705T000921Z_manyvids_content_manager.csv,2026-07-04T20:09:39
ManyVids,Come Back to Bed POV Solo,Come Back to Bed POV Solo,2368360,10.99,106,1148.43,689.06,10.83,6.5,3423.0,71.0,Launched,,2026-07-05,,,,all-time content manager snapshot,supplemental all-time content manager rollup,4,outputs/master_content_list_sources/20260705T000921Z_manyvids_content_manager.csv,2026-07-04T20:09:39
ManyVids,Fat Ass Clapping in Slow Motion,Fat Ass Clapping in Slow Motion,2348091,9.99,5,49.95,29.97,9.99,5.99,1527.0,31.0,Launched,,2026-07-05,,,,all-time content manager snapshot,supplemental all-time content manager rollup,4,outputs/master_content_list_sources/20260705T000921Z_manyvids_content_manager.csv,2026-07-04T20:09:39
ManyVids,Lady Sublime BBW Full Body Measurements,Lady Sublime BBW Full Body Measurements,2333816,8.99,28,241.37,144.82,8.62,5.17,6140.0,35.0,Launched,,2026-07-05,,,,all-time content manager snapshot,supplemental all-time content manager rollup,4,outputs/master_content_list_sources/20260705T000921Z_manyvids_content_manager.csv,2026-07-04T20:09:39
ManyVids,BBW Double BJ and Double Vaginal,BBW Double BJ and Double Vaginal,2315300,14.99,12,176.13,105.68,14.68,8.81,1762.0,17.0,Launched,,2026-07-05,,,,all-time content manager snapshot,supplemental all-time content manager rollup,4,outputs/master_content_list_sources/20260705T000921Z_manyvids_content_manager.csv,2026-07-04T20:09:39
ManyVids,Spying On Your Sexy Fat Roomate,Spying On Your Sexy Fat Roomate,2301084,10.99,30,325.3,195.18,10.84,6.51,2009.0,24.0,Launched,,2026-07-05,,,,all-time content manager snapshot,supplemental all-time content manager rollup,4,outputs/master_content_list_sources/20260705T000921Z_manyvids_content_manager.csv,2026-07-04T20:09:39
ManyVids,BBW Catwalk in Bodystocking Dress,BBW Catwalk in Bodystocking Dress,2251182,7.99,29,227.72,136.63,7.85,4.71,2854.0,42.0,Launched,,2026-07-05,,,,all-time content manager snapshot,supplemental all-time content manager rollup,4,outputs/master_content_list_sources/20260705T000921Z_manyvids_content_manager.csv,2026-07-04T20:09:39
ManyVids,Fat Pussy Fucking with Chubby Little Toy,Fat Pussy Fucking with Chubby Little Toy,2235624,13.99,13,176.27,105.76,13.56,8.14,1761.0,24.0,Launched,,2026-07-05,,,,all-time content manager snapshot,supplemental all-time content manager rollup,4,outputs/master_content_list_sources/20260705T000921Z_manyvids_content_manager.csv,2026-07-04T20:09:39
ManyVids,Oiled BBW Slides Naked on Air Mattress,Oiled BBW Slides Naked on Air Mattress,2222361,10.99,53,804.85,482.91,15.19,9.11,3072.0,71.0,Custom Vid,,2026-07-05,,,,all-time content manager snapshot,supplemental all-time content manager rollup,4,outputs/master_content_list_sources/20260705T000921Z_manyvids_content_manager.csv,2026-07-04T20:09:39
ManyVids,Nude Tights Fat Ass Worship,Nude Tights Fat Ass Worship,2221306,10.99,25,265.4,159.24,10.62,6.37,2517.0,37.0,Launched,,2026-07-05,,,,all-time content manager snapshot,supplemental all-time content manager rollup,4,outputs/master_content_list_sources/20260705T000921Z_manyvids_content_manager.csv,2026-07-04T20:09:39
ManyVids,Tight Dress Fat Bouncing,Tight Dress Fat Bouncing,2189101,5.99,43,252.17,151.3,5.86,3.52,2663.0,37.0,Launched,,2026-07-05,,,,all-time content manager snapshot,supplemental all-time content manager rollup,4,outputs/master_content_list_sources/20260705T000921Z_manyvids_content_manager.csv,2026-07-04T20:09:39
ManyVids,Fat Twerking Ass & Dripping Chubby Pussy,Fat Twerking Ass & Dripping Chubby Pussy,2172935,11.99,24,285.37,171.22,11.89,7.13,2866.0,50.0,Launched,,2026-07-05,,,,all-time content manager snapshot,supplemental all-time content manager rollup,4,outputs/master_content_list_sources/20260705T000921Z_manyvids_content_manager.csv,2026-07-04T20:09:39
ManyVids,Smoking and Sensual Fat Belly Rubbing,Smoking and Sensual Fat Belly Rubbing,2156403,8.99,10,86.75,52.05,8.68,5.21,2275.0,22.0,Launched,,2026-07-05,,,,all-time content manager snapshot,supplemental all-time content manager rollup,4,outputs/master_content_list_sources/20260705T000921Z_manyvids_content_manager.csv,2026-07-04T20:09:39
ManyVids,BBW Shower Hidden Camera,BBW Shower Hidden Camera,2140501,11.99,6,68.93,41.36,11.49,6.89,1732.0,13.0,Launched,,2026-07-05,,,,all-time content manager snapshot,supplemental all-time content manager rollup,4,outputs/master_content_list_sources/20260705T000921Z_manyvids_content_manager.csv,2026-07-04T20:09:39
ManyVids,Fattened Up For Master Part II,Fattened Up For Master Part II,2128669,19.99,27,749.73,449.84,27.77,16.66,1960.0,24.0,Custom Vid,,2026-07-05,,,,all-time content manager snapshot,supplemental all-time content manager rollup,4,outputs/master_content_list_sources/20260705T000921Z_manyvids_content_manager.csv,2026-07-04T20:09:39
ManyVids,BBW Fucks and Sucks POV,BBW Fucks and Sucks POV,2122761,11.99,73,862.67,517.6,11.82,7.09,3363.0,56.0,Launched,,2026-07-05,,,,all-time content manager snapshot,supplemental all-time content manager rollup,4,outputs/master_content_list_sources/20260705T000921Z_manyvids_content_manager.csv,2026-07-04T20:09:39
ManyVids,400lb BBW Bounces On Your Cock,400lb BBW Bounces On Your Cock,2106305,7.99,73,570.07,342.04,7.81,4.69,2929.0,56.0,Launched,,2026-07-05,,,,all-time content manager snapshot,supplemental all-time content manager rollup,4,outputs/master_content_list_sources/20260705T000921Z_manyvids_content_manager.csv,2026-07-04T20:09:39
ManyVids,Hot Fatty Stuffs Snack Cakes,Hot Fatty Stuffs Snack Cakes,2106297,14.99,16,236.08,141.65,14.76,8.85,2036.0,16.0,Launched,,2026-07-05,,,,all-time content manager snapshot,supplemental all-time content manager rollup,4,outputs/master_content_list_sources/20260705T000921Z_manyvids_content_manager.csv,2026-07-04T20:09:39
ManyVids,Fattened Up For Master,Fattened Up For Master,2093026,19.99,34,893.65,536.19,26.28,15.77,1911.0,27.0,Custom Vid,,2026-07-05,,,,all-time content manager snapshot,supplemental all-time content manager rollup,4,outputs/master_content_list_sources/20260705T000921Z_manyvids_content_manager.csv,2026-07-04T20:09:39
ManyVids,Fat Pussy Rubbing,Fat Pussy Rubbing,2060856,11.99,19,220.02,132.01,11.58,6.95,2629.0,41.0,Launched,,2026-07-05,,,,all-time content manager snapshot,supplemental all-time content manager rollup,4,outputs/master_content_list_sources/20260705T000921Z_manyvids_content_manager.csv,2026-07-04T20:09:39
ManyVids,Stuffing My Fat Belly With Potato Chips,Stuffing My Fat Belly With Potato Chips,2037163,7.99,10,79.9,47.94,7.99,4.79,2792.0,20.0,Launched,,2026-07-05,,,,all-time content manager snapshot,supplemental all-time content manager rollup,4,outputs/master_content_list_sources/20260705T000921Z_manyvids_content_manager.csv,2026-07-04T20:09:39
ManyVids,Trying On Clothes I'm Too Fat For,Trying On Clothes I'm Too Fat For,2018006,12.99,55,702.1,421.26,12.77,7.66,4604.0,51.0,Launched,,2026-07-05,,,,all-time content manager snapshot,supplemental all-time content manager rollup,4,outputs/master_content_list_sources/20260705T000921Z_manyvids_content_manager.csv,2026-07-04T20:09:39
ManyVids,Flopping My Fat Around,Flopping My Fat Around,1968116,7.99,23,180.57,108.34,7.85,4.71,3029.0,35.0,Launched,,2026-07-05,,,,all-time content manager snapshot,supplemental all-time content manager rollup,4,outputs/master_content_list_sources/20260705T000921Z_manyvids_content_manager.csv,2026-07-04T20:09:39
ManyVids,BBW Begs for Your Cum on Her Hairy Pussy,BBW Begs for Your Cum on Her Hairy Pussy,1951103,5.99,43,248.87,149.32,5.79,3.47,2472.0,41.0,Launched,,2026-07-05,,,,all-time content manager snapshot,supplemental all-time content manager rollup,4,outputs/master_content_list_sources/20260705T000921Z_manyvids_content_manager.csv,2026-07-04T20:09:39
ManyVids,"Finger Sucking, Licking, and Spit Play","Finger Sucking, Licking, and Spit Play",1951089,3.99,8,31.92,19.15,3.99,2.39,2467.0,18.0,Launched,,2026-07-05,,,,all-time content manager snapshot,supplemental all-time content manager rollup,4,outputs/master_content_list_sources/20260705T000921Z_manyvids_content_manager.csv,2026-07-04T20:09:39
ManyVids,Slow Motion Fat Belly Bouncing,Slow Motion Fat Belly Bouncing,1950024,5.99,30,174.6,104.76,5.82,3.49,4522.0,36.0,Launched,,2026-07-05,,,,all-time content manager snapshot,supplemental all-time content manager rollup,4,outputs/master_content_list_sources/20260705T000921Z_manyvids_content_manager.csv,2026-07-04T20:09:39
ManyVids,Fat Girl Pillow Grinding and Moaning,Fat Girl Pillow Grinding and Moaning,1934059,8.99,35,309.7,185.82,8.85,5.31,2534.0,53.0,Launched,,2026-07-05,,,,all-time content manager snapshot,supplemental all-time content manager rollup,4,outputs/master_content_list_sources/20260705T000921Z_manyvids_content_manager.csv,2026-07-04T20:09:39
ManyVids,BBW Gags and Drools While Sucking Dildo,BBW Gags and Drools While Sucking Dildo,1917704,5.99,11,65.88,39.53,5.99,3.59,2126.0,26.0,Launched,,2026-07-05,,,,all-time content manager snapshot,supplemental all-time content manager rollup,4,outputs/master_content_list_sources/20260705T000921Z_manyvids_content_manager.csv,2026-07-04T20:09:39
ManyVids,Fatty in the Shower,Fatty in the Shower,1918094,9.99,31,307.18,184.31,9.91,5.95,3824.0,29.0,Launched,,2026-07-05,,,,all-time content manager snapshot,supplemental all-time content manager rollup,4,outputs/master_content_list_sources/20260705T000921Z_manyvids_content_manager.csv,2026-07-04T20:09:39
ManyVids,Fat Stripper Gives You a Lapdance,Fat Stripper Gives You a Lapdance,1917637,10.99,40,435.2,261.12,10.88,6.53,2287.0,39.0,Launched,,2026-07-05,,,,all-time content manager snapshot,supplemental all-time content manager rollup,5,outputs/master_content_list_sources/20260705T000921Z_manyvids_content_manager.csv,2026-07-04T20:09:39
ManyVids,BBW Vibes Chubby Pussy Through Her Thong,BBW Vibes Chubby Pussy Through Her Thong,1900907,14.99,7,104.93,62.96,14.99,8.99,1704.0,32.0,Launched,,2026-07-05,,,,all-time content manager snapshot,supplemental all-time content manager rollup,5,outputs/master_content_list_sources/20260705T000921Z_manyvids_content_manager.csv,2026-07-04T20:09:39
ManyVids,Titty Fucking and Sucking,Titty Fucking and Sucking,1892464,6.99,12,82.48,49.49,6.87,4.12,1757.0,33.0,Launched,,2026-07-05,,,,all-time content manager snapshot,supplemental all-time content manager rollup,5,outputs/master_content_list_sources/20260705T000921Z_manyvids_content_manager.csv,2026-07-04T20:09:39
ManyVids,Rubbing Lotion on My Fat Tits and Belly,Rubbing Lotion on My Fat Tits and Belly,1885901,10.99,7,76.93,46.16,10.99,6.59,1607.0,21.0,Launched,,2026-07-05,,,,all-time content manager snapshot,supplemental all-time content manager rollup,5,outputs/master_content_list_sources/20260705T000921Z_manyvids_content_manager.csv,2026-07-04T20:09:39
ManyVids,BBW Covered in Oil - Full Nude Version,BBW Covered in Oil - Full Nude Version,1868202,7.99,66,520.13,312.08,7.88,4.73,5141.0,66.0,Launched,,2026-07-05,,,,all-time content manager snapshot,supplemental all-time content manager rollup,5,outputs/master_content_list_sources/20260705T000921Z_manyvids_content_manager.csv,2026-07-04T20:09:39
ManyVids,BBW Covered in Oil,BBW Covered in Oil,1868124,3.99,0,0.0,0.0,,,6005.0,157.0,Launched,,2026-07-05,,,,all-time content manager snapshot,supplemental all-time content manager rollup,5,outputs/master_content_list_sources/20260705T000921Z_manyvids_content_manager.csv,2026-07-04T20:09:39
ManyVids,BBW Catwalk and Belly Bouncing in Heels,BBW Catwalk and Belly Bouncing in Heels,1852791,7.99,51,404.28,242.57,7.93,4.76,3611.0,50.0,Launched,,2026-07-05,,,,all-time content manager snapshot,supplemental all-time content manager rollup,5,outputs/master_content_list_sources/20260705T000921Z_manyvids_content_manager.csv,2026-07-04T20:09:39
ManyVids,Fat GF Gets Horny Watching Netflix,Fat GF Gets Horny Watching Netflix,1852689,14.99,27,402.48,241.49,14.91,8.94,2392.0,40.0,Launched,,2026-07-05,,,,all-time content manager snapshot,supplemental all-time content manager rollup,5,outputs/master_content_list_sources/20260705T000921Z_manyvids_content_manager.csv,2026-07-04T20:09:39
ManyVids,BBW Shaking her 65-inch Ass,BBW Shaking her 65-inch Ass,1852465,4.99,48,238.77,143.26,4.97,2.98,2933.0,52.0,Launched,,2026-07-05,,,,all-time content manager snapshot,supplemental all-time content manager rollup,5,outputs/master_content_list_sources/20260705T000921Z_manyvids_content_manager.csv,2026-07-04T20:09:39
ManyVids,Peeping on My Camshow,Peeping on My Camshow,1841898,4.99,17,83.08,49.85,4.89,2.93,1479.0,13.0,Launched,,2026-07-05,,,,all-time content manager snapshot,supplemental all-time content manager rollup,5,outputs/master_content_list_sources/20260705T000921Z_manyvids_content_manager.csv,2026-07-04T20:09:39
ManyVids,Gorgeous BBW Gets Naughty in the Bath,Gorgeous BBW Gets Naughty in the Bath,1841827,4.99,18,87.07,52.24,4.84,2.9,1993.0,23.0,Launched,,2026-07-05,,,,all-time content manager snapshot,supplemental all-time content manager rollup,5,outputs/master_content_list_sources/20260705T000921Z_manyvids_content_manager.csv,2026-07-04T20:09:39
ManyVids,Sexy Fat Girl Binges 50 Chicken Wings,Sexy Fat Girl Binges 50 Chicken Wings,1841800,4.99,52,258.73,155.24,4.98,2.99,2970.0,23.0,Launched,,2026-07-05,,,,all-time content manager snapshot,supplemental all-time content manager rollup,5,outputs/master_content_list_sources/20260705T000921Z_manyvids_content_manager.csv,2026-07-04T20:09:39
ManyVids,Cute BBW is Horny for You - Solo POV,Cute BBW is Horny for You - Solo POV,1841610,4.99,115,569.1,341.46,4.95,2.97,3852.0,71.0,Launched,,2026-07-05,,,,all-time content manager snapshot,supplemental all-time content manager rollup,5,outputs/master_content_list_sources/20260705T000921Z_manyvids_content_manager.csv,2026-07-04T20:09:39
ManyVids,Chubby Hairy Pussy Play,Chubby Hairy Pussy Play,1841440,4.99,65,320.85,192.51,4.94,2.96,3329.0,55.0,Launched,,2026-07-05,,,,all-time content manager snapshot,supplemental all-time content manager rollup,5,outputs/master_content_list_sources/20260705T000921Z_manyvids_content_manager.csv,2026-07-04T20:09:39
ManyVids,Oiled-Up BBW Bounces Fat for You,Oiled-Up BBW Bounces Fat for You,1841495,4.99,127,626.48,375.89,4.93,2.96,4927.0,95.0,Launched,,2026-07-05,,,,all-time content manager snapshot,supplemental all-time content manager rollup,5,outputs/master_content_list_sources/20260705T000921Z_manyvids_content_manager.csv,2026-07-04T20:09:39
ManyVids,Touring My Fat Jiggly Body,Touring My Fat Jiggly Body,1840854,4.99,75,369.25,221.55,4.92,2.95,4177.0,66.0,Launched,,2026-07-05,,,,all-time content manager snapshot,supplemental all-time content manager rollup,5,outputs/master_content_list_sources/20260705T000921Z_manyvids_content_manager.csv,2026-07-04T20:09:39
ManyVids,Sexy BBW Begs for Your Cock,Sexy BBW Begs for Your Cock,1840768,4.99,89,441.87,265.12,4.96,2.98,4212.0,47.0,Launched,,2026-07-05,,,,all-time content manager snapshot,supplemental all-time content manager rollup,5,outputs/master_content_list_sources/20260705T000921Z_manyvids_content_manager.csv,2026-07-04T20:09:39
ManyVids,Hitachi Makes My Fat Pussy Squirt,Hitachi Makes My Fat Pussy Squirt,1837953,4.99,60,297.15,178.29,4.95,2.97,2485.0,51.0,Launched,,2026-07-05,,,,all-time content manager snapshot,supplemental all-time content manager rollup,5,outputs/master_content_list_sources/20260705T000921Z_manyvids_content_manager.csv,2026-07-04T20:09:39
ManyVids,BBW Wants You to Stroke for Her Fat,BBW Wants You to Stroke for Her Fat,1801983,4.99,64,315.62,189.37,4.93,2.96,2592.0,48.0,Launched,,2026-07-05,,,,all-time content manager snapshot,supplemental all-time content manager rollup,5,outputs/master_content_list_sources/20260705T000921Z_manyvids_content_manager.csv,2026-07-04T20:09:39
ManyVids,Cute Fatty Stuffs Powdered Donuts,Cute Fatty Stuffs Powdered Donuts,1837294,4.99,34,167.17,100.3,4.92,2.95,1847.0,15.0,Launched,,2026-07-05,,,,all-time content manager snapshot,supplemental all-time content manager rollup,5,outputs/master_content_list_sources/20260705T000921Z_manyvids_content_manager.csv,2026-07-04T20:09:39
ManyVids,Fatty Cums in Fishnet Dress,Fatty Cums in Fishnet Dress,1796316,4.99,17,84.08,50.45,4.95,2.97,1028.0,18.0,Launched,,2026-07-05,,,,all-time content manager snapshot,supplemental all-time content manager rollup,5,outputs/master_content_list_sources/20260705T000921Z_manyvids_content_manager.csv,2026-07-04T20:09:39
ManyVids,BBW Twerks and Fucks With Toy,BBW Twerks and Fucks With Toy,1829061,4.99,29,143.72,86.23,4.96,2.97,1818.0,28.0,Launched,,2026-07-05,,,,all-time content manager snapshot,supplemental all-time content manager rollup,5,outputs/master_content_list_sources/20260705T000921Z_manyvids_content_manager.csv,2026-07-04T20:09:39
ManyVids,"BBW Bouncing, Twerking, and Grinding","BBW Bouncing, Twerking, and Grinding",1831091,4.99,42,208.83,125.3,4.97,2.98,2539.0,41.0,Launched,,2026-07-05,,,,all-time content manager snapshot,supplemental all-time content manager rollup,5,outputs/master_content_list_sources/20260705T000921Z_manyvids_content_manager.csv,2026-07-04T20:09:39
ManyVids,BBW Squirts in Fishnet Stockings,BBW Squirts in Fishnet Stockings,1775753,4.99,14,69.87,41.92,4.99,2.99,1170.0,17.0,Launched,,2026-07-05,,,,all-time content manager snapshot,supplemental all-time content manager rollup,5,outputs/master_content_list_sources/20260705T000921Z_manyvids_content_manager.csv,2026-07-04T20:09:39
ManyVids,Fatty in Bikini Plays in Blow-Up Pool,Fatty in Bikini Plays in Blow-Up Pool,1796503,4.99,24,118.77,71.26,4.95,2.97,1965.0,23.0,Launched,,2026-07-05,,,,all-time content manager snapshot,supplemental all-time content manager rollup,5,outputs/master_content_list_sources/20260705T000921Z_manyvids_content_manager.csv,2026-07-04T20:09:39
ManyVids,Creamy BBW Pussy Begs for Your Load,Creamy BBW Pussy Begs for Your Load,1829246,4.99,76,373.48,224.09,4.91,2.95,3158.0,63.0,Launched,,2026-07-05,,,,all-time content manager snapshot,supplemental all-time content manager rollup,5,outputs/master_content_list_sources/20260705T000921Z_manyvids_content_manager.csv,2026-07-04T20:09:39
ManyVids,Obese GF Wants V-Day Dick,Obese GF Wants V-Day Dick,1796222,4.99,31,152.93,91.76,4.93,2.96,1791.0,29.0,Launched,,2026-07-05,,,,all-time content manager snapshot,supplemental all-time content manager rollup,5,outputs/master_content_list_sources/20260705T000921Z_manyvids_content_manager.csv,2026-07-04T20:09:39
ManyVids,65-inch BBW Ass Worship,65-inch BBW Ass Worship,1837437,4.99,53,260.72,156.43,4.92,2.95,2327.0,59.0,Launched,,2026-07-05,,,,all-time content manager snapshot,supplemental all-time content manager rollup,5,outputs/master_content_list_sources/20260705T000921Z_manyvids_content_manager.csv,2026-07-04T20:09:39
ManyVids,Fat Horny Housewife Cums and Rides Dildo,Fat Horny Housewife Cums and Rides Dildo,1788012,4.99,88,426.37,255.82,4.85,2.91,2366.0,52.0,Launched,,2026-07-05,,,,all-time content manager snapshot,supplemental all-time content manager rollup,5,outputs/master_content_list_sources/20260705T000921Z_manyvids_content_manager.csv,2026-07-04T20:09:39
ManyVids,BBW in White Lace Fucks Purple Dildo,BBW in White Lace Fucks Purple Dildo,1790035,4.99,34,167.42,100.45,4.92,2.95,1749.0,21.0,Launched,,2026-07-05,,,,all-time content manager snapshot,supplemental all-time content manager rollup,5,outputs/master_content_list_sources/20260705T000921Z_manyvids_content_manager.csv,2026-07-04T20:09:39
ManyVids,BBW Pussy Squirts with Hitachi,BBW Pussy Squirts with Hitachi,1779780,4.99,20,99.8,59.88,4.99,2.99,1247.0,16.0,Launched,,2026-07-05,,,,all-time content manager snapshot,supplemental all-time content manager rollup,5,outputs/master_content_list_sources/20260705T000921Z_manyvids_content_manager.csv,2026-07-04T20:09:39
ManyVids,BBW Makes Her Hairy Pussy Cum,BBW Makes Her Hairy Pussy Cum,1796407,4.99,45,222.05,133.23,4.93,2.96,1812.0,37.0,Launched,,2026-07-05,,,,all-time content manager snapshot,supplemental all-time content manager rollup,5,outputs/master_content_list_sources/20260705T000921Z_manyvids_content_manager.csv,2026-07-04T20:09:39
ManyVids,Jack Off To My Fat Body,Jack Off To My Fat Body,1835030,4.99,84,414.92,248.95,4.94,2.96,4185.0,56.0,Launched,,2026-07-05,,,,all-time content manager snapshot,supplemental all-time content manager rollup,5,outputs/master_content_list_sources/20260705T000921Z_manyvids_content_manager.csv,2026-07-04T20:09:39
ManyVids,Fat Body Teasing and Glass Dildo Fucking,Fat Body Teasing and Glass Dildo Fucking,1789719,4.99,35,171.4,102.84,4.9,2.94,1571.0,30.0,Launched,,2026-07-05,,,,all-time content manager snapshot,supplemental all-time content manager rollup,5,outputs/master_content_list_sources/20260705T000921Z_manyvids_content_manager.csv,2026-07-04T20:09:39
ManyVids,Fat Dorothy Fucks You to Get to Kansas,Fat Dorothy Fucks You to Get to Kansas,1837833,4.99,105,516.45,309.87,4.92,2.95,4071.0,70.0,Launched,,2026-07-05,,,,all-time content manager snapshot,supplemental all-time content manager rollup,5,outputs/master_content_list_sources/20260705T000921Z_manyvids_content_manager.csv,2026-07-04T20:09:39
ManyVids,Sexy BBW Masturbates in a Squeaky Chair,Sexy BBW Masturbates in a Squeaky Chair,1775373,4.99,40,198.1,118.86,4.95,2.97,1759.0,31.0,Launched,,2026-07-05,,,,all-time content manager snapshot,supplemental all-time content manager rollup,5,outputs/master_content_list_sources/20260705T000921Z_manyvids_content_manager.csv,2026-07-04T20:09:39
