platform,post_id,posted_at,date,clean_item_label,price,purchase_amount,tips_amount,total_post_amount,estimated_creator_net,views,likes,comments,media_count,media_types,rank_purchases,rank_tips,rank_views,rank_likes,rank_comments,included_tabs,period_start,period_end,source_file,imported_at,row_hash
OnlyFans,2249600874,2026-02-01T01:12:04+00:00,2026-02-01,"Your wife comes home and doesn't even glance at you before tearing into her family size bucket of chicken! Unlock if you love stroking to the sultry sounds of chewing, burping, and farts! 🍗",15.99,351.78,0.0,351.78,281.42,10430,3,,2,"photo, video",1,12,1,9,12,"comments,likes,purchases,tips,views",2026-01-01,2026-07-06,2026-07-06_14-47-16_onlyfans_native_posts_2026-01-01_to_2026-07-06.json,2026-07-06T14:50:14,6e5df1206a39c92d4c4b13207a65a26bd026ec06b8c4b5454d5ec56a519e2aaa
OnlyFans,2390544755,2026-04-07T20:49:38+00:00,2026-04-07,"You've been spotted by a massive gassy giantess, and there's nowhere for you to run. Will her burps and farts knock you out before she swallows you whole? You'll have to unlock to find out! 💨😘",24.99,224.91,0.0,224.91,179.93,8107,3,,3,"photo, video",2,8,6,8,10,"comments,likes,purchases,tips,views",2026-01-01,2026-07-06,2026-07-06_14-47-16_onlyfans_native_posts_2026-01-01_to_2026-07-06.json,2026-07-06T14:50:14,8637aa49b546ce91ab08af6ac6bc4e52694516966234f34e6947c9cde431bd7d
OnlyFans,2488870647,2026-05-22T23:37:56+00:00,2026-05-22,"I thought these diet pills would solve everything, but it all went wrong! 😳 I grew so quick and got wedged in the car, by then it was too late... Unlock if you wanna see me expand until I pop! 🍗🎈",14.99,164.89,0.0,164.89,131.91,6613,1,,3,"photo, video",3,5,11,10,8,"comments,likes,purchases,tips,views",2026-01-01,2026-07-06,2026-07-06_14-47-16_onlyfans_native_posts_2026-01-01_to_2026-07-06.json,2026-07-06T14:50:14,b677548c20a8faa71dedccaf1406ef84bb40b78031e747091247dfd83afe6ada
OnlyFans,2296461362,2026-02-23T04:00:32+00:00,2026-02-23,"Six years after her last visit, Dorothy is back in Oz and fatter than ever! 😍The Wizard won't be able to resist her luscious new body. If you love weight gain, sparkly red heels, and POV fucking, you definitely don't want to miss this one!",23.99,143.94,0.0,143.94,115.15,9624,,,2,"photo, video",4,11,3,12,11,"comments,likes,purchases,tips,views",2026-01-01,2026-07-06,2026-07-06_14-47-16_onlyfans_native_posts_2026-01-01_to_2026-07-06.json,2026-07-06T14:50:14,9aa5bdf391aedada44ab3def0f6203fe84fa7a00276c5bf3983efe98730a9ddd
OnlyFans,2433784905,2026-04-28T01:39:40+00:00,2026-04-28,"You've been spotted by a massive gassy giantess, and there's nowhere for you to run. Will her burps and farts knock you out before she swallows you whole? You'll have to unlock to find out! 💨😘",24.99,74.97,0.0,74.97,59.98,7923,,,3,"photo, video",5,7,8,11,9,"comments,likes,purchases,tips,views",2026-01-01,2026-07-06,2026-07-06_14-47-16_onlyfans_native_posts_2026-01-01_to_2026-07-06.json,2026-07-06T14:50:14,a65cafe1e489af2eea2bc97d041c6dfbe153b981d29c593ab8ac95b1ebe1edac
OnlyFans,2249508351,2026-01-31T23:14:51+00:00,2026-01-31,"Can't get over how massive I look in this video! Check your messages, this is an unlock you don't want to miss! 😍",,,20.0,20.0,16.0,8871,250,3,3,photo,12,1,5,6,6,"comments,likes,purchases,tips,views",2026-01-01,2026-07-06,2026-07-06_14-47-16_onlyfans_native_posts_2026-01-01_to_2026-07-06.json,2026-07-06T14:50:14,fc631d44c79aecd6d46c76a6a645f9fd1ec8b1a4dbf299f2fe7be49f80cce609
OnlyFans,2420500061,2026-04-22T20:40:05+00:00,2026-04-22,How I feel after stuffing my face 🥵🍕,,,5.0,5.0,4.0,7294,253,1,2,photo,9,2,10,4,7,"comments,likes,purchases,tips,views",2026-01-01,2026-07-06,2026-07-06_14-47-16_onlyfans_native_posts_2026-01-01_to_2026-07-06.json,2026-07-06T14:50:14,e24b254cc62cb60a7cf2a3bff1ad7de38aebd4ac08bb2fb16649c5d3c2d7868b
OnlyFans,2332701512,2026-03-11T23:09:58+00:00,2026-03-11,Before and after 🌯🤤,,,0.0,,,9948,272,9,3,photo,10,9,2,3,2,"comments,likes,purchases,tips,views",2026-01-01,2026-07-06,2026-07-06_14-47-16_onlyfans_native_posts_2026-01-01_to_2026-07-06.json,2026-07-06T14:50:14,1794d4b552ae48b0badbc6e31944b0d1ea01a0089283e7f192a8befd71c6ffd1
OnlyFans,2320087914,2026-03-06T05:16:14+00:00,2026-03-06,"I’m so turned on thinking about all of you getting manipulated into becoming my feeders! 🤭 If you missed it, check your messages and get in on the fun! 😘💜",,,0.0,,,9288,252,3,3,photo,11,10,4,5,5,"comments,likes,purchases,tips,views",2026-01-01,2026-07-06,2026-07-06_14-47-16_onlyfans_native_posts_2026-01-01_to_2026-07-06.json,2026-07-06T14:50:14,138b9391420f4fdde7534964b540607e53c25618aa057c4af32a772d85b5c739
OnlyFans,2488879325,2026-05-23T21:04:44+00:00,2026-05-23,"Boobs, belly, and booty. What more could you want? 😍",,,0.0,,,7974,276,7,3,photo,7,4,7,2,3,"comments,likes,purchases,tips,views",2026-01-01,2026-07-06,2026-07-06_14-47-16_onlyfans_native_posts_2026-01-01_to_2026-07-06.json,2026-07-06T14:50:14,95022cff94668471cd91d1ac53d433fdaf4bd9c7e05fde7af803f349fe1fa3ee
OnlyFans,2450977574,2026-05-06T20:52:02+00:00,2026-05-06,How much fatter do you wanna see me get? 😈,,,0.0,,,7655,289,10,2,photo,8,6,9,1,1,"comments,likes,purchases,tips,views",2026-01-01,2026-07-06,2026-07-06_14-47-16_onlyfans_native_posts_2026-01-01_to_2026-07-06.json,2026-07-06T14:50:14,6fde93d8534779c499a58e18f0e7cb71a51c68cce2a8eaf33d8bde04e7c5e69b
OnlyFans,2570265452,2026-06-29T02:43:40+00:00,2026-06-29,What if we hung out and I ate all your leftovers? 🤤🥡,,,0.0,,,5032,237,3,3,photo,6,3,12,7,4,"comments,likes,purchases,tips,views",2026-01-01,2026-07-06,2026-07-06_14-47-16_onlyfans_native_posts_2026-01-01_to_2026-07-06.json,2026-07-06T14:50:14,914be55c798053d8cb87956551edc695675ec56bcadc5ba4df59808f5547ba9d
