platform,message_id,message_type,sent_at,date,clean_item_label,price,purchased_count,gross_amount,estimated_creator_net,sent_count,viewed_count,view_rate,media_count,media_types,rank_group,rank_direct,rank_purchases,included_sections,period_start,period_end,source_file,imported_at,row_hash
OnlyFans,pdf-message-254a768c52689aa7,group,2026-05-22T13:19,2026-05-22,"In town from college, you go to visit your best friend at his house. He isn't home yet, but his mom is... After sussing out your attraction to fat decides to show you just how to please one. Teasing you with her gorgeous soft body, she tell",27.99,70,1959.3,1567.44,7421,2352,0.3169,,,3,,,group,,,2026-07-04_19-56-54_onlyfans_native_messages_pdf_Statistics 1 — OnlyFans.json,2026-07-04T19:58:49,a4b792978b65603506e1130532b39565ba071c619cc6cdb01388ea0174c11a86
OnlyFans,pdf-message-66b148be0c50aaa1,group,2025-12-28T00:01,2025-12-28,Your ex girlfriend is home for the holidays and you can't believe how huge she's gotten! She turns you on with chat about her insane weight 🥵 stripping down to show you every jiggling inch! You wont be able to hold back when you get that am,21.99,67,1473.33,1178.66,7062,3349,0.4742,,,13,,,group,,,2026-07-04_19-56-54_onlyfans_native_messages_pdf_Statistics 1 — OnlyFans.json,2026-07-04T19:58:49,bd1534ba09ba113aca49f0c3a7f3e7a62dc83e136d9c48b5438d54485031a156
OnlyFans,pdf-message-8554269067d56032,group,2025-01-05T00:48,2025-01-05,😍 A new weigh-in and full body measurements! You're gonna love seeing my progress! NEW,34.99,32,1119.68,895.74,4890,2208,0.4515,,,41,,,group,,,2026-07-04_19-56-54_onlyfans_native_messages_pdf_Statistics 1 — OnlyFans.json,2026-07-04T19:58:49,9b25ef2a36f125ff9c27df6c8e95c3d8a5b7667b4994851f23b4ca2f4e4298a0
OnlyFans,pdf-message-8a85d801271e2c8d,group,2025-06-16T22:35,2025-06-16,"Your neighbor comes over to hang out and watch a movie, but she reveals she wants something more! She wants you to fill her fat pussy 🥵 pregnant! NEW",20.99,51,1070.49,856.39,6178,2701,0.4372,,,29,,,group,,,2026-07-04_19-56-54_onlyfans_native_messages_pdf_Statistics 1 — OnlyFans.json,2026-07-04T19:58:49,718fcf6bc509d25cf9710dec124662018124ca2c5c44f2c5f9356fbdce589bd7
OnlyFans,pdf-message-5cfb489212975faa,group,2026-06-27T20:17,2026-06-27,"👀 Woke up starving but everything is closed! Good thing my roommate has a ton of leftovers in the fridge. I plan to only take a few bites, control devouring everything in sight! Suddenly her alarm goes off, I try to cover up this mess but I",36.99,24,887.76,710.21,7583,1468,0.1936,,,1,,,group,,,2026-07-04_19-56-54_onlyfans_native_messages_pdf_Statistics 1 — OnlyFans.json,2026-07-04T19:58:49,340c0cd18b0ba72a7f82f066154064d89939e6b97225a51db47b6c1f72f8845e
OnlyFans,pdf-message-aa812bd690c71c76,group,2026-04-21T13:15,2026-04-21,OnlyFans message 6,36.99,24,887.76,710.21,7332,2718,0.3707,,,6,,,group,,,2026-07-04_19-56-54_onlyfans_native_messages_pdf_Statistics 1 — OnlyFans.json,2026-07-04T19:58:49,cd047434d8ddebfc2ede2fed0fce77f7d571da5665de599c85bc310d09de4b12
OnlyFans,pdf-message-e0e5c12d88d2607e,group,2025-04-17T13:00,2025-04-17,"😍 You weren't expecting your blind date to be so huge! I'm stuffing my face and chugging soda until this belly is nice and bloated! Unlock 💨 🤤 burps and for the first time ever, I'll be farting right in your face! NEW",34.99,25,874.75,699.8,5643,2748,0.487,,,32,,,group,,,2026-07-04_19-56-54_onlyfans_native_messages_pdf_Statistics 1 — OnlyFans.json,2026-07-04T19:58:49,e4379b62db69f5a572c759af88d6859f6fb00872e68ef9616907eb29080a676f
OnlyFans,pdf-message-4d2df130b34ffe92,group,2025-09-15T19:02,2025-09-15,"This try-on is than just clothes, it’s a showcase of how much my body has grown! From modeling my current sexy favorites to ppuuffiffinngg while chatting about sizes and struggles, it’s as candid as it is hot. Watch me push into old oouuttf",27.99,31,867.69,694.15,6706,2839,0.4234,,,24,,,group,,,2026-07-04_19-56-54_onlyfans_native_messages_pdf_Statistics 1 — OnlyFans.json,2026-07-04T19:58:49,2e8e42a79e9aa967490489c0468d0db9d4953c01f7fb20ff4501ea4f0f4ead8b
OnlyFans,pdf-message-f14387d5811b4506,group,2025-02-23T20:39,2025-02-23,Your feedee wife decided she's had enough and wants to stop gaining! But you fuck her so good it reminds her why she gained for you in the 🥵 NEW,21.99,37,813.63,650.9,4974,2105,0.4232,,,38,,,group,,,2026-07-04_19-56-54_onlyfans_native_messages_pdf_Statistics 1 — OnlyFans.json,2026-07-04T19:58:49,6ec4765388269f417040b38a8161ea194621ac622bfaf14d5bd6c98676ff7575
OnlyFans,pdf-message-a3b4eec72be7ce4b,group,2025-12-01T23:01,2025-12-01,"You're seated across from the nightmare Thanksgiving guest, and you can't take your eyes off of her! She's ssttuuffiffinngg her face until her belly 🤤 waistband and snaps if anyone else even tries to touch the feast. You didn't have a bite",31.99,25,799.75,639.8,7009,3452,0.4925,,,18,,,group,,,2026-07-04_19-56-54_onlyfans_native_messages_pdf_Statistics 1 — OnlyFans.json,2026-07-04T19:58:49,2e01fbc431cd87000b353354feac4dc69001f98eda9fb84c4be4c665f8f7f597
OnlyFans,pdf-message-bab7865dbd4b60bd,group,2026-03-04T23:51,2026-03-04,"🤤 Budget cuts are coming, but the HR manager offers to help protect your job... As long as you take care of her needs. You're mine now, gonna feed me, fuck me, and worship me every day if you want to keep that paycheck. Unlock this video an",19.99,36,719.64,575.71,7117,2996,0.421,,,9,,,group,,,2026-07-04_19-56-54_onlyfans_native_messages_pdf_Statistics 1 — OnlyFans.json,2026-07-04T19:58:49,0dd2516ae017e1f6faf841abc9981e465d25ca1ade1765c9e78dd2cd15b7ec78
OnlyFans,pdf-message-aef0ed271d25d8e4,group,2025-04-15T00:00,2025-04-15,Nothing shows my gains off better than trying to squeeze my way behind the wheel! Unlock if you love watching me stuff my face until I'm NEW,28.99,24,695.76,556.61,5592,2621,0.4687,,,33,,,group,,,2026-07-04_19-56-54_onlyfans_native_messages_pdf_Statistics 1 — OnlyFans.json,2026-07-04T19:58:49,9149f7ea438ce2a6991ec423eeafdd690b1dd84787afe04c84f1dbc210392fbb
OnlyFans,pdf-message-19b06455b48f60b8,group,2024-12-03T23:23,2024-12-03,"You love obese pigs like me! I want you to stroke for my fat growing belly and lick my big sweaty, stinky ass! I bet you won't make it all the 😘 🍑 😛 the cum countdown. NEW",23.99,29,695.71,556.57,4821,2432,0.5045,,,44,,,group,,,2026-07-04_19-56-54_onlyfans_native_messages_pdf_Statistics 1 — OnlyFans.json,2026-07-04T19:58:49,d64800660f26fc94dab97e149315453afc9618dddf9604a4f03eede5bbe56cb4
OnlyFans,pdf-message-a3e8daedd46ebd01,group,2024-05-03T23:12,2024-05-03,🤭 You've come home from a business trip to find your wife looking HUGE! She doesn't think she's changed at all. Do you think you can talk complete weight gain denial?? NEW,16.99,38,645.62,516.5,2799,1573,0.562,,,67,,,group,,,2026-07-04_19-56-54_onlyfans_native_messages_pdf_Statistics 1 — OnlyFans.json,2026-07-04T19:58:49,1584222320c6fc8691c346cb1d8f10ed2e8090ccb6138077eb12d0f30dcb8bc1
OnlyFans,pdf-message-16d370ecfa5475ee,group,2025-10-24T23:44,2025-10-24,"Your wife comes home and doesn't even glance at you before tearing into her family size bucket of chicken! Unlock if you love stroking to 🍗 sounds of chewing, burping, and farts! NEW",15.99,39,623.61,498.89,6824,2906,0.4258,,,23,,,group,,,2026-07-04_19-56-54_onlyfans_native_messages_pdf_Statistics 1 — OnlyFans.json,2026-07-04T19:58:49,cb71eee35caafb2112c3d9576d946142362f69b49daa026d0f4d6ea066484d67
OnlyFans,pdf-message-f634858047a71387,group,2024-11-29T22:42,2024-11-29,🤤 🦃 It was so fucking hot stuffing my face this thanksgiving! Unlock to see me absolutely full to bursting! NEW,29.99,20,599.8,479.84,4658,2150,0.4616,,,45,,,group,,,2026-07-04_19-56-54_onlyfans_native_messages_pdf_Statistics 1 — OnlyFans.json,2026-07-04T19:58:49,3462fabacc9c31b7128673aeb9db5423dc536eaeeeb06f75ea45c2f621244128
OnlyFans,pdf-message-16130fcdcb6ebfb2,group,2026-05-05T12:49,2026-05-05,"Your gaining girlfriend has gotten so fucking fat, stretching and expanding her stomach to stuff and more. She's knows how much you 🍪 😍 women, and she's determined to make it to 600lbs all for you!",19.99,29,579.71,463.77,7361,2553,0.3468,,,4,,,group,,,2026-07-04_19-56-54_onlyfans_native_messages_pdf_Statistics 1 — OnlyFans.json,2026-07-04T19:58:49,aedb2cad5a74863383a2caaea5d65e5c60f4aa571ca47a21da69e79e053e9df7
OnlyFans,pdf-message-3fd2d2ad1ab50c55,group,2025-11-20T14:04,2025-11-20,"It's part three of the psychologist series and we're taking things even further! We've made so much progress and you can fifinnaallllyy see what 😍 working towards all this time. I've turned you into my own personal feeder, and you're obsess",29.99,19,569.81,455.85,6943,3479,0.5011,,,19,,,group,,,2026-07-04_19-56-54_onlyfans_native_messages_pdf_Statistics 1 — OnlyFans.json,2026-07-04T19:58:49,959a0233c95167dc69e2e1fac48b4d8973a7a5b1192b7f9dedffff4164af96d9
OnlyFans,pdf-message-9993258130638df5,group,2025-03-01T22:29,2025-03-01,🥵 🍑 These tight leggings look so much better ripped open! Watch me make fuck this fat pussy until I cum! NEW,19.99,28,559.72,447.78,5073,2190,0.4317,,,36,,,group,,,2026-07-04_19-56-54_onlyfans_native_messages_pdf_Statistics 1 — OnlyFans.json,2026-07-04T19:58:49,a0b5da74bfd5e0e2de9931ab85141b013f102221690a24b9ff435bc8000a452e
OnlyFans,pdf-message-1a1f38ee92528f38,group,2024-06-30T23:10,2024-06-30,🤤 An intimate pov stuffing and making out with your feedee! Nothing turns you on than rubbing her belly while she stuffs her face. NEW,19.99,28,559.72,447.78,3407,2009,0.5897,,,58,,,group,,,2026-07-04_19-56-54_onlyfans_native_messages_pdf_Statistics 1 — OnlyFans.json,2026-07-04T19:58:49,67986760499b97afd74da31beac7b6d409ad3589ad14ef1c846d74c11b24b9d6
OnlyFans,pdf-message-9d996217cf3e39a1,group,2026-02-22T18:11,2026-02-22,"😳 I thought these diet pills would solve everything, but it all went wrong! I grew so quick and got wedged in the car, by then it was too late... 🍗 🎈 wanna see me expand until I pop! NEW",14.99,36,539.64,431.71,7083,2796,0.3947,,,10,,,group,,,2026-07-04_19-56-54_onlyfans_native_messages_pdf_Statistics 1 — OnlyFans.json,2026-07-04T19:58:49,55c1f27e1c27f3f6a60e803a16e1633ff764aa4c1cf05069e367d7232095fa45
OnlyFans,pdf-message-847afe853a013a55,group,2026-06-11T13:03,2026-06-11,🧁 🥵 You surprised your girlfriend with her favorite treats and it turned out just how you planned - with her face and pussy stuffed,20.99,25,524.75,419.8,7514,2035,0.2708,,,2,,,group,,,2026-07-04_19-56-54_onlyfans_native_messages_pdf_Statistics 1 — OnlyFans.json,2026-07-04T19:58:49,14b6f7feb5063a28f8794aea2a761e1c0219de42468c713750272147f78b2ff7
OnlyFans,pdf-message-3c9d85a27b1425a7,group,2025-04-24T10:57,2025-04-24,"It's been a busy work day but I'm sooo fucking horny! I get a little break in the day and decide to try and cum before my next meeting, only 🥵 💻 start early! You don't want to miss how naughty I get during this work meeting! NEW",21.99,23,505.77,404.62,5755,2735,0.4752,,,31,,,group,,,2026-07-04_19-56-54_onlyfans_native_messages_pdf_Statistics 1 — OnlyFans.json,2026-07-04T19:58:49,8533eec16c1fbbf26e3d4c0080b038bbaeda8a9749ff30392b3292718cf0b2a9
OnlyFans,pdf-message-5c25123d14d5137c,group,2023-12-30T20:15,2023-12-30,🍆 I'm always horny in the morning! Use this discount and come give me that morning wood! NEW,11.99,42,503.58,402.86,1300,813,0.6254,,,88,,,group,,,2026-07-04_19-56-54_onlyfans_native_messages_pdf_Statistics 1 — OnlyFans.json,2026-07-04T19:58:49,49f865b068b6743e9cbb0b0ce89efed8191d05229b1e2c3d6dcda235dd1cd1f3
OnlyFans,pdf-message-bbc5c3ddfff84a09,group,2025-08-16T13:03,2025-08-16,"You love the way my stockings look and feel, and love them even better when I rip them open for you to eat that fat, wet pussy. Unlock for 😍 pussy, and pretty pedicured toes! NEW",21.99,21,461.79,369.43,6515,2848,0.4371,,,25,,,group,,,2026-07-04_19-56-54_onlyfans_native_messages_pdf_Statistics 1 — OnlyFans.json,2026-07-04T19:58:49,9aa3aff1878b73b55f81100845ccbeda1364676ab2bc6370081fab0321358f11
OnlyFans,pdf-message-56fff3b3e511c7f2,group,2025-11-14T01:02,2025-11-14,"😍 Six years after her last visit, Dorothy is back in Oz and fatter than ever! The Wizard won't be able to resist her luscious new body. If you 🌈 gain, sparkly red heels, and POV fucking, you definitely don't want to miss this one! NEW",23.99,19,455.81,364.65,6897,2912,0.4222,,,20,,,group,,,2026-07-04_19-56-54_onlyfans_native_messages_pdf_Statistics 1 — OnlyFans.json,2026-07-04T19:58:49,32bc4ef26e178cfd754ea89c85e11f6a9b118c330edcaf17ecc1f53196d423a7
OnlyFans,pdf-message-c8ea99e4b62c01e4,group,2026-04-06T16:20,2026-04-06,"I love how much I've gained over the years, and I thought you might want to hear how it's impacted the way I exercise. Hang out with me while 🏋🏻‍♀️ 💪 and chat about moving in a massive 530lb body!",27.99,16,447.84,358.27,7324,2841,0.3879,,,7,,,group,,,2026-07-04_19-56-54_onlyfans_native_messages_pdf_Statistics 1 — OnlyFans.json,2026-07-04T19:58:49,e1e5a66061830b455508b229c5bdadb590fc6a9dfa57fd67c6ffa9a7fd73b0b4
OnlyFans,pdf-message-0ad3d073a0b00cda,group,2024-07-07T22:13,2024-07-07,🥵 The hot hotel clerk gives you the best customer service of your life! I'm such a slut for you in this sexy pov! NEW,13.99,32,447.68,358.14,3525,2031,0.5762,,,56,,,group,,,2026-07-04_19-56-54_onlyfans_native_messages_pdf_Statistics 1 — OnlyFans.json,2026-07-04T19:58:49,9eac3ca7bf4df4a0b0fca3f47c7484f014a31ccd0ef9f50c5943ac03e08e58cf
OnlyFans,pdf-message-282ccce79350a627,group,2025-10-28T21:33,2025-10-28,"🎃 🎃 50% OFF HALLOWEEN BUNDLE! 😱 Get into the season with this 4 video bundle! Sexy costumes, sultry ssttuuffiffinngg,, pov fucking, and tantalizing roleplays, I'll having you going NEW",27.49,16,439.84,351.87,6842,1117,0.1633,,,22,,,group,,,2026-07-04_19-56-54_onlyfans_native_messages_pdf_Statistics 1 — OnlyFans.json,2026-07-04T19:58:49,90b8bf56a1b07ea584b09f52c381401442111911a46e9e02ce3eaf7e59c6586c
OnlyFans,pdf-message-ee4de9eed111e148,group,2025-08-10T16:49,2025-08-10,"You've always dreamed what it would feel like to be crushed under my massive 525lb body, now I'm gonna show you. Unlock to see how I 🥞 🍑 you flat under my ass and feet! NEW",17.99,24,431.76,345.41,6428,2764,0.43,,,26,,,group,,,2026-07-04_19-56-54_onlyfans_native_messages_pdf_Statistics 1 — OnlyFans.json,2026-07-04T19:58:49,16436fbde176f03ea57c6a0647433b583dd3b4305507bdd2cb618aa5da523498
OnlyFans,pdf-message-3000ae19f6dcc643,group,2024-07-21T23:01,2024-07-21,🍾 🥂 It's your anniversary! After celebrating at the buffet your wife wants to show off her stuffed belly in her new lingerie. You know she needs tonight! NEW,15.99,27,431.73,345.38,3732,2099,0.5624,,,52,,,group,,,2026-07-04_19-56-54_onlyfans_native_messages_pdf_Statistics 1 — OnlyFans.json,2026-07-04T19:58:49,4aef6cd2d1f88d2064b9801623578bb92114a0d402675560f7893ee13bcb758a
OnlyFans,pdf-message-2775c22502026aff,group,2025-04-29T01:29,2025-04-29,"You've been seeing your psychologist for a while now and she thinks it's time for you to take the next step in accepting your fat attraction! 🍕 🤤 be watching her stuff her face, while she helps you come to terms with your desire! NEW",24.99,17,424.83,339.86,5820,2747,0.472,,,30,,,group,,,2026-07-04_19-56-54_onlyfans_native_messages_pdf_Statistics 1 — OnlyFans.json,2026-07-04T19:58:49,8162a7bee9a47c7d9bbeaeb0412d7cb4ed938ce8a09958f166b8e3122a7ecfa8
OnlyFans,pdf-message-8438a9779c9afe40,group,2024-10-25T20:01,2024-10-25,😘 Your girlfriend satisfies your ultimate fantasy by growing into a 14-foot giantess! Unlock if you would climb my soft mountainous body! NEW,16.99,25,424.75,339.8,4552,2041,0.4484,,,51,,,group,,,2026-07-04_19-56-54_onlyfans_native_messages_pdf_Statistics 1 — OnlyFans.json,2026-07-04T19:58:49,b797e4d76d69c21522c8711a25d3badb0aefba42ec5b7898f8719cf38c3e6999
OnlyFans,pdf-message-ad988a56075ec32e,group,2024-11-13T18:58,2024-11-13,🥵 You can't help but grab your cock when you see all this gorgeous fat parading around in front of you! Will you give me your cum baby? NEW,12.99,32,415.68,332.54,4601,2286,0.4968,,,48,,,group,,,2026-07-04_19-56-54_onlyfans_native_messages_pdf_Statistics 1 — OnlyFans.json,2026-07-04T19:58:49,25a8ec5023162e6a4954d773d6f1f380343417af78204ac10832c4ce34125dfc
OnlyFans,pdf-message-a9a5a4039dc3d466,group,2026-03-11T13:03,2026-03-11,"You're feast for two turned into a stuffing all for your girlfriend! You can tell all that food really did a number on her stomach when you start gling. First the burps start erupting, but she can't hold back her farts as she lays back for",19.99,20,399.8,319.84,7238,2968,0.4101,,,8,,,group,,,2026-07-04_19-56-54_onlyfans_native_messages_pdf_Statistics 1 — OnlyFans.json,2026-07-04T19:58:49,8967d12c3ed13dc6e19e16a8f3b1fbf9648b076a9df9f4bac902d4b92401e3bf
OnlyFans,pdf-message-b5c80687d3c6dc29,group,2025-01-12T21:28,2025-01-12,"🤤 🍔 Your girlfriend stuffs her face, but you didn't bring enough to satisfy her gluttonous appetite! Guess who's next on the menu.. Unlock 😍 facestuffing and vore! NEW",21.99,18,395.82,316.66,4909,2219,0.452,,,40,,,group,,,2026-07-04_19-56-54_onlyfans_native_messages_pdf_Statistics 1 — OnlyFans.json,2026-07-04T19:58:49,0b1ae3dceee7c8a7d8d19f6336a69909048ab55afd2932a5de5b7cffd5ef7625
OnlyFans,pdf-message-9bf308e7b69b9b45,group,2026-04-27T20:25,2026-04-27,"I love sharing my weight gain journey with you, so you're getting an even closer look at my daily diet with a kitchen tour! Chat with me about 🚬 🍪 diet has evolved with my growth while I smoke, snack, and show off my well-stocked cupboards!",27.99,14,391.86,313.49,7365,2665,0.3618,,,5,,,group,,,2026-07-04_19-56-54_onlyfans_native_messages_pdf_Statistics 1 — OnlyFans.json,2026-07-04T19:58:49,3e63e25ea1d4ad924cf9a98802229f5a9d21066ee6a69555d22460c54e1caca8
OnlyFans,pdf-message-2d5801c823773064,group,2024-04-12T03:58,2024-04-12,💦 You know she's a keeper when she squirts on the first date! NEW,16.99,23,390.77,312.62,2123,1339,0.6307,,,73,,,group,,,2026-07-04_19-56-54_onlyfans_native_messages_pdf_Statistics 1 — OnlyFans.json,2026-07-04T19:58:49,f79a425bc261efd2f278fcb8f9f0c40520526a40d66e5a526808b3a65c24ddc8
OnlyFans,pdf-message-a8e9dc48f1838f33,group,2024-05-14T22:27,2024-05-14,😘 Your fat psychologist helps you embrace your deepest desire! Use this discount to worship this round belly! NEW,19.99,19,379.81,303.85,2994,1620,0.5411,,,64,,,group,,,2026-07-04_19-56-54_onlyfans_native_messages_pdf_Statistics 1 — OnlyFans.json,2026-07-04T19:58:49,8a00254c0e3c1e9e67ff9e2838ff1914ba48dd0785c2fe5f90f00f5b53197fb8
OnlyFans,pdf-message-f1f82c95187f934e,group,2025-07-28T13:02,2025-07-28,"You catch me waking from a nap, my body eenngguullfifinngg the bed as it squeaks in protest. I light a cigarette, then wrestle with a long-forgotten es my arms and pops my belly free no matter how I tug. Flopping back, I smoke, squeeze, and",18.99,19,360.81,288.65,6328,2773,0.4382,,,27,,,group,,,2026-07-04_19-56-54_onlyfans_native_messages_pdf_Statistics 1 — OnlyFans.json,2026-07-04T19:58:49,23870bd3bf8dbd7360721bd5eba544712c320cc7c054ab905ae6b5e291db5d14
OnlyFans,pdf-message-9700f0b62ff1b4b6,group,2024-05-09T22:42,2024-05-09,😳 🤤 You call your favorite hookup after months and find out she's gained a ton of weight! NEW,14.99,24,359.76,287.81,2883,1610,0.5584,,,66,,,group,,,2026-07-04_19-56-54_onlyfans_native_messages_pdf_Statistics 1 — OnlyFans.json,2026-07-04T19:58:49,9b553e391d61de57054f941b8f5150152da9a0a1bd27eb6399dee9ac18e52c9e
OnlyFans,pdf-message-c1b61adcd238950f,group,2024-03-29T22:49,2024-03-29,🤤 Here's your discount on my newest POV! Watch me grow before I ride that cock! NEW,14.99,23,344.77,275.82,1897,1106,0.583,,,77,,,group,,,2026-07-04_19-56-54_onlyfans_native_messages_pdf_Statistics 1 — OnlyFans.json,2026-07-04T19:58:49,4b6e91c5b3d98f31a50accc384766a8e80a548d331f5337994d2230f8a3814e5
OnlyFans,pdf-message-ddf82e1641bff50b,group,2025-03-10T20:09,2025-03-10,"You've tried and tried to get me to go to the gym and I finally agree! But when I get home my clothes are in tatters and I have a sack of fast 🤤 🍔 🥤 my face with. I'm not meant for the gym, I'm meant to be a fat greedy pig! NEW",19.99,16,319.84,255.87,5217,2500,0.4792,,,35,,,group,,,2026-07-04_19-56-54_onlyfans_native_messages_pdf_Statistics 1 — OnlyFans.json,2026-07-04T19:58:49,bf4a07c49949a997a3bb40917b020ecf3c8d3db2204b216b0431444e632e8f1a
OnlyFans,pdf-message-67e781089e690973,group,2024-06-14T19:09,2024-06-14,"🥵 It feels so good running my hands over my glistening, oil-covered fat! You won't be able to keep your hands from your cock! NEW",15.99,20,319.8,255.84,3283,2050,0.6244,,,61,,,group,,,2026-07-04_19-56-54_onlyfans_native_messages_pdf_Statistics 1 — OnlyFans.json,2026-07-04T19:58:49,ed227cce512d0ed75a53481d5f9b3bc7c8f135f78bd065932edd5ccbc32efdd9
OnlyFans,pdf-message-1f462e34bb334863,group,2024-07-20T21:48,2024-07-20,"You found the perfect hiding spot to spy on her, and you get the hottest show you can imagine! Live out your voyeuristic fantasies with me. NEW",12.99,24,311.76,249.41,3676,2099,0.571,,,53,,,group,,,2026-07-04_19-56-54_onlyfans_native_messages_pdf_Statistics 1 — OnlyFans.json,2026-07-04T19:58:49,195eaf99f00c6f1dc814aa66a5c1e88deed8f31af5dadd1e53e3026d10670131
OnlyFans,pdf-message-28b2ead24d292562,group,2024-12-06T00:22,2024-12-06,"We've been so focused on my gain lately, I'm blowing up like a balloon! But I noticed your putting on a little weight too, and I wanna make you 🍩 Would you let me stuff these donuts in your face? NEW",24.99,12,299.88,239.9,4840,2385,0.4928,,,43,,,group,,,2026-07-04_19-56-54_onlyfans_native_messages_pdf_Statistics 1 — OnlyFans.json,2026-07-04T19:58:49,eed791762fbcb9f5eb60f8274afd25bd775a66a857408a4d986d2bb7204df0f3
OnlyFans,pdf-message-4d60607aad55b166,group,2024-06-24T18:23,2024-06-24,My clothes are so tight from all the weight I've gained that they're bursting at the buttons! It's so fucking hot seeing what my new body does 🥵 clothes! NEW,11.99,25,299.75,239.8,3367,2030,0.6029,,,59,,,group,,,2026-07-04_19-56-54_onlyfans_native_messages_pdf_Statistics 1 — OnlyFans.json,2026-07-04T19:58:49,8994515f77833ed8589d967a2b076a965ca974ed347ac38d03e33166a054a56f
OnlyFans,pdf-message-fc637494657f9251,group,2023-12-02T21:25,2023-12-02,🤭 My fatass was not made for exercise! I thought you might like to watch me huff and puff anyway so here's a little discount! NEW,11.99,25,299.75,239.8,1177,720,0.6117,,,92,,,group,,,2026-07-04_19-56-54_onlyfans_native_messages_pdf_Statistics 1 — OnlyFans.json,2026-07-04T19:58:49,a8d859ce0645ff7e58ac67263112902912fb779ffb868ada2d32f1694ba5e094
OnlyFans,pdf-message-1415587fcf44198c,group,2023-11-18T14:44,2023-11-18,😘 Wanna be my friend with benefits? Here's a special discount for this pov solo! NEW,11.99,25,299.75,239.8,1074,674,0.6276,,,94,,,group,,,2026-07-04_19-56-54_onlyfans_native_messages_pdf_Statistics 1 — OnlyFans.json,2026-07-04T19:58:49,beea8dae6fe373b1f68ff55696a9f7866ea405dd71445b18f6546e99d75ca9fa
OnlyFans,pdf-message-6f8df4d97dc0fa7f,group,2023-12-17T04:39,2023-12-17,🤭 So big I got stuck in the door! Here's a little discount because I know you don't want to miss that! NEW,11.99,24,287.76,230.21,1226,794,0.6476,,,90,,,group,,,2026-07-04_19-56-54_onlyfans_native_messages_pdf_Statistics 1 — OnlyFans.json,2026-07-04T19:58:49,b4403d6690ddfe2aadcf5c742b245fee8eef3b191d7cae7f280a70566cad9602
OnlyFans,pdf-message-7b8653f1325edb50,group,2025-03-14T02:42,2025-03-14,"🥵 You get a front row seat to a steamy, jiggly, dripping wet strip tease! You know you can't resist stroking for this fat body! NEW",21.99,13,285.87,228.7,5326,2522,0.4735,,,34,,,group,,,2026-07-04_19-56-54_onlyfans_native_messages_pdf_Statistics 1 — OnlyFans.json,2026-07-04T19:58:49,6bd2ff38142ba9f5b447f466d699d31c483bc31f8283dd56dfc0843ffdc8a472
OnlyFans,pdf-message-82c1551628945cbf,group,2024-12-11T13:19,2024-12-11,"🥵 I know you can't get enough of this fat, and I'm jiggling it all for your cum. I wanna feel it dripping down this fat belly! NEW",16.99,16,271.84,217.47,4853,2362,0.4867,,,42,,,group,,,2026-07-04_19-56-54_onlyfans_native_messages_pdf_Statistics 1 — OnlyFans.json,2026-07-04T19:58:49,fb1c5b6ece871cdac8442d71c8e75dac736f9a7bf02f9fc90066e231f5070794
OnlyFans,pdf-message-2ae614325c192b1b,group,2024-07-10T17:34,2024-07-10,🤰 I want you to get me pregnant and make this body grow so fat! NEW,8.99,30,269.7,215.76,3548,2034,0.5733,,,55,,,group,,,2026-07-04_19-56-54_onlyfans_native_messages_pdf_Statistics 1 — OnlyFans.json,2026-07-04T19:58:49,135a6922a1d7fc60cc41ce6278e94507948f14beae9446421827ad0987d4966d
OnlyFans,pdf-message-807a53862424b7c7,group,2024-04-30T20:38,2024-04-30,🍕 🤤 Stuffing my face and gaining turns me on so much! I want you to feed me pizza while I cum so I sent you this little discount! NEW,18.99,14,265.86,212.69,2738,1577,0.576,,,68,,,group,,,2026-07-04_19-56-54_onlyfans_native_messages_pdf_Statistics 1 — OnlyFans.json,2026-07-04T19:58:49,e3bd0c99ca696dfbcb84d23c054616f95c589703b01bc23767bd62f6a40ab9f8
OnlyFans,pdf-message-ade8452322af7aa3,group,2024-07-03T19:41,2024-07-03,"🤭 😘 She's so skinny, you and I both know she'll never satisfy you. That's why you're crawling back to your SSBBW mistress! NEW",8.99,29,260.71,208.57,3505,2047,0.584,,,57,,,group,,,2026-07-04_19-56-54_onlyfans_native_messages_pdf_Statistics 1 — OnlyFans.json,2026-07-04T19:58:49,62a4c56bf78fb70b3602182387fa1c06e8cacc26827f579c3fcbdee9afb7f163
OnlyFans,pdf-message-94ca03b1dbb4ea2b,group,2024-06-21T21:20,2024-06-21,"You've turned your girlfriend into a giantess using the power of orgasms, and she wants to get even bigger! Slide between these plump pussy 🤤 🤤 her grind you until you're covered in cum! NEW",8.99,29,260.71,208.57,3348,2052,0.6129,,,60,,,group,,,2026-07-04_19-56-54_onlyfans_native_messages_pdf_Statistics 1 — OnlyFans.json,2026-07-04T19:58:49,39016bdbb19bdb155a1533b92ea2e9c5d524cc59636821ab48254462c9a88f6a
OnlyFans,pdf-message-295fd907ede3fda4,group,2024-03-15T17:49,2024-03-15,🤤 🤰 That cock looks so good. Here's a special discount because I want you to get me pregnant! NEW,12.99,20,259.8,207.84,1752,980,0.5594,,,80,,,group,,,2026-07-04_19-56-54_onlyfans_native_messages_pdf_Statistics 1 — OnlyFans.json,2026-07-04T19:58:49,a9d0f19ce1e2c77fda3d5dc620da8a2cd7261844e6cd3baec3057a249a068b66
OnlyFans,pdf-message-a55d23926e157e96,group,2023-10-15T22:11,2023-10-15,"🎃 I think you'll like me in a cheer costume, so I'm sending you a special Halloween discount! NEW",12.99,20,259.8,207.84,985,589,0.598,,,97,,,group,,,2026-07-04_19-56-54_onlyfans_native_messages_pdf_Statistics 1 — OnlyFans.json,2026-07-04T19:58:49,72cd86e35e90f33d8cb706423f827461cdfd33dfddf5ec9d8f7db30d9e8a8268
OnlyFans,pdf-message-85f511fb42e6fd2e,group,2023-09-03T02:05,2023-09-03,Squeezing my fat body in and out of this car and I even get brave enough to go topless with my fat tits and belly bouncing! Don't miss this 😘 count! NEW,12.99,20,259.8,207.84,880,545,0.6193,,,101,,,group,,,2026-07-04_19-56-54_onlyfans_native_messages_pdf_Statistics 1 — OnlyFans.json,2026-07-04T19:58:49,f444a2c2c16cb90ab04ec82bbf47b17869b6d476c7a285aa7c936421ddc1ad82
OnlyFans,pdf-message-586fcb4dca9ba364,group,2024-10-27T22:57,2024-10-27,"Your ex has a request, but it's not what you expect... She wants you to get her pregnant, no strings attached. Unlock if you would breed her. NEW",10.99,23,252.77,202.22,4556,1998,0.4385,,,50,,,group,,,2026-07-04_19-56-54_onlyfans_native_messages_pdf_Statistics 1 — OnlyFans.json,2026-07-04T19:58:49,5996271542e65151eab7d75a5bce318fe811b8b7063b0e8867bd7e18324270ea
OnlyFans,pdf-message-09e70ff2e3a448fe,group,2024-03-09T21:56,2024-03-09,OnlyFans message 81,13.99,18,251.82,201.46,1612,883,0.5478,,,81,,,group,,,2026-07-04_19-56-54_onlyfans_native_messages_pdf_Statistics 1 — OnlyFans.json,2026-07-04T19:58:49,a2d6cb2ce5d4ac9fbfb0acd38862e8e4be8722450010d79b844840978bbf310b
OnlyFans,pdf-message-e8c3148dac400ec7,group,2024-10-30T01:15,2024-10-30,🤤 Chugging this soda makes my belly soooo fucking round and bloated. Will you rub it to help me burp up all this gas? NEW,19.99,12,239.88,191.9,4553,1932,0.4243,,,49,,,group,,,2026-07-04_19-56-54_onlyfans_native_messages_pdf_Statistics 1 — OnlyFans.json,2026-07-04T19:58:49,1b7c59d6f2d30f84f30ff95d656929073b6096511a787370884198c8e426f8af
OnlyFans,pdf-message-cc8cb670090f565b,group,2023-10-05T03:45,2023-10-05,😘 I love guiding you through a stroke session! I hope you have fun with this special discounted joi clip! NEW,15.99,15,239.85,191.88,971,599,0.6169,,,98,,,group,,,2026-07-04_19-56-54_onlyfans_native_messages_pdf_Statistics 1 — OnlyFans.json,2026-07-04T19:58:49,342b499b73430877f0a3b0acedba383938f19ecbf264b0550a1ff84fdd84a7ae
OnlyFans,pdf-message-78c586773b73ea46,group,2024-03-30T01:06,2024-03-30,"🤭 🤤 I used old pictures on the dating site, I hope I haven't gained too much for you! You'll want this one if you like fat, dripping wet pussy! NEW",11.99,20,239.8,191.84,1987,1124,0.5657,,,76,,,group,,,2026-07-04_19-56-54_onlyfans_native_messages_pdf_Statistics 1 — OnlyFans.json,2026-07-04T19:58:49,025985870795b28d9e919ad1d9c00d45eefbae9533909d29f7764ac1ae2c2663
OnlyFans,pdf-message-f1c0f9e343f9d788,group,2024-04-20T02:31,2024-04-20,😊 I haven't showered in a few days and now you're going to worship all my stinky sweaty crevices and dirty little asshole! NEW,14.99,15,224.85,179.88,2323,1239,0.5334,,,71,,,group,,,2026-07-04_19-56-54_onlyfans_native_messages_pdf_Statistics 1 — OnlyFans.json,2026-07-04T19:58:49,9079cf8713bf744a1d78b76177c7e95abcb39496aabd79d4e7de3973c6e83960
OnlyFans,pdf-message-17bacb28e116abcd,group,2023-12-27T21:35,2023-12-27,🎄 You made it onto Santa's nice list this year! Enjoy this discount for a special treat from Mrs Claus! NEW,7.99,28,223.72,178.98,1267,800,0.6314,,,89,,,group,,,2026-07-04_19-56-54_onlyfans_native_messages_pdf_Statistics 1 — OnlyFans.json,2026-07-04T19:58:49,e0c617b290b659833d550eb1ae6a073872666d34f29b4fa8d59198ec17f43efe
OnlyFans,pdf-message-e3c1be7c2c3026d0,group,2023-11-27T21:49,2023-11-27,OnlyFans message 93,12.99,17,220.83,176.66,1120,689,0.6152,,,93,,,group,,,2026-07-04_19-56-54_onlyfans_native_messages_pdf_Statistics 1 — OnlyFans.json,2026-07-04T19:58:49,e15bbc754c560d5a3a4ad1151b5630a3cababb23f855b84394c83f8b521e2e76
OnlyFans,pdf-message-8d6a916190632d94,group,2024-07-17T13:31,2024-07-17,"You didn't make your quota.. Again. If you want to keep your job, you're gonna have to get on your knees and worship your boss's fat belly! NEW",12.99,16,207.84,166.27,3627,2040,0.5624,,,54,,,group,,,2026-07-04_19-56-54_onlyfans_native_messages_pdf_Statistics 1 — OnlyFans.json,2026-07-04T19:58:49,d544ccbf43673dcdf03e88da6443e588108389843c3068ff5d0aed98d93e39f0
OnlyFans,pdf-message-0de6452904442faf,group,2023-08-30T00:37,2023-08-30,🤭 These pathetic weaklings couldn't handle their fitness instructor's earth-shaking stomps! Can you? Here's a discount for you to join my NEW,7.99,26,207.74,166.19,915,589,0.6437,,,116,,,group,,,2026-07-04_19-56-54_onlyfans_native_messages_pdf_Statistics 1 — OnlyFans.json,2026-07-04T19:58:49,13a7cef966dbef7c12320c3d56ccce0b7c70b2469e72bea58c7625c2a3f549d1
OnlyFans,pdf-message-6a09616c6fbd6d7d,group,2024-04-24T01:26,2024-04-24,OnlyFans message 69,11.99,17,203.83,163.06,2591,1532,0.5913,,,69,,,group,,,2026-07-04_19-56-54_onlyfans_native_messages_pdf_Statistics 1 — OnlyFans.json,2026-07-04T19:58:49,eb794197bc93e59af2c9a4f1a51bbe215843b130714599d1942be41cca39520b
OnlyFans,pdf-message-fac43733013dede1,group,2025-02-28T17:34,2025-02-28,🚬 💄 Your secret voyeur cam watches as I get ready to go out. Unlock if you love admiring my fat and watching me smoke! NEW,21.99,9,197.91,158.33,5075,2241,0.4416,,,37,,,group,,,2026-07-04_19-56-54_onlyfans_native_messages_pdf_Statistics 1 — OnlyFans.json,2026-07-04T19:58:49,8e3bd4b7e18dd18c268215ef9e52132dca1da426e82f6e7f1760a260cf5f22b6
OnlyFans,pdf-message-e135355892de0fdb,group,2024-02-08T22:47,2024-02-08,😘 I know you never get tired of this body so I strutting my fat stuff once again! Enjoy a special discount while it lasts! NEW,10.99,18,197.82,158.26,1523,915,0.6008,,,84,,,group,,,2026-07-04_19-56-54_onlyfans_native_messages_pdf_Statistics 1 — OnlyFans.json,2026-07-04T19:58:49,e4f04998f710ef3e1e21ec5e2dab2f89211fd6f14a770316a3cbcc50edd994b4
OnlyFans,pdf-message-53b0b683e8ded64c,group,2024-03-08T19:43,2024-03-08,🤤 My fat sounds so fucking hot clapping all together! Here's a little discount so you can fap along with it! NEW,7.99,24,191.76,153.41,1688,985,0.5835,,,82,,,group,,,2026-07-04_19-56-54_onlyfans_native_messages_pdf_Statistics 1 — OnlyFans.json,2026-07-04T19:58:49,9d45db2dbb0bd3d93176d376ab583d49bddb2f4475dcfb7d79a5f807ecfa49af
OnlyFans,pdf-message-8165e999fb9065ab,group,2024-05-11T21:22,2024-05-11,🤤 Fucking my pussy until it's dripping with creamy cum! NEW,9.99,19,189.81,151.85,2929,1606,0.5483,,,65,,,group,,,2026-07-04_19-56-54_onlyfans_native_messages_pdf_Statistics 1 — OnlyFans.json,2026-07-04T19:58:49,5f402e95753fa22d4a8f1763f0b47304560ce75fb42f15744f331256357eb3e5
OnlyFans,pdf-message-277a21661e8aff3a,group,2024-02-22T20:43,2024-02-22,I love teasing you with all my thickness and this time it's all about the ass and thighs! Here's a little discount so you can really enjoy every NEW,9.99,19,189.81,151.85,1580,869,0.55,,,83,,,group,,,2026-07-04_19-56-54_onlyfans_native_messages_pdf_Statistics 1 — OnlyFans.json,2026-07-04T19:58:49,db134835574a1c7d55cbdafe4a4d131e4fa92aa4ff3ee217092129e0eff6ade2
OnlyFans,pdf-message-1129453ee35cfd5a,group,2024-06-11T19:21,2024-06-11,😈 I'm horny and I want you so bad! Would this video convince you to come over? NEW,7.99,20,159.8,127.84,3265,1639,0.502,,,63,,,group,,,2026-07-04_19-56-54_onlyfans_native_messages_pdf_Statistics 1 — OnlyFans.json,2026-07-04T19:58:49,7ab6bced6a5e4628e402276d8d09207e36042fbbd35f69de4bc5f00870b41999
OnlyFans,pdf-message-2487a63c0f585351,group,2023-08-30T20:33,2023-08-30,"💦 It's so got watching you stroke to my fat! I'm going to tell you just how I want you to touch yourself, don't bust until I count down to one! NEW",11.99,13,155.87,124.7,927,581,0.6268,,,113,,,group,,,2026-07-04_19-56-54_onlyfans_native_messages_pdf_Statistics 1 — OnlyFans.json,2026-07-04T19:58:49,6760b50de3423c3bb780fe79d42f3e8797201cc6f879907be88a593d81b00131
OnlyFans,pdf-message-e62cfdb398bf8b37,group,2023-12-11T17:48,2023-12-11,😘 Here's a little discount if you love when I make you feel tiny! NEW,10.99,14,153.86,123.09,1213,709,0.5845,,,91,,,group,,,2026-07-04_19-56-54_onlyfans_native_messages_pdf_Statistics 1 — OnlyFans.json,2026-07-04T19:58:49,15f402fbd7911ffef66d4eef3c5cd5bcd353d09b25ecec1d62de396793003865
OnlyFans,pdf-message-cfef7711d5402d0b,group,2023-10-17T19:29,2023-10-17,"🎃 I need your cum for my potion, and I'm gonna drain you for every last drop! NEW",8.99,17,152.83,122.26,997,663,0.665,,,96,,,group,,,2026-07-04_19-56-54_onlyfans_native_messages_pdf_Statistics 1 — OnlyFans.json,2026-07-04T19:58:49,dcbd2d11b72092f55cce875810d80b5a09279821fe7cb95e094d85bb3159499e
OnlyFans,pdf-message-ca70105e137c1008,group,2023-10-04T22:06,2023-10-04,"😘 I want to cum so hard for you, so I sent you this special discount on my new video! NEW",8.99,17,152.83,122.26,970,580,0.5979,,,99,,,group,,,2026-07-04_19-56-54_onlyfans_native_messages_pdf_Statistics 1 — OnlyFans.json,2026-07-04T19:58:49,f1eea7d450c6b57cd962d70670793c660b3672a19276a4a5046528ec3f84db23
OnlyFans,pdf-message-2a1c51bc5847a063,group,2024-03-22T21:54,2024-03-22,😍 Here's a little discount because I know you're gonna love seeing this fat body covered in oil! NEW,11.99,12,143.88,115.1,1839,1031,0.5606,,,78,,,group,,,2026-07-04_19-56-54_onlyfans_native_messages_pdf_Statistics 1 — OnlyFans.json,2026-07-04T19:58:49,fb2ca4072e492876e4f0d9f3378e3d238a8203d133304ee3d8c76e3120d4b2de
OnlyFans,pdf-message-edc5739dcc8a4414,group,2024-01-31T19:15,2024-01-31,🛀 🤭 Here's a little discount to see how my fat ass barely fits in this two-person tub! NEW,10.99,13,142.87,114.3,1432,881,0.6152,,,85,,,group,,,2026-07-04_19-56-54_onlyfans_native_messages_pdf_Statistics 1 — OnlyFans.json,2026-07-04T19:58:49,3d6aa86007b670e39e266060b9cc51e130bd08868132d2ddaf79694ebd1d66f5
OnlyFans,pdf-message-eb91e8d529c2d720,group,2023-08-29T21:30,2023-08-29,OnlyFans message 117,10.99,13,142.87,114.3,884,545,0.6165,,,117,,,group,,,2026-07-04_19-56-54_onlyfans_native_messages_pdf_Statistics 1 — OnlyFans.json,2026-07-04T19:58:49,5f19563fa36fca7bbbe0ce401ac718cf6ac5ceb334fa9b3bc645e031a42549e3
OnlyFans,pdf-message-04ab718a31823480,group,2025-07-21T13:02,2025-07-21,"Your fat co-worker has been stealing lunches and work and you've plotted your revenge - a cursed cake worth a million calories. Watch as 🎂 💥 keep shoving bite after messy bite in my face until I'm busting my buttons, breaking chairs, and fi",27.99,5,139.95,111.96,6228,2673,0.4292,,,28,,,group,,,2026-07-04_19-56-54_onlyfans_native_messages_pdf_Statistics 1 — OnlyFans.json,2026-07-04T19:58:49,590c171987c9049aa8b353132db15e0721e9781b3997dba6775b8b5b43aa71f6
OnlyFans,pdf-message-052701819d621031,group,2023-11-10T19:35,2023-11-10,"👠 You love to see me strut and jiggle, so I've got another sexy catwalk at a special discount just for you! NEW",10.99,12,131.88,105.5,1075,685,0.6372,,,95,,,group,,,2026-07-04_19-56-54_onlyfans_native_messages_pdf_Statistics 1 — OnlyFans.json,2026-07-04T19:58:49,4ccf65055d22d0d0bea905e5868f54d9d41313561626072cadca2b6293768fc1
OnlyFans,pdf-message-0009aa8ae2a0d253,group,2024-04-10T03:48,2024-04-10,Out of breath and struggling to make it through this workout! Make sure to use this discount and enjoy every jiggle! NEW,12.99,9,116.91,93.53,2094,1116,0.533,,,74,,,group,,,2026-07-04_19-56-54_onlyfans_native_messages_pdf_Statistics 1 — OnlyFans.json,2026-07-04T19:58:49,634d9a76c3182527c2ce9dbb305c34118af175b1bf9dffc830dc437b40d00ceb
OnlyFans,pdf-message-670ce937df9a1519,group,2023-09-30T16:51,2023-09-30,😘 I'm telling you just how to worship my gorgeous body from tits to toes and this is your chance kneel for me at a special discount! NEW,12.99,9,116.91,93.53,966,616,0.6377,,,100,,,group,,,2026-07-04_19-56-54_onlyfans_native_messages_pdf_Statistics 1 — OnlyFans.json,2026-07-04T19:58:49,05dd5ca086be28cff4ebb7f384391ba7902bee657ea7d3ba72092f9adfc77179
OnlyFans,pdf-message-bec8a1ee9daab10b,group,2024-04-20T20:16,2024-04-20,🤤 These skin-tight pants look amazing on me! They look even better when I strip them off and show off this fat pussy! NEW,8.99,13,116.87,93.5,2507,1509,0.6019,,,70,,,group,,,2026-07-04_19-56-54_onlyfans_native_messages_pdf_Statistics 1 — OnlyFans.json,2026-07-04T19:58:49,7be1772096725fbf70294352d295a9ad90e43b627f8d25eae4371ba0c2d02562
OnlyFans,pdf-message-bef79ee14061d5e9,group,2024-03-16T00:35,2024-03-16,👅 My tits are getting covered in whipped cream! Here's a discount so you can lick them clean for me. NEW,11.99,9,107.91,86.33,1789,980,0.5478,,,79,,,group,,,2026-07-04_19-56-54_onlyfans_native_messages_pdf_Statistics 1 — OnlyFans.json,2026-07-04T19:58:49,fab65bd2396252cc937cd5255ee7d15f58816dfa3740e00f6e27238aae4b182c
OnlyFans,pdf-message-945d4d0c329b1b80,group,2023-12-30T22:46,2023-12-30,🧼 😘 My fat looks incredible dripping with suds! Make sure you grab it with this special discount! NEW,11.99,9,107.91,86.33,1298,796,0.6133,,,87,,,group,,,2026-07-04_19-56-54_onlyfans_native_messages_pdf_Statistics 1 — OnlyFans.json,2026-07-04T19:58:49,2f9bcb6f982c1fa1424e444d18febb2af15871af746a84fd51bc92d90a6ec2b5
OnlyFans,pdf-message-e567d1498dd5a1e1,group,2026-01-30T00:54,2026-01-30,"You've been spotted by a massive gassy giantess, and there's nowhere for you to run. Will her burps and farts knock you out before she swallows 💨 😘 whole? You'll have to unlock to find out! NEW",24.99,2,49.98,39.98,7080,2795,0.3948,,,11,,,group,,,2026-07-04_19-56-54_onlyfans_native_messages_pdf_Statistics 1 — OnlyFans.json,2026-07-04T19:58:49,7f74e99e046ccc2fbce985e2da5e4c42867c04a7580d09d6cfecd16d1570986b
OnlyFans,pdf-message-94fc928150ab185d,group,2025-02-18T14:21,2025-02-18,🍪 🍪 Your submissive feedee didn't make her gaining goals. Unlock to see how she makes it up to you! NEW,23.99,2,47.98,38.38,4958,1872,0.3776,,,39,,,group,,,2026-07-04_19-56-54_onlyfans_native_messages_pdf_Statistics 1 — OnlyFans.json,2026-07-04T19:58:49,288c083d54f75ba972d93d8301b0223059a043d4b36dba8dca1b00d27e037514
OnlyFans,pdf-message-5fff779bcc1456f4,group,2024-11-14T17:45,2024-11-14,"If you can resist, I'll let you go. If you can't, you're getting shrunk... And nobody can resist me. This is my first vore video so unlock if you've 😋 getting swallowed by me! NEW",19.99,2,39.98,31.98,4617,2231,0.4832,,,47,,,group,,,2026-07-04_19-56-54_onlyfans_native_messages_pdf_Statistics 1 — OnlyFans.json,2026-07-04T19:58:49,10ef1904bbf911a455412218815eaa0e7688ec2643d122fe5f98f98e3884906f
OnlyFans,pdf-message-98250e87835adeea,group,2024-01-16T22:52,2024-01-16,"🤤 🥞 Looking sexy and stuffing my face, my two favorite things! I thought you might want a discount to watch me devour every bite! NEW",12.99,2,25.98,20.78,1321,817,0.6185,,,86,,,group,,,2026-07-04_19-56-54_onlyfans_native_messages_pdf_Statistics 1 — OnlyFans.json,2026-07-04T19:58:49,17da67248a304b53c0032b1788cb70ba359b8b81287d93334b1426f48f5d4beb
OnlyFans,pdf-message-bf4f2a0857ae7a70,group,2024-03-31T22:07,2024-03-31,🤤 🌮 I'm sat on top of you and stuffing this gorgeous belly full! Lay back and feel me get heavier and heavier on top of you. NEW,23.99,1,23.99,19.19,2040,1126,0.552,,,75,,,group,,,2026-07-04_19-56-54_onlyfans_native_messages_pdf_Statistics 1 — OnlyFans.json,2026-07-04T19:58:49,6518fa65e52e0073b26c2428b79cb72c61ab3177be5de7d6e80892f05c78fe2d
OnlyFans,pdf-message-eb2b17394b123221,group,2024-06-14T14:44,2024-06-14,💦 I need your nut baby! Stroke for me while I bounce my belly and twerk my fat ass for you! NEW,12.99,1,12.99,10.39,3282,2052,0.6252,,,62,,,group,,,2026-07-04_19-56-54_onlyfans_native_messages_pdf_Statistics 1 — OnlyFans.json,2026-07-04T19:58:49,9e8c58483512b1da837edfe370b9056ab49abcc6d09f34255628c244b5e478a5
OnlyFans,pdf-message-bf64c1fd76f4412c,group,2024-04-19T20:42,2024-04-19,"🤭 You've fed me so fat, now your cock isn't big enough. Luckily my coworker's is. You're my boyfriend and my feeder, now you'll be my cuckold NEW",9.99,1,9.99,7.99,2260,1246,0.5513,,,72,,,group,,,2026-07-04_19-56-54_onlyfans_native_messages_pdf_Statistics 1 — OnlyFans.json,2026-07-04T19:58:49,c0f764e061f0752003abeb086e77aa79a300541fddb505dc719cf22ad36344b5
OnlyFans,pdf-message-d45715ecd87216d1,group,2023-09-03T00:57,2023-09-03,💜 Thank you for purchasing this video! I've got a better quality version available now and I wanted to make sure you got it!,,,,,26,26,1.0,,,104,,,group,,,2026-07-04_19-56-54_onlyfans_native_messages_pdf_Statistics 1 — OnlyFans.json,2026-07-04T19:58:49,d1d4c16bbb2a3ee2a91762a9818f494968a76940861c4d4fa1c3b0da663b57db
OnlyFans,pdf-message-7bdf5df4350ba8ce,group,2023-09-03T01:02,2023-09-03,💜 I've got an updated version available of a video you purchased! Thank you so much and enjoy!,,,,,25,25,1.0,,,103,,,group,,,2026-07-04_19-56-54_onlyfans_native_messages_pdf_Statistics 1 — OnlyFans.json,2026-07-04T19:58:49,2a2f914091d12353f2ac5c7e9702432f39e690b4f599371886ca5e21b81f1964
OnlyFans,pdf-message-ee780105c66b25b0,group,2023-09-01T19:46,2023-09-01,💜 You purcahsed this video a while back and I've got an updated version for you! Thank you for supporting my work!,,,,,25,25,1.0,,,110,,,group,,,2026-07-04_19-56-54_onlyfans_native_messages_pdf_Statistics 1 — OnlyFans.json,2026-07-04T19:58:49,8d4db5398aec32cf41af1e0ee27e8ec94e25f3e097786d6b0b6010679e61e092
OnlyFans,pdf-message-19b0317f9f32079a,group,2023-09-02T21:12,2023-09-02,OnlyFans message 105,,,,,16,15,0.9375,,,105,,,group,,,2026-07-04_19-56-54_onlyfans_native_messages_pdf_Statistics 1 — OnlyFans.json,2026-07-04T19:58:49,21f3ce85dff6f47432395063372f15e1cc6d0e18684f1e1cc15f9b7ed085afc0
OnlyFans,pdf-message-88dcca4647ea1393,group,2023-08-31T18:36,2023-08-31,💜 Hi there! This is an updated version of a video you purchased previously!,,,,,15,15,1.0,,,111,,,group,,,2026-07-04_19-56-54_onlyfans_native_messages_pdf_Statistics 1 — OnlyFans.json,2026-07-04T19:58:49,1a6a31661a54c6a5aedb5d070eea602bb3c39d9389a32355725510f9874a97d9
OnlyFans,pdf-message-a91481865fb35f06,group,2023-09-02T18:32,2023-09-02,💜 Here's an updated version of a clip you purchased recently! Thank you for supporting my work!,,,,,10,10,1.0,,,107,,,group,,,2026-07-04_19-56-54_onlyfans_native_messages_pdf_Statistics 1 — OnlyFans.json,2026-07-04T19:58:49,1eeb904c63b1d4085554ba19d985b65d309689755ffb8b6bcc81f197600ac47c
OnlyFans,pdf-message-98cbf44bd02c92ab,group,2023-09-02T00:19,2023-09-02,💜 Thank you for purchasing this video! This is just an updated version for you!,,,,,10,10,1.0,,,108,,,group,,,2026-07-04_19-56-54_onlyfans_native_messages_pdf_Statistics 1 — OnlyFans.json,2026-07-04T19:58:49,ead320357017e271bdb474bef2a863fc5f4a6f71ee759f152189cbb9ead3ff08
OnlyFans,pdf-message-ed91c4afc866a294,group,2025-12-05T19:37,2025-12-05,"💜 Hey love, thank you so much for helping me replace my broken mixer. Your support really means a lot. Here’s the special clip I promised, 😘 love it!",,,,,9,9,1.0,,,15,,,group,,,2026-07-04_19-56-54_onlyfans_native_messages_pdf_Statistics 1 — OnlyFans.json,2026-07-04T19:58:49,14fee728bace93941fb3b4ee638de75b7a1d5804d2a0398ede7fd691b7d829d3
OnlyFans,pdf-message-b1f8c1605fea91c6,group,2023-08-30T22:27,2023-08-30,💜 You bought this video a little while ago and I now have an updated version for you to enjoy!,,,,,9,9,1.0,,,112,,,group,,,2026-07-04_19-56-54_onlyfans_native_messages_pdf_Statistics 1 — OnlyFans.json,2026-07-04T19:58:49,177b501d6255483baeb18cc8f74e620c512528f164fcae38ad049355e5205bfc
OnlyFans,pdf-message-5a64b21d55d367e2,group,2023-09-01T21:08,2023-09-01,💜 You purchased this video a while ago and I have an updated version! Thank you for supporting my work!,,,,,7,6,0.8571,,,109,,,group,,,2026-07-04_19-56-54_onlyfans_native_messages_pdf_Statistics 1 — OnlyFans.json,2026-07-04T19:58:49,4a3ea3e19a487ad5f184890fb61a706f9272910341d119339bb8eb7ad8362c19
OnlyFans,pdf-message-4fd301299b64f967,group,2026-01-10T16:38,2026-01-10,"Hi babe! I had so much fun baking this holiday season, thank you again for your contribution. I hope you’ll enjoy watching a little oily belly 😘 a new chocolate chip cookie recipe!",,,,,6,6,1.0,,,12,,,group,,,2026-07-04_19-56-54_onlyfans_native_messages_pdf_Statistics 1 — OnlyFans.json,2026-07-04T19:58:49,9bc36e478356424ecfde9ec6f5b764cf93520eb09703f24d5bfede64599869dc
OnlyFans,pdf-message-1f941b9117d7e64a,group,2025-12-05T20:07,2025-12-05,"You have no idea how much your generosity meant to me. Your contribution went beyond helping me get a new mixer. You made me feel adored, 🤤 and motivated to stuff myself silly with sweets this holiday season! This video is my thank-you for",,,,,6,6,1.0,,,14,,,group,,,2026-07-04_19-56-54_onlyfans_native_messages_pdf_Statistics 1 — OnlyFans.json,2026-07-04T19:58:49,5e9a0c26fe8f0ad6208e96fd9be0cf696e8b1b893dcf03ad9c7142c8be397467
OnlyFans,pdf-message-e9323ef8aecae8d3,group,2025-12-05T19:30,2025-12-05,"You have no idea how much your generosity meant to me! Your contribution went beyond helping me get a new mixer. You made me feel adored, 🤤 and motivated to stuff myself silly with sweets this holiday season! This video is my thank-you for",,,,,6,0,0.0,,,17,,,group,,,2026-07-04_19-56-54_onlyfans_native_messages_pdf_Statistics 1 — OnlyFans.json,2026-07-04T19:58:49,9a17cf98547c5b4ba0a56458300a7501f0278d8e8af841b45da8a792a06cef41
OnlyFans,pdf-message-25b34cb3f527f439,group,2025-11-12T17:08,2025-11-12,"Hey love! We chatted about your interest in a custom video a while back, and I’m thrilled to let you know that I’m launching a new custom request form! Go to https://form.jotform.com/253026005926047 to fifillll it out and submit your reques",,,,,5,5,1.0,,,21,,,group,,,2026-07-04_19-56-54_onlyfans_native_messages_pdf_Statistics 1 — OnlyFans.json,2026-07-04T19:58:49,6eb96fc8cc2efde2d4e5055a95af4e88b3a4ada057474eb82c2f41ee293562bf
OnlyFans,pdf-message-82611871d73090b1,group,2023-09-02T19:49,2023-09-02,💜 This video you purchased now has an updated version! Thank you for supporting my work!,,,,,5,5,1.0,,,106,,,group,,,2026-07-04_19-56-54_onlyfans_native_messages_pdf_Statistics 1 — OnlyFans.json,2026-07-04T19:58:49,00bc4fbbfcfa03a06ebc17f9af5112560a9249f559831319b56b936764371a7a
OnlyFans,pdf-message-6dabd806e5495246,group,2023-08-30T16:57,2023-08-30,"Hi love! You purchased this video a while ago, but I have an updated version that's a little higher quality and wanted to make sure you got it!",,,,,5,5,1.0,,,115,,,group,,,2026-07-04_19-56-54_onlyfans_native_messages_pdf_Statistics 1 — OnlyFans.json,2026-07-04T19:58:49,65940499bb4f5f14a16c18f03f5ec4114083f27e4fe663b061e4d439afcfae03
OnlyFans,pdf-message-1356917b4c5080e0,group,2025-12-05T19:36,2025-12-05,"🤤 💜 Thank you so much babe! Your support helped me upgrade to something even bigger and better, which means treats for me! This 😘 clusively for those who came through for me, I hope you enjoy every second.",,,,,4,4,1.0,,,16,,,group,,,2026-07-04_19-56-54_onlyfans_native_messages_pdf_Statistics 1 — OnlyFans.json,2026-07-04T19:58:49,a136247c68e0cc526887f761a7926600ffc9bbdf5135eee8007cd88dc9b99b0d
OnlyFans,pdf-message-6bd5449cca638cb5,group,2023-09-03T01:17,2023-09-03,💜 There's an updated version of this video you purchased! Thank you so much and enjoy!,,,,,4,4,1.0,,,102,,,group,,,2026-07-04_19-56-54_onlyfans_native_messages_pdf_Statistics 1 — OnlyFans.json,2026-07-04T19:58:49,d9e5ccf4d19057004b8c8a8e2629235da947c594d97da768a54bd0a9ec881f98
OnlyFans,pdf-message-d6e45b41942f6164,group,2023-08-30T17:47,2023-08-30,Hi love! You purchased this video a while ago and I now have a higher quality version available. I wanted to make sure you get it!,,,,,3,3,1.0,,,114,,,group,,,2026-07-04_19-56-54_onlyfans_native_messages_pdf_Statistics 1 — OnlyFans.json,2026-07-04T19:58:49,5be69b8db3b25753a6c41cefe34aa3144da1cc2dfeda264bca305477b17dd7e0
OnlyFans,pdf-message-373b34715760f273,group,2024-11-18T18:31,2024-11-18,OnlyFans message 46,16.99,,,,0,,,,,46,,,group,,,2026-07-04_19-56-54_onlyfans_native_messages_pdf_Statistics 1 — OnlyFans.json,2026-07-04T19:58:49,1069274fd07bcb2744c48f934d8fc754361cc9346b87ff397792b0b538deb262
