message_id,message_type,date,clean_item_label,price_tier,price,purchases,sent,viewed,view_rate,purchase_rate,gross,estimated_net,gross_per_viewed,net_per_viewed,net_per_1000_viewed,source_file
pdf-message-254a768c52689aa7,group,2026-05-22,"In town from college, you go to visit your best friend at his house. He isn't home yet, but his mom is... After sussing out your attraction to fat decides to show you just how to please one. Teasing you with her gorgeous soft body, she tell",$27.99,27.99,70,7421,2352,0.3169,0.0298,1959.3,1567.44,0.833,0.6664,666.43,2026-07-04_19-56-54_onlyfans_native_messages_pdf_Statistics 1 — OnlyFans.json
pdf-message-5c25123d14d5137c,group,2023-12-30,🍆 I'm always horny in the morning! Use this discount and come give me that morning wood! NEW,$11.99,11.99,42,1300,813,0.6254,0.0517,503.58,402.86,0.6194,0.4955,495.52,2026-07-04_19-56-54_onlyfans_native_messages_pdf_Statistics 1 — OnlyFans.json
pdf-message-5cfb489212975faa,group,2026-06-27,"👀 Woke up starving but everything is closed! Good thing my roommate has a ton of leftovers in the fridge. I plan to only take a few bites, control devouring everything in sight! Suddenly her alarm goes off, I try to cover up this mess but I",$36.99,36.99,24,7583,1468,0.1936,0.0163,887.76,710.21,0.6047,0.4838,483.79,2026-07-04_19-56-54_onlyfans_native_messages_pdf_Statistics 1 — OnlyFans.json
pdf-message-8554269067d56032,group,2025-01-05,😍 A new weigh-in and full body measurements! You're gonna love seeing my progress! NEW,$34.99,34.99,32,4890,2208,0.4515,0.0145,1119.68,895.74,0.5071,0.4057,405.68,2026-07-04_19-56-54_onlyfans_native_messages_pdf_Statistics 1 — OnlyFans.json
pdf-message-85f511fb42e6fd2e,group,2023-09-03,Squeezing my fat body in and out of this car and I even get brave enough to go topless with my fat tits and belly bouncing! Don't miss this 😘 count! NEW,$12.99,12.99,20,880,545,0.6193,0.0367,259.8,207.84,0.4767,0.3814,381.36,2026-07-04_19-56-54_onlyfans_native_messages_pdf_Statistics 1 — OnlyFans.json
pdf-message-1415587fcf44198c,group,2023-11-18,😘 Wanna be my friend with benefits? Here's a special discount for this pov solo! NEW,$11.99,11.99,25,1074,674,0.6276,0.0371,299.75,239.8,0.4447,0.3558,355.79,2026-07-04_19-56-54_onlyfans_native_messages_pdf_Statistics 1 — OnlyFans.json
pdf-message-a55d23926e157e96,group,2023-10-15,"🎃 I think you'll like me in a cheer costume, so I'm sending you a special Halloween discount! NEW",$12.99,12.99,20,985,589,0.598,0.034,259.8,207.84,0.4411,0.3529,352.87,2026-07-04_19-56-54_onlyfans_native_messages_pdf_Statistics 1 — OnlyFans.json
pdf-message-66b148be0c50aaa1,group,2025-12-28,Your ex girlfriend is home for the holidays and you can't believe how huge she's gotten! She turns you on with chat about her insane weight 🥵 stripping down to show you every jiggling inch! You wont be able to hold back when you get that am,$21.99,21.99,67,7062,3349,0.4742,0.02,1473.33,1178.66,0.4399,0.3519,351.94,2026-07-04_19-56-54_onlyfans_native_messages_pdf_Statistics 1 — OnlyFans.json
pdf-message-fc637494657f9251,group,2023-12-02,🤭 My fatass was not made for exercise! I thought you might like to watch me huff and puff anyway so here's a little discount! NEW,$11.99,11.99,25,1177,720,0.6117,0.0347,299.75,239.8,0.4163,0.3331,333.06,2026-07-04_19-56-54_onlyfans_native_messages_pdf_Statistics 1 — OnlyFans.json
pdf-message-a3e8daedd46ebd01,group,2024-05-03,🤭 You've come home from a business trip to find your wife looking HUGE! She doesn't think she's changed at all. Do you think you can talk complete weight gain denial?? NEW,$16.99,16.99,38,2799,1573,0.562,0.0242,645.62,516.5,0.4104,0.3284,328.35,2026-07-04_19-56-54_onlyfans_native_messages_pdf_Statistics 1 — OnlyFans.json
pdf-message-cc8cb670090f565b,group,2023-10-05,😘 I love guiding you through a stroke session! I hope you have fun with this special discounted joi clip! NEW,$15.99,15.99,15,971,599,0.6169,0.025,239.85,191.88,0.4004,0.3203,320.33,2026-07-04_19-56-54_onlyfans_native_messages_pdf_Statistics 1 — OnlyFans.json
pdf-message-8a85d801271e2c8d,group,2025-06-16,"Your neighbor comes over to hang out and watch a movie, but she reveals she wants something more! She wants you to fill her fat pussy 🥵 pregnant! NEW",$20.99,20.99,51,6178,2701,0.4372,0.0189,1070.49,856.39,0.3963,0.3171,317.06,2026-07-04_19-56-54_onlyfans_native_messages_pdf_Statistics 1 — OnlyFans.json
pdf-message-282ccce79350a627,group,2025-10-28,"🎃 🎃 50% OFF HALLOWEEN BUNDLE! 😱 Get into the season with this 4 video bundle! Sexy costumes, sultry ssttuuffiffinngg,, pov fucking, and tantalizing roleplays, I'll having you going NEW",$27.49,27.49,16,6842,1117,0.1633,0.0143,439.84,351.87,0.3938,0.315,315.01,2026-07-04_19-56-54_onlyfans_native_messages_pdf_Statistics 1 — OnlyFans.json
pdf-message-f14387d5811b4506,group,2025-02-23,Your feedee wife decided she's had enough and wants to stop gaining! But you fuck her so good it reminds her why she gained for you in the 🥵 NEW,$21.99,21.99,37,4974,2105,0.4232,0.0176,813.63,650.9,0.3865,0.3092,309.22,2026-07-04_19-56-54_onlyfans_native_messages_pdf_Statistics 1 — OnlyFans.json
pdf-message-6f8df4d97dc0fa7f,group,2023-12-17,🤭 So big I got stuck in the door! Here's a little discount because I know you don't want to miss that! NEW,$11.99,11.99,24,1226,794,0.6476,0.0302,287.76,230.21,0.3624,0.2899,289.94,2026-07-04_19-56-54_onlyfans_native_messages_pdf_Statistics 1 — OnlyFans.json
pdf-message-0de6452904442faf,group,2023-08-30,🤭 These pathetic weaklings couldn't handle their fitness instructor's earth-shaking stomps! Can you? Here's a discount for you to join my NEW,$7.99,7.99,26,915,589,0.6437,0.0441,207.74,166.19,0.3527,0.2822,282.16,2026-07-04_19-56-54_onlyfans_native_messages_pdf_Statistics 1 — OnlyFans.json
pdf-message-aa812bd690c71c76,group,2026-04-21,OnlyFans message 6,$36.99,36.99,24,7332,2718,0.3707,0.0088,887.76,710.21,0.3266,0.2613,261.3,2026-07-04_19-56-54_onlyfans_native_messages_pdf_Statistics 1 — OnlyFans.json
pdf-message-e3c1be7c2c3026d0,group,2023-11-27,OnlyFans message 93,$12.99,12.99,17,1120,689,0.6152,0.0247,220.83,176.66,0.3205,0.2564,256.4,2026-07-04_19-56-54_onlyfans_native_messages_pdf_Statistics 1 — OnlyFans.json
pdf-message-e0e5c12d88d2607e,group,2025-04-17,"😍 You weren't expecting your blind date to be so huge! I'm stuffing my face and chugging soda until this belly is nice and bloated! Unlock 💨 🤤 burps and for the first time ever, I'll be farting right in your face! NEW",$34.99,34.99,25,5643,2748,0.487,0.0091,874.75,699.8,0.3183,0.2547,254.66,2026-07-04_19-56-54_onlyfans_native_messages_pdf_Statistics 1 — OnlyFans.json
pdf-message-c1b61adcd238950f,group,2024-03-29,🤤 Here's your discount on my newest POV! Watch me grow before I ride that cock! NEW,$14.99,14.99,23,1897,1106,0.583,0.0208,344.77,275.82,0.3117,0.2494,249.39,2026-07-04_19-56-54_onlyfans_native_messages_pdf_Statistics 1 — OnlyFans.json
pdf-message-4d2df130b34ffe92,group,2025-09-15,"This try-on is than just clothes, it’s a showcase of how much my body has grown! From modeling my current sexy favorites to ppuuffiffinngg while chatting about sizes and struggles, it’s as candid as it is hot. Watch me push into old oouuttf",$27.99,27.99,31,6706,2839,0.4234,0.0109,867.69,694.15,0.3056,0.2445,244.51,2026-07-04_19-56-54_onlyfans_native_messages_pdf_Statistics 1 — OnlyFans.json
pdf-message-2d5801c823773064,group,2024-04-12,💦 You know she's a keeper when she squirts on the first date! NEW,$16.99,16.99,23,2123,1339,0.6307,0.0172,390.77,312.62,0.2918,0.2335,233.47,2026-07-04_19-56-54_onlyfans_native_messages_pdf_Statistics 1 — OnlyFans.json
pdf-message-19b06455b48f60b8,group,2024-12-03,"You love obese pigs like me! I want you to stroke for my fat growing belly and lick my big sweaty, stinky ass! I bet you won't make it all the 😘 🍑 😛 the cum countdown. NEW",$23.99,23.99,29,4821,2432,0.5045,0.0119,695.71,556.57,0.2861,0.2289,228.85,2026-07-04_19-56-54_onlyfans_native_messages_pdf_Statistics 1 — OnlyFans.json
pdf-message-09e70ff2e3a448fe,group,2024-03-09,OnlyFans message 81,$13.99,13.99,18,1612,883,0.5478,0.0204,251.82,201.46,0.2852,0.2282,228.15,2026-07-04_19-56-54_onlyfans_native_messages_pdf_Statistics 1 — OnlyFans.json
pdf-message-17bacb28e116abcd,group,2023-12-27,🎄 You made it onto Santa's nice list this year! Enjoy this discount for a special treat from Mrs Claus! NEW,$7.99,7.99,28,1267,800,0.6314,0.035,223.72,178.98,0.2797,0.2237,223.72,2026-07-04_19-56-54_onlyfans_native_messages_pdf_Statistics 1 — OnlyFans.json
pdf-message-f634858047a71387,group,2024-11-29,🤤 🦃 It was so fucking hot stuffing my face this thanksgiving! Unlock to see me absolutely full to bursting! NEW,$29.99,29.99,20,4658,2150,0.4616,0.0093,599.8,479.84,0.279,0.2232,223.18,2026-07-04_19-56-54_onlyfans_native_messages_pdf_Statistics 1 — OnlyFans.json
pdf-message-1a1f38ee92528f38,group,2024-06-30,🤤 An intimate pov stuffing and making out with your feedee! Nothing turns you on than rubbing her belly while she stuffs her face. NEW,$19.99,19.99,28,3407,2009,0.5897,0.0139,559.72,447.78,0.2786,0.2229,222.89,2026-07-04_19-56-54_onlyfans_native_messages_pdf_Statistics 1 — OnlyFans.json
pdf-message-2487a63c0f585351,group,2023-08-30,"💦 It's so got watching you stroke to my fat! I'm going to tell you just how I want you to touch yourself, don't bust until I count down to one! NEW",$11.99,11.99,13,927,581,0.6268,0.0224,155.87,124.7,0.2683,0.2146,214.63,2026-07-04_19-56-54_onlyfans_native_messages_pdf_Statistics 1 — OnlyFans.json
pdf-message-aef0ed271d25d8e4,group,2025-04-15,Nothing shows my gains off better than trying to squeeze my way behind the wheel! Unlock if you love watching me stuff my face until I'm NEW,$28.99,28.99,24,5592,2621,0.4687,0.0092,695.76,556.61,0.2655,0.2124,212.37,2026-07-04_19-56-54_onlyfans_native_messages_pdf_Statistics 1 — OnlyFans.json
pdf-message-295fd907ede3fda4,group,2024-03-15,🤤 🤰 That cock looks so good. Here's a special discount because I want you to get me pregnant! NEW,$12.99,12.99,20,1752,980,0.5594,0.0204,259.8,207.84,0.2651,0.2121,212.08,2026-07-04_19-56-54_onlyfans_native_messages_pdf_Statistics 1 — OnlyFans.json
pdf-message-ca70105e137c1008,group,2023-10-04,"😘 I want to cum so hard for you, so I sent you this special discount on my new video! NEW",$8.99,8.99,17,970,580,0.5979,0.0293,152.83,122.26,0.2635,0.2108,210.79,2026-07-04_19-56-54_onlyfans_native_messages_pdf_Statistics 1 — OnlyFans.json
pdf-message-eb91e8d529c2d720,group,2023-08-29,OnlyFans message 117,$10.99,10.99,13,884,545,0.6165,0.0239,142.87,114.3,0.2621,0.2097,209.72,2026-07-04_19-56-54_onlyfans_native_messages_pdf_Statistics 1 — OnlyFans.json
pdf-message-847afe853a013a55,group,2026-06-11,🧁 🥵 You surprised your girlfriend with her favorite treats and it turned out just how you planned - with her face and pussy stuffed,$20.99,20.99,25,7514,2035,0.2708,0.0123,524.75,419.8,0.2579,0.2063,206.29,2026-07-04_19-56-54_onlyfans_native_messages_pdf_Statistics 1 — OnlyFans.json
pdf-message-9993258130638df5,group,2025-03-01,🥵 🍑 These tight leggings look so much better ripped open! Watch me make fuck this fat pussy until I cum! NEW,$19.99,19.99,28,5073,2190,0.4317,0.0128,559.72,447.78,0.2556,0.2045,204.47,2026-07-04_19-56-54_onlyfans_native_messages_pdf_Statistics 1 — OnlyFans.json
pdf-message-bab7865dbd4b60bd,group,2026-03-04,"🤤 Budget cuts are coming, but the HR manager offers to help protect your job... As long as you take care of her needs. You're mine now, gonna feed me, fuck me, and worship me every day if you want to keep that paycheck. Unlock this video an",$19.99,19.99,36,7117,2996,0.421,0.012,719.64,575.71,0.2402,0.1922,192.16,2026-07-04_19-56-54_onlyfans_native_messages_pdf_Statistics 1 — OnlyFans.json
pdf-message-a8e9dc48f1838f33,group,2024-05-14,😘 Your fat psychologist helps you embrace your deepest desire! Use this discount to worship this round belly! NEW,$19.99,19.99,19,2994,1620,0.5411,0.0117,379.81,303.85,0.2345,0.1876,187.56,2026-07-04_19-56-54_onlyfans_native_messages_pdf_Statistics 1 — OnlyFans.json
pdf-message-a3b4eec72be7ce4b,group,2025-12-01,"You're seated across from the nightmare Thanksgiving guest, and you can't take your eyes off of her! She's ssttuuffiffinngg her face until her belly 🤤 waistband and snaps if anyone else even tries to touch the feast. You didn't have a bite",$31.99,31.99,25,7009,3452,0.4925,0.0072,799.75,639.8,0.2317,0.1853,185.34,2026-07-04_19-56-54_onlyfans_native_messages_pdf_Statistics 1 — OnlyFans.json
pdf-message-cfef7711d5402d0b,group,2023-10-17,"🎃 I need your cum for my potion, and I'm gonna drain you for every last drop! NEW",$8.99,8.99,17,997,663,0.665,0.0256,152.83,122.26,0.2305,0.1844,184.4,2026-07-04_19-56-54_onlyfans_native_messages_pdf_Statistics 1 — OnlyFans.json
pdf-message-16130fcdcb6ebfb2,group,2026-05-05,"Your gaining girlfriend has gotten so fucking fat, stretching and expanding her stomach to stuff and more. She's knows how much you 🍪 😍 women, and she's determined to make it to 600lbs all for you!",$19.99,19.99,29,7361,2553,0.3468,0.0114,579.71,463.77,0.2271,0.1817,181.66,2026-07-04_19-56-54_onlyfans_native_messages_pdf_Statistics 1 — OnlyFans.json
pdf-message-9700f0b62ff1b4b6,group,2024-05-09,😳 🤤 You call your favorite hookup after months and find out she's gained a ton of weight! NEW,$14.99,14.99,24,2883,1610,0.5584,0.0149,359.76,287.81,0.2235,0.1788,178.76,2026-07-04_19-56-54_onlyfans_native_messages_pdf_Statistics 1 — OnlyFans.json
pdf-message-0ad3d073a0b00cda,group,2024-07-07,🥵 The hot hotel clerk gives you the best customer service of your life! I'm such a slut for you in this sexy pov! NEW,$13.99,13.99,32,3525,2031,0.5762,0.0158,447.68,358.14,0.2204,0.1763,176.34,2026-07-04_19-56-54_onlyfans_native_messages_pdf_Statistics 1 — OnlyFans.json
pdf-message-277a21661e8aff3a,group,2024-02-22,I love teasing you with all my thickness and this time it's all about the ass and thighs! Here's a little discount so you can really enjoy every NEW,$9.99,9.99,19,1580,869,0.55,0.0219,189.81,151.85,0.2184,0.1747,174.74,2026-07-04_19-56-54_onlyfans_native_messages_pdf_Statistics 1 — OnlyFans.json
pdf-message-e62cfdb398bf8b37,group,2023-12-11,😘 Here's a little discount if you love when I make you feel tiny! NEW,$10.99,10.99,14,1213,709,0.5845,0.0197,153.86,123.09,0.217,0.1736,173.61,2026-07-04_19-56-54_onlyfans_native_messages_pdf_Statistics 1 — OnlyFans.json
pdf-message-e135355892de0fdb,group,2024-02-08,😘 I know you never get tired of this body so I strutting my fat stuff once again! Enjoy a special discount while it lasts! NEW,$10.99,10.99,18,1523,915,0.6008,0.0197,197.82,158.26,0.2162,0.173,172.96,2026-07-04_19-56-54_onlyfans_native_messages_pdf_Statistics 1 — OnlyFans.json
pdf-message-16d370ecfa5475ee,group,2025-10-24,"Your wife comes home and doesn't even glance at you before tearing into her family size bucket of chicken! Unlock if you love stroking to 🍗 sounds of chewing, burping, and farts! NEW",$15.99,15.99,39,6824,2906,0.4258,0.0134,623.61,498.89,0.2146,0.1717,171.68,2026-07-04_19-56-54_onlyfans_native_messages_pdf_Statistics 1 — OnlyFans.json
pdf-message-78c586773b73ea46,group,2024-03-30,"🤭 🤤 I used old pictures on the dating site, I hope I haven't gained too much for you! You'll want this one if you like fat, dripping wet pussy! NEW",$11.99,11.99,20,1987,1124,0.5657,0.0178,239.8,191.84,0.2133,0.1707,170.68,2026-07-04_19-56-54_onlyfans_native_messages_pdf_Statistics 1 — OnlyFans.json
pdf-message-8438a9779c9afe40,group,2024-10-25,😘 Your girlfriend satisfies your ultimate fantasy by growing into a 14-foot giantess! Unlock if you would climb my soft mountainous body! NEW,$16.99,16.99,25,4552,2041,0.4484,0.0122,424.75,339.8,0.2081,0.1665,166.49,2026-07-04_19-56-54_onlyfans_native_messages_pdf_Statistics 1 — OnlyFans.json
pdf-message-3000ae19f6dcc643,group,2024-07-21,🍾 🥂 It's your anniversary! After celebrating at the buffet your wife wants to show off her stuffed belly in her new lingerie. You know she needs tonight! NEW,$15.99,15.99,27,3732,2099,0.5624,0.0129,431.73,345.38,0.2057,0.1645,164.55,2026-07-04_19-56-54_onlyfans_native_messages_pdf_Statistics 1 — OnlyFans.json
pdf-message-53b0b683e8ded64c,group,2024-03-08,🤤 My fat sounds so fucking hot clapping all together! Here's a little discount so you can fap along with it! NEW,$7.99,7.99,24,1688,985,0.5835,0.0244,191.76,153.41,0.1947,0.1557,155.75,2026-07-04_19-56-54_onlyfans_native_messages_pdf_Statistics 1 — OnlyFans.json
pdf-message-9d996217cf3e39a1,group,2026-02-22,"😳 I thought these diet pills would solve everything, but it all went wrong! I grew so quick and got wedged in the car, by then it was too late... 🍗 🎈 wanna see me expand until I pop! NEW",$14.99,14.99,36,7083,2796,0.3947,0.0129,539.64,431.71,0.193,0.1544,154.4,2026-07-04_19-56-54_onlyfans_native_messages_pdf_Statistics 1 — OnlyFans.json
pdf-message-052701819d621031,group,2023-11-10,"👠 You love to see me strut and jiggle, so I've got another sexy catwalk at a special discount just for you! NEW",$10.99,10.99,12,1075,685,0.6372,0.0175,131.88,105.5,0.1925,0.154,154.01,2026-07-04_19-56-54_onlyfans_native_messages_pdf_Statistics 1 — OnlyFans.json
pdf-message-670ce937df9a1519,group,2023-09-30,😘 I'm telling you just how to worship my gorgeous body from tits to toes and this is your chance kneel for me at a special discount! NEW,$12.99,12.99,9,966,616,0.6377,0.0146,116.91,93.53,0.1898,0.1518,151.83,2026-07-04_19-56-54_onlyfans_native_messages_pdf_Statistics 1 — OnlyFans.json
pdf-message-3c9d85a27b1425a7,group,2025-04-24,"It's been a busy work day but I'm sooo fucking horny! I get a little break in the day and decide to try and cum before my next meeting, only 🥵 💻 start early! You don't want to miss how naughty I get during this work meeting! NEW",$21.99,21.99,23,5755,2735,0.4752,0.0084,505.77,404.62,0.1849,0.1479,147.94,2026-07-04_19-56-54_onlyfans_native_messages_pdf_Statistics 1 — OnlyFans.json
pdf-message-ad988a56075ec32e,group,2024-11-13,🥵 You can't help but grab your cock when you see all this gorgeous fat parading around in front of you! Will you give me your cum baby? NEW,$12.99,12.99,32,4601,2286,0.4968,0.014,415.68,332.54,0.1818,0.1455,145.47,2026-07-04_19-56-54_onlyfans_native_messages_pdf_Statistics 1 — OnlyFans.json
pdf-message-f1c0f9e343f9d788,group,2024-04-20,😊 I haven't showered in a few days and now you're going to worship all my stinky sweaty crevices and dirty little asshole! NEW,$14.99,14.99,15,2323,1239,0.5334,0.0121,224.85,179.88,0.1815,0.1452,145.18,2026-07-04_19-56-54_onlyfans_native_messages_pdf_Statistics 1 — OnlyFans.json
pdf-message-b5c80687d3c6dc29,group,2025-01-12,"🤤 🍔 Your girlfriend stuffs her face, but you didn't bring enough to satisfy her gluttonous appetite! Guess who's next on the menu.. Unlock 😍 facestuffing and vore! NEW",$21.99,21.99,18,4909,2219,0.452,0.0081,395.82,316.66,0.1784,0.1427,142.7,2026-07-04_19-56-54_onlyfans_native_messages_pdf_Statistics 1 — OnlyFans.json
pdf-message-807a53862424b7c7,group,2024-04-30,🍕 🤤 Stuffing my face and gaining turns me on so much! I want you to feed me pizza while I cum so I sent you this little discount! NEW,$18.99,18.99,14,2738,1577,0.576,0.0089,265.86,212.69,0.1686,0.1349,134.87,2026-07-04_19-56-54_onlyfans_native_messages_pdf_Statistics 1 — OnlyFans.json
pdf-message-3fd2d2ad1ab50c55,group,2025-11-20,"It's part three of the psychologist series and we're taking things even further! We've made so much progress and you can fifinnaallllyy see what 😍 working towards all this time. I've turned you into my own personal feeder, and you're obsess",$29.99,29.99,19,6943,3479,0.5011,0.0055,569.81,455.85,0.1638,0.131,131.03,2026-07-04_19-56-54_onlyfans_native_messages_pdf_Statistics 1 — OnlyFans.json
pdf-message-bbc5c3ddfff84a09,group,2025-08-16,"You love the way my stockings look and feel, and love them even better when I rip them open for you to eat that fat, wet pussy. Unlock for 😍 pussy, and pretty pedicured toes! NEW",$21.99,21.99,21,6515,2848,0.4371,0.0074,461.79,369.43,0.1621,0.1297,129.72,2026-07-04_19-56-54_onlyfans_native_messages_pdf_Statistics 1 — OnlyFans.json
pdf-message-edc5739dcc8a4414,group,2024-01-31,🛀 🤭 Here's a little discount to see how my fat ass barely fits in this two-person tub! NEW,$10.99,10.99,13,1432,881,0.6152,0.0148,142.87,114.3,0.1622,0.1297,129.74,2026-07-04_19-56-54_onlyfans_native_messages_pdf_Statistics 1 — OnlyFans.json
pdf-message-c8ea99e4b62c01e4,group,2026-04-06,"I love how much I've gained over the years, and I thought you might want to hear how it's impacted the way I exercise. Hang out with me while 🏋🏻‍♀️ 💪 and chat about moving in a massive 530lb body!",$27.99,27.99,16,7324,2841,0.3879,0.0056,447.84,358.27,0.1576,0.1261,126.11,2026-07-04_19-56-54_onlyfans_native_messages_pdf_Statistics 1 — OnlyFans.json
pdf-message-56fff3b3e511c7f2,group,2025-11-14,"😍 Six years after her last visit, Dorothy is back in Oz and fatter than ever! The Wizard won't be able to resist her luscious new body. If you 🌈 gain, sparkly red heels, and POV fucking, you definitely don't want to miss this one! NEW",$23.99,23.99,19,6897,2912,0.4222,0.0065,455.81,364.65,0.1565,0.1252,125.22,2026-07-04_19-56-54_onlyfans_native_messages_pdf_Statistics 1 — OnlyFans.json
pdf-message-ee4de9eed111e148,group,2025-08-10,"You've always dreamed what it would feel like to be crushed under my massive 525lb body, now I'm gonna show you. Unlock to see how I 🥞 🍑 you flat under my ass and feet! NEW",$17.99,17.99,24,6428,2764,0.43,0.0087,431.76,345.41,0.1562,0.125,124.97,2026-07-04_19-56-54_onlyfans_native_messages_pdf_Statistics 1 — OnlyFans.json
pdf-message-67e781089e690973,group,2024-06-14,"🥵 It feels so good running my hands over my glistening, oil-covered fat! You won't be able to keep your hands from your cock! NEW",$15.99,15.99,20,3283,2050,0.6244,0.0098,319.8,255.84,0.156,0.1248,124.8,2026-07-04_19-56-54_onlyfans_native_messages_pdf_Statistics 1 — OnlyFans.json
pdf-message-2775c22502026aff,group,2025-04-29,"You've been seeing your psychologist for a while now and she thinks it's time for you to take the next step in accepting your fat attraction! 🍕 🤤 be watching her stuff her face, while she helps you come to terms with your desire! NEW",$24.99,24.99,17,5820,2747,0.472,0.0062,424.83,339.86,0.1547,0.1237,123.72,2026-07-04_19-56-54_onlyfans_native_messages_pdf_Statistics 1 — OnlyFans.json
pdf-message-1f462e34bb334863,group,2024-07-20,"You found the perfect hiding spot to spy on her, and you get the hottest show you can imagine! Live out your voyeuristic fantasies with me. NEW",$12.99,12.99,24,3676,2099,0.571,0.0114,311.76,249.41,0.1485,0.1188,118.82,2026-07-04_19-56-54_onlyfans_native_messages_pdf_Statistics 1 — OnlyFans.json
pdf-message-4d60607aad55b166,group,2024-06-24,My clothes are so tight from all the weight I've gained that they're bursting at the buttons! It's so fucking hot seeing what my new body does 🥵 clothes! NEW,$11.99,11.99,25,3367,2030,0.6029,0.0123,299.75,239.8,0.1477,0.1181,118.13,2026-07-04_19-56-54_onlyfans_native_messages_pdf_Statistics 1 — OnlyFans.json
pdf-message-9bf308e7b69b9b45,group,2026-04-27,"I love sharing my weight gain journey with you, so you're getting an even closer look at my daily diet with a kitchen tour! Chat with me about 🚬 🍪 diet has evolved with my growth while I smoke, snack, and show off my well-stocked cupboards!",$27.99,27.99,14,7365,2665,0.3618,0.0053,391.86,313.49,0.147,0.1176,117.63,2026-07-04_19-56-54_onlyfans_native_messages_pdf_Statistics 1 — OnlyFans.json
pdf-message-2a1c51bc5847a063,group,2024-03-22,😍 Here's a little discount because I know you're gonna love seeing this fat body covered in oil! NEW,$11.99,11.99,12,1839,1031,0.5606,0.0116,143.88,115.1,0.1396,0.1116,111.64,2026-07-04_19-56-54_onlyfans_native_messages_pdf_Statistics 1 — OnlyFans.json
pdf-message-945d4d0c329b1b80,group,2023-12-30,🧼 😘 My fat looks incredible dripping with suds! Make sure you grab it with this special discount! NEW,$11.99,11.99,9,1298,796,0.6133,0.0113,107.91,86.33,0.1356,0.1085,108.45,2026-07-04_19-56-54_onlyfans_native_messages_pdf_Statistics 1 — OnlyFans.json
pdf-message-a9a5a4039dc3d466,group,2026-03-11,"You're feast for two turned into a stuffing all for your girlfriend! You can tell all that food really did a number on her stomach when you start gling. First the burps start erupting, but she can't hold back her farts as she lays back for",$19.99,19.99,20,7238,2968,0.4101,0.0067,399.8,319.84,0.1347,0.1078,107.76,2026-07-04_19-56-54_onlyfans_native_messages_pdf_Statistics 1 — OnlyFans.json
pdf-message-6a09616c6fbd6d7d,group,2024-04-24,OnlyFans message 69,$11.99,11.99,17,2591,1532,0.5913,0.0111,203.83,163.06,0.133,0.1064,106.44,2026-07-04_19-56-54_onlyfans_native_messages_pdf_Statistics 1 — OnlyFans.json
pdf-message-2ae614325c192b1b,group,2024-07-10,🤰 I want you to get me pregnant and make this body grow so fat! NEW,$8.99,8.99,30,3548,2034,0.5733,0.0147,269.7,215.76,0.1326,0.1061,106.08,2026-07-04_19-56-54_onlyfans_native_messages_pdf_Statistics 1 — OnlyFans.json
pdf-message-f1f82c95187f934e,group,2025-07-28,"You catch me waking from a nap, my body eenngguullfifinngg the bed as it squeaks in protest. I light a cigarette, then wrestle with a long-forgotten es my arms and pops my belly free no matter how I tug. Flopping back, I smoke, squeeze, and",$18.99,18.99,19,6328,2773,0.4382,0.0069,360.81,288.65,0.1301,0.1041,104.09,2026-07-04_19-56-54_onlyfans_native_messages_pdf_Statistics 1 — OnlyFans.json
pdf-message-ddf82e1641bff50b,group,2025-03-10,"You've tried and tried to get me to go to the gym and I finally agree! But when I get home my clothes are in tatters and I have a sack of fast 🤤 🍔 🥤 my face with. I'm not meant for the gym, I'm meant to be a fat greedy pig! NEW",$19.99,19.99,16,5217,2500,0.4792,0.0064,319.84,255.87,0.1279,0.1023,102.35,2026-07-04_19-56-54_onlyfans_native_messages_pdf_Statistics 1 — OnlyFans.json
pdf-message-ade8452322af7aa3,group,2024-07-03,"🤭 😘 She's so skinny, you and I both know she'll never satisfy you. That's why you're crawling back to your SSBBW mistress! NEW",$8.99,8.99,29,3505,2047,0.584,0.0142,260.71,208.57,0.1274,0.1019,101.89,2026-07-04_19-56-54_onlyfans_native_messages_pdf_Statistics 1 — OnlyFans.json
pdf-message-94ca03b1dbb4ea2b,group,2024-06-21,"You've turned your girlfriend into a giantess using the power of orgasms, and she wants to get even bigger! Slide between these plump pussy 🤤 🤤 her grind you until you're covered in cum! NEW",$8.99,8.99,29,3348,2052,0.6129,0.0141,260.71,208.57,0.1271,0.1016,101.64,2026-07-04_19-56-54_onlyfans_native_messages_pdf_Statistics 1 — OnlyFans.json
pdf-message-586fcb4dca9ba364,group,2024-10-27,"Your ex has a request, but it's not what you expect... She wants you to get her pregnant, no strings attached. Unlock if you would breed her. NEW",$10.99,10.99,23,4556,1998,0.4385,0.0115,252.77,202.22,0.1265,0.1012,101.21,2026-07-04_19-56-54_onlyfans_native_messages_pdf_Statistics 1 — OnlyFans.json
pdf-message-28b2ead24d292562,group,2024-12-06,"We've been so focused on my gain lately, I'm blowing up like a balloon! But I noticed your putting on a little weight too, and I wanna make you 🍩 Would you let me stuff these donuts in your face? NEW",$24.99,24.99,12,4840,2385,0.4928,0.005,299.88,239.9,0.1257,0.1006,100.59,2026-07-04_19-56-54_onlyfans_native_messages_pdf_Statistics 1 — OnlyFans.json
pdf-message-e8c3148dac400ec7,group,2024-10-30,🤤 Chugging this soda makes my belly soooo fucking round and bloated. Will you rub it to help me burp up all this gas? NEW,$19.99,19.99,12,4553,1932,0.4243,0.0062,239.88,191.9,0.1242,0.0993,99.33,2026-07-04_19-56-54_onlyfans_native_messages_pdf_Statistics 1 — OnlyFans.json
pdf-message-8165e999fb9065ab,group,2024-05-11,🤤 Fucking my pussy until it's dripping with creamy cum! NEW,$9.99,9.99,19,2929,1606,0.5483,0.0118,189.81,151.85,0.1182,0.0946,94.55,2026-07-04_19-56-54_onlyfans_native_messages_pdf_Statistics 1 — OnlyFans.json
pdf-message-82c1551628945cbf,group,2024-12-11,"🥵 I know you can't get enough of this fat, and I'm jiggling it all for your cum. I wanna feel it dripping down this fat belly! NEW",$16.99,16.99,16,4853,2362,0.4867,0.0068,271.84,217.47,0.1151,0.0921,92.07,2026-07-04_19-56-54_onlyfans_native_messages_pdf_Statistics 1 — OnlyFans.json
pdf-message-7b8653f1325edb50,group,2025-03-14,"🥵 You get a front row seat to a steamy, jiggly, dripping wet strip tease! You know you can't resist stroking for this fat body! NEW",$21.99,21.99,13,5326,2522,0.4735,0.0052,285.87,228.7,0.1134,0.0907,90.68,2026-07-04_19-56-54_onlyfans_native_messages_pdf_Statistics 1 — OnlyFans.json
pdf-message-bef79ee14061d5e9,group,2024-03-16,👅 My tits are getting covered in whipped cream! Here's a discount so you can lick them clean for me. NEW,$11.99,11.99,9,1789,980,0.5478,0.0092,107.91,86.33,0.1101,0.0881,88.09,2026-07-04_19-56-54_onlyfans_native_messages_pdf_Statistics 1 — OnlyFans.json
pdf-message-0009aa8ae2a0d253,group,2024-04-10,Out of breath and struggling to make it through this workout! Make sure to use this discount and enjoy every jiggle! NEW,$12.99,12.99,9,2094,1116,0.533,0.0081,116.91,93.53,0.1048,0.0838,83.81,2026-07-04_19-56-54_onlyfans_native_messages_pdf_Statistics 1 — OnlyFans.json
pdf-message-8d6a916190632d94,group,2024-07-17,"You didn't make your quota.. Again. If you want to keep your job, you're gonna have to get on your knees and worship your boss's fat belly! NEW",$12.99,12.99,16,3627,2040,0.5624,0.0078,207.84,166.27,0.1019,0.0815,81.5,2026-07-04_19-56-54_onlyfans_native_messages_pdf_Statistics 1 — OnlyFans.json
pdf-message-1129453ee35cfd5a,group,2024-06-11,😈 I'm horny and I want you so bad! Would this video convince you to come over? NEW,$7.99,7.99,20,3265,1639,0.502,0.0122,159.8,127.84,0.0975,0.078,78.0,2026-07-04_19-56-54_onlyfans_native_messages_pdf_Statistics 1 — OnlyFans.json
pdf-message-fac43733013dede1,group,2025-02-28,🚬 💄 Your secret voyeur cam watches as I get ready to go out. Unlock if you love admiring my fat and watching me smoke! NEW,$21.99,21.99,9,5075,2241,0.4416,0.004,197.91,158.33,0.0883,0.0707,70.65,2026-07-04_19-56-54_onlyfans_native_messages_pdf_Statistics 1 — OnlyFans.json
pdf-message-bec8a1ee9daab10b,group,2024-04-20,🤤 These skin-tight pants look amazing on me! They look even better when I strip them off and show off this fat pussy! NEW,$8.99,8.99,13,2507,1509,0.6019,0.0086,116.87,93.5,0.0774,0.062,61.96,2026-07-04_19-56-54_onlyfans_native_messages_pdf_Statistics 1 — OnlyFans.json
pdf-message-04ab718a31823480,group,2025-07-21,"Your fat co-worker has been stealing lunches and work and you've plotted your revenge - a cursed cake worth a million calories. Watch as 🎂 💥 keep shoving bite after messy bite in my face until I'm busting my buttons, breaking chairs, and fi",$27.99,27.99,5,6228,2673,0.4292,0.0019,139.95,111.96,0.0524,0.0419,41.89,2026-07-04_19-56-54_onlyfans_native_messages_pdf_Statistics 1 — OnlyFans.json
pdf-message-98250e87835adeea,group,2024-01-16,"🤤 🥞 Looking sexy and stuffing my face, my two favorite things! I thought you might want a discount to watch me devour every bite! NEW",$12.99,12.99,2,1321,817,0.6185,0.0024,25.98,20.78,0.0318,0.0254,25.43,2026-07-04_19-56-54_onlyfans_native_messages_pdf_Statistics 1 — OnlyFans.json
pdf-message-94fc928150ab185d,group,2025-02-18,🍪 🍪 Your submissive feedee didn't make her gaining goals. Unlock to see how she makes it up to you! NEW,$23.99,23.99,2,4958,1872,0.3776,0.0011,47.98,38.38,0.0256,0.0205,20.5,2026-07-04_19-56-54_onlyfans_native_messages_pdf_Statistics 1 — OnlyFans.json
pdf-message-bf4f2a0857ae7a70,group,2024-03-31,🤤 🌮 I'm sat on top of you and stuffing this gorgeous belly full! Lay back and feel me get heavier and heavier on top of you. NEW,$23.99,23.99,1,2040,1126,0.552,0.0009,23.99,19.19,0.0213,0.017,17.04,2026-07-04_19-56-54_onlyfans_native_messages_pdf_Statistics 1 — OnlyFans.json
pdf-message-e567d1498dd5a1e1,group,2026-01-30,"You've been spotted by a massive gassy giantess, and there's nowhere for you to run. Will her burps and farts knock you out before she swallows 💨 😘 whole? You'll have to unlock to find out! NEW",$24.99,24.99,2,7080,2795,0.3948,0.0007,49.98,39.98,0.0179,0.0143,14.3,2026-07-04_19-56-54_onlyfans_native_messages_pdf_Statistics 1 — OnlyFans.json
pdf-message-5fff779bcc1456f4,group,2024-11-14,"If you can resist, I'll let you go. If you can't, you're getting shrunk... And nobody can resist me. This is my first vore video so unlock if you've 😋 getting swallowed by me! NEW",$19.99,19.99,2,4617,2231,0.4832,0.0009,39.98,31.98,0.0179,0.0143,14.33,2026-07-04_19-56-54_onlyfans_native_messages_pdf_Statistics 1 — OnlyFans.json
pdf-message-bf64c1fd76f4412c,group,2024-04-19,"🤭 You've fed me so fat, now your cock isn't big enough. Luckily my coworker's is. You're my boyfriend and my feeder, now you'll be my cuckold NEW",$9.99,9.99,1,2260,1246,0.5513,0.0008,9.99,7.99,0.008,0.0064,6.41,2026-07-04_19-56-54_onlyfans_native_messages_pdf_Statistics 1 — OnlyFans.json
pdf-message-eb2b17394b123221,group,2024-06-14,💦 I need your nut baby! Stroke for me while I bounce my belly and twerk my fat ass for you! NEW,$12.99,12.99,1,3282,2052,0.6252,0.0005,12.99,10.39,0.0063,0.0051,5.06,2026-07-04_19-56-54_onlyfans_native_messages_pdf_Statistics 1 — OnlyFans.json
