canonical_content_id,canonical_title,price_tier,primary_price,min_price,max_price,price_spread,price_status,listed_platforms,priced_platforms,platform_list,sales,gross,net,avg_net_per_sale,days_live,net_per_day,latest_7_net,mtd_net,ytd_net,launch_7_net_observed,launch_30_net_observed,first_offered_date,first_offered_confidence,mapping_status,c4s_sales,c4s_gross,c4s_net,curvage_sales,curvage_gross,curvage_net,manyvids_sales,manyvids_gross,manyvids_net,onlyfans_sales,onlyfans_gross,onlyfans_net,modelcentro_sales,modelcentro_gross,modelcentro_net,coverage_note
Video 0291,Greedy SSBBW Devours Roommates Leftovers,$36.99,36.99,36.99,36.99,0.0,Mostly aligned,"Clips4Sale, Curvage, ManyVids","C4S, ManyVids, Curvage","Clips4Sale, Curvage, ManyVids",100,3698.65,2470.45,24.7,17,145.32,314.43,938.73,2470.45,,2470.45,2026-06-27,high,mapped,45,1664.25,998.55,47,1738.53,1294.38,8,295.87,177.52,0,0.0,0.0,0,0.0,0.0,Observational pricing row. Primary price tier uses the highest captured listed price; Launch window uses lifetime-to-date because the title is still inside that window.
Video 0289,Best Friend's Mom Teases You,$27.99,27.99,19.99,27.99,8.0,Price spread,"Clips4Sale, Curvage, ManyVids, ModelCentro","C4S, ManyVids, Curvage","Clips4Sale, Curvage, ManyVids, OnlyFans",352,9163.17,6130.22,17.42,54,113.52,149.11,390.96,4562.78,,,2026-05-21,high,mapped,163,4561.28,2736.77,86,1719.14,1271.94,33,923.45,554.07,70,1959.3,1567.44,0,0.0,0.0,Observational pricing row. Primary price tier uses the highest captured listed price; Historical first-7/first-30 windows are not reconstructed from mixed-grain title snapshots yet.
Video 0290,Fucking Your Stuffed SSBBW Girlfriend POV,$20.99,20.99,20.99,20.99,0.0,Partial coverage,"Clips4Sale, ManyVids, ModelCentro","C4S, ManyVids","Clips4Sale, ManyVids, OnlyFans",112,2357.3,1519.33,13.57,33,46.04,75.54,176.26,1099.53,,,2026-06-11,high,mapped,68,1433.87,860.32,0,0.0,0.0,19,398.68,239.21,25,524.75,419.8,0,0.0,0.0,Observational pricing row. Primary price tier uses the highest captured listed price; Historical first-7/first-30 windows are not reconstructed from mixed-grain title snapshots yet.
Video 0288,Gaining SSBBW Wants to Reach 600lbs,$19.99,19.99,19.99,19.99,0.0,Mostly aligned,"Clips4Sale, Curvage, ManyVids, ModelCentro","C4S, ManyVids, Curvage","Clips4Sale, Curvage, ManyVids, OnlyFans",153,3251.41,2283.63,14.93,71,32.16,26.78,50.76,1803.87,,,2026-05-04,high,mapped,44,879.27,527.56,66,1512.66,1120.44,13,259.78,155.87,30,599.7,479.76,0,0.0,0.0,Observational pricing row. Primary price tier uses the highest captured listed price; Historical first-7/first-30 windows are not reconstructed from mixed-grain title snapshots yet.
Video 0282,Diet Pills Gone Wrong,$14.99,14.99,14.99,14.99,0.0,Mostly aligned,"Clips4Sale, Curvage, ManyVids, ModelCentro","C4S, ManyVids, Curvage","Clips4Sale, Curvage, ManyVids, OnlyFans",331,5401.03,3782.04,11.43,142,26.63,,29.02,3218.42,,,2026-02-22,high,mapped,106,1588.23,952.94,160,2838.57,2103.66,18,269.7,161.82,47,704.53,563.62,0,0.0,0.0,Observational pricing row. Primary price tier uses the highest captured listed price; Historical first-7/first-30 windows are not reconstructed from mixed-grain title snapshots yet.
Video 0285,Exercise After Gaining,$27.99,27.99,27.99,27.99,0.0,Mostly aligned,"Clips4Sale, Curvage, ManyVids, ModelCentro","C4S, ManyVids, Curvage","Clips4Sale, Curvage, ManyVids, OnlyFans",108,3368.0,2390.9,22.14,99,24.15,58.37,58.37,2010.24,,,2026-04-06,high,mapped,27,755.55,453.33,57,1940.74,1439.38,7,195.88,117.53,17,475.83,380.66,0,0.0,0.0,Observational pricing row. Primary price tier uses the highest captured listed price; Historical first-7/first-30 windows are not reconstructed from mixed-grain title snapshots yet.
Video 0284,Stuffed Girlfriend Gets Gassy,$19.99,19.99,19.99,19.99,0.0,Mostly aligned,"Clips4Sale, Curvage, ManyVids, ModelCentro","C4S, ManyVids, Curvage","Clips4Sale, Curvage, ManyVids, OnlyFans",205,4398.35,2995.89,14.61,125,23.97,11.99,65.55,2676.05,,,2026-03-11,high,mapped,96,1918.4,1151.04,83,1960.25,1453.07,6,119.9,71.94,20,399.8,319.84,0,0.0,0.0,Observational pricing row. Primary price tier uses the highest captured listed price; Historical first-7/first-30 windows are not reconstructed from mixed-grain title snapshots yet.
Video 0283,HR Fatty Makes You Her Feeder POV,$19.99,19.99,11.99,19.99,8.0,Price spread,"Clips4Sale, Curvage, ManyVids, ModelCentro","C4S, ManyVids, Curvage","Clips4Sale, Curvage, ManyVids, OnlyFans",237,4062.07,2857.49,12.06,132,21.65,,41.56,2281.78,,,2026-03-04,high,mapped,58,1159.03,695.42,132,1963.58,1454.47,11,219.82,131.89,36,719.64,575.71,0,0.0,0.0,Observational pricing row. Primary price tier uses the highest captured listed price; Historical first-7/first-30 windows are not reconstructed from mixed-grain title snapshots yet.
Video 0281,Gassy Giantess Gobbles You Up,$24.99,24.99,24.99,24.99,0.0,Mostly aligned,"Clips4Sale, Curvage, ManyVids, ModelCentro","C4S, ManyVids, Curvage","Clips4Sale, Curvage, ManyVids, OnlyFans",148,3917.93,2657.83,17.96,165,16.11,14.99,14.99,1978.1,,,2026-01-30,high,mapped,78,1948.7,1169.22,30,969.67,718.94,6,149.9,89.94,34,849.66,679.73,0,0.0,0.0,Observational pricing row. Primary price tier uses the highest captured listed price; Historical first-7/first-30 windows are not reconstructed from mixed-grain title snapshots yet.
Video 0286,Stuffed and Horny,$36.99,36.99,36.99,36.99,0.0,Partial coverage,"Clips4Sale, ManyVids, ModelCentro","C4S, ManyVids","Clips4Sale, ManyVids",58,2145.04,1287.02,22.19,85,15.14,22.19,22.19,1287.02,,,2026-04-20,high,mapped,47,1738.22,1042.93,0,0.0,0.0,11,406.82,244.09,0,0.0,0.0,0,0.0,0.0,Observational pricing row. Primary price tier uses the highest captured listed price; Historical first-7/first-30 windows are not reconstructed from mixed-grain title snapshots yet.
Video 0287,The Diet of a Gaining SSBBW,$27.99,27.99,27.99,27.99,0.0,Mostly aligned,"Clips4Sale, Curvage, ManyVids, ModelCentro","C4S, ManyVids, Curvage","Clips4Sale, Curvage, ManyVids, OnlyFans",58,1623.18,1084.25,18.69,78,13.9,,16.79,770.76,,,2026-04-27,high,mapped,34,951.43,570.86,8,223.92,166.32,2,55.97,33.58,14,391.86,313.49,0,0.0,0.0,Observational pricing row. Primary price tier uses the highest captured listed price; Historical first-7/first-30 windows are not reconstructed from mixed-grain title snapshots yet.
Video 0279,Greedy SSBBW Stuffs Whole Thanksgiving Dinner,$31.99,31.99,31.99,31.99,0.0,Mostly aligned,"Clips4Sale, Curvage, ManyVids, ModelCentro","C4S, ManyVids, Curvage","Clips4Sale, Curvage, ManyVids",66,2491.78,1716.9,26.01,225,7.63,,23.79,1716.9,,,2025-12-01,high,mapped,27,863.55,518.13,37,1564.26,1160.39,2,63.97,38.38,0,0.0,0.0,0,0.0,0.0,Observational pricing row. Primary price tier uses the highest captured listed price; Historical first-7/first-30 windows are not reconstructed from mixed-grain title snapshots yet.
Video 0280,Ex GF Got Fat - Holiday Hookup,$21.99,21.99,16.99,21.99,5.0,Price spread,"Clips4Sale, Curvage, ManyVids, ModelCentro","C4S, ManyVids, Curvage","Clips4Sale, Curvage, ManyVids",86,1880.58,1133.04,13.17,200,5.67,13.19,25.73,1133.04,,,2025-12-26,high,mapped,73,1604.78,962.87,2,33.98,25.08,11,241.82,145.09,0,0.0,0.0,0,0.0,0.0,Observational pricing row. Primary price tier uses the highest captured listed price; Historical first-7/first-30 windows are not reconstructed from mixed-grain title snapshots yet.
Video 0271,Co-workers' Revenge: Cake Stuffing and Rapid Growth,$27.99,27.99,27.99,27.99,0.0,Mostly aligned,"Clips4Sale, Curvage, ManyVids, ModelCentro","C4S, ManyVids, Curvage","Clips4Sale, Curvage, ManyVids",77,2528.88,1708.89,22.19,358,4.77,,33.58,1708.89,,,2025-07-21,high,mapped,38,1063.37,638.02,35,1353.58,1003.71,4,111.93,67.16,0,0.0,0.0,0,0.0,0.0,Observational pricing row. Primary price tier uses the highest captured listed price; Historical first-7/first-30 windows are not reconstructed from mixed-grain title snapshots yet.
Video 0267,SSBBW Burps and Farts While Stuffing,$34.99,34.99,34.99,34.99,0.0,Mostly aligned,"Clips4Sale, Curvage, ManyVids","C4S, ManyVids, Curvage","Clips4Sale, Curvage, ManyVids",33,1339.11,874.28,26.49,454,1.93,26.04,94.06,874.28,,,2025-04-16,high,mapped,20,699.67,419.8,9,499.51,370.52,4,139.93,83.96,0,0.0,0.0,0,0.0,0.0,Observational pricing row. Primary price tier uses the highest captured listed price; Historical first-7/first-30 windows are not reconstructed from mixed-grain title snapshots yet.
Video 0277,Dorothy Returns to Oz POV,$23.99,23.99,23.99,23.99,0.0,Partial coverage,"Clips4Sale, ManyVids, ModelCentro","C4S, ManyVids","Clips4Sale, ManyVids, OnlyFans",30,719.54,460.51,15.35,242,1.9,,,345.36,,,2025-11-14,high,mapped,16,383.73,230.24,0,0.0,0.0,8,191.87,115.12,6,143.94,115.15,0,0.0,0.0,Observational pricing row. Primary price tier uses the highest captured listed price; Historical first-7/first-30 windows are not reconstructed from mixed-grain title snapshots yet.
Video 0278,Therapist Turns You Into a Feeder Part 3,$29.99,29.99,29.99,29.99,0.0,Mostly aligned,"Clips4Sale, Curvage, ManyVids, ModelCentro","C4S, ManyVids, Curvage","Clips4Sale, Curvage, ManyVids",19,569.69,346.11,18.22,237,1.46,17.99,35.98,346.11,,,2025-11-19,high,mapped,17,509.72,305.83,1,29.99,22.29,1,29.98,17.99,0,0.0,0.0,0,0.0,0.0,Observational pricing row. Primary price tier uses the highest captured listed price; Historical first-7/first-30 windows are not reconstructed from mixed-grain title snapshots yet.
Video 0273,SSBBW Squashes You Under Ass and Feet,$17.99,17.99,17.99,17.99,0.0,Mostly aligned,"Clips4Sale, Curvage, ManyVids, ModelCentro","C4S, ManyVids, Curvage","Clips4Sale, Curvage, ManyVids",27,708.28,469.12,17.37,339,1.38,,10.79,469.12,,,2025-08-09,high,mapped,20,359.67,215.8,5,312.64,231.74,2,35.97,21.58,0,0.0,0.0,0,0.0,0.0,Observational pricing row. Primary price tier uses the highest captured listed price; Historical first-7/first-30 windows are not reconstructed from mixed-grain title snapshots yet.
Video 0270,Neighbor Gets Bred,$20.99,20.99,20.99,20.99,0.0,Partial coverage,"Clips4Sale, ManyVids, ModelCentro","C4S, ManyVids","Clips4Sale, ManyVids",28,587.53,352.52,12.59,399,0.88,,12.59,352.52,,,2025-06-10,high,mapped,22,461.63,276.98,0,0.0,0.0,6,125.9,75.54,0,0.0,0.0,0,0.0,0.0,Observational pricing row. Primary price tier uses the highest captured listed price; Historical first-7/first-30 windows are not reconstructed from mixed-grain title snapshots yet.
Video 0276,Hungry Girlfriend Ignores You,$15.99,15.99,15.99,15.99,0.0,Mostly aligned,"Clips4Sale, Curvage, ManyVids, ModelCentro","C4S, ManyVids, Curvage","Clips4Sale, Curvage, ManyVids",23,367.63,227.17,9.88,269,0.84,,21.38,227.17,,,2025-10-18,high,mapped,16,255.73,153.44,3,47.97,35.37,4,63.93,38.36,0,0.0,0.0,0,0.0,0.0,Observational pricing row. Primary price tier uses the highest captured listed price; Historical first-7/first-30 windows are not reconstructed from mixed-grain title snapshots yet.
Video 0266,Stuffing Until I'm Stuck,$28.99,28.99,28.99,28.99,0.0,Mostly aligned,"Clips4Sale, Curvage, ManyVids, ModelCentro","C4S, ManyVids, Curvage","Clips4Sale, Curvage",18,546.29,355.88,19.77,459,0.78,,17.39,355.88,,,2025-04-11,high,mapped,12,347.8,208.68,6,198.49,147.2,0,0.0,0.0,0,0.0,0.0,0,0.0,0.0,Observational pricing row. Primary price tier uses the highest captured listed price; Historical first-7/first-30 windows are not reconstructed from mixed-grain title snapshots yet.
Video 0259,Boyfriend Gets Vored,$21.99,21.99,21.99,21.99,0.0,Mostly aligned,"Clips4Sale, Curvage, ManyVids, ModelCentro","C4S, ManyVids, Curvage","Clips4Sale, Curvage, ManyVids",18,470.23,326.84,18.16,568,0.58,,,326.84,,,2024-12-23,high,mapped,6,131.9,79.14,11,316.35,234.51,1,21.98,13.19,0,0.0,0.0,0,0.0,0.0,Observational pricing row. Primary price tier uses the highest captured listed price; Historical first-7/first-30 windows are not reconstructed from mixed-grain title snapshots yet.
Video 0261,Wife Wants to Stop Gaining the Reboot,$21.99,21.99,21.99,21.99,0.0,Partial coverage,"Clips4Sale, ManyVids, ModelCentro","C4S, ManyVids","Clips4Sale, ManyVids",22,483.64,290.18,13.19,509,0.57,13.19,52.76,290.18,,,2025-02-20,high,mapped,17,373.72,224.23,0,0.0,0.0,5,109.92,65.95,0,0.0,0.0,0,0.0,0.0,Observational pricing row. Primary price tier uses the highest captured listed price; Historical first-7/first-30 windows are not reconstructed from mixed-grain title snapshots yet.
Video 0264,After-Gym Stuffing,$19.99,19.99,19.99,19.99,0.0,Mostly aligned,"Clips4Sale, Curvage, ManyVids, ModelCentro","C4S, ManyVids, Curvage","Clips4Sale, Curvage, ManyVids",18,403.85,268.25,14.9,491,0.55,,11.99,268.25,,,2025-03-10,high,mapped,10,199.83,119.9,7,184.04,136.36,1,19.98,11.99,0,0.0,0.0,0,0.0,0.0,Observational pricing row. Primary price tier uses the highest captured listed price; Historical first-7/first-30 windows are not reconstructed from mixed-grain title snapshots yet.
Video 0275,Fitting My Fat Body,$27.99,27.99,27.99,27.99,0.0,Mostly aligned,"Clips4Sale, Curvage, ManyVids, ModelCentro","C4S, ManyVids, Curvage",Clips4Sale,10,279.83,167.9,16.79,303,0.55,,,167.9,,,2025-09-14,high,mapped,10,279.83,167.9,0,0.0,0.0,0,0.0,0.0,0,0.0,0.0,0,0.0,0.0,Observational pricing row. Primary price tier uses the highest captured listed price; Historical first-7/first-30 windows are not reconstructed from mixed-grain title snapshots yet.
Video 0241,Stuffing and Makeout POV,$24.99,24.99,24.99,24.99,0.0,Mostly aligned,"Clips4Sale, Curvage, ManyVids, ModelCentro","C4S, ManyVids, Curvage","Clips4Sale, Curvage",19,502.53,337.29,17.75,743,0.45,,14.99,337.29,,,2024-07-01,high,mapped,10,249.83,149.9,9,252.7,187.39,0,0.0,0.0,0,0.0,0.0,0,0.0,0.0,Observational pricing row. Primary price tier uses the highest captured listed price; Historical first-7/first-30 windows are not reconstructed from mixed-grain title snapshots yet.
Video 0268,Work Meeting Masturbation,$21.99,21.99,21.99,21.99,0.0,Partial coverage,"Clips4Sale, ManyVids, ModelCentro","C4S, ManyVids","Clips4Sale, ManyVids",15,329.75,197.85,13.19,447,0.44,,13.19,197.85,,,2025-04-23,high,mapped,13,285.78,171.47,0,0.0,0.0,2,43.97,26.38,0,0.0,0.0,0,0.0,0.0,Observational pricing row. Primary price tier uses the highest captured listed price; Historical first-7/first-30 windows are not reconstructed from mixed-grain title snapshots yet.
Video 0254,SSBBW Smokes After Thanksgiving Stuffing,$29.99,29.99,29.99,29.99,0.0,Mostly aligned,"Clips4Sale, Curvage, ManyVids, ModelCentro","C4S, ManyVids, Curvage","Clips4Sale, Curvage",11,346.36,235.69,21.43,592,0.4,,40.28,235.69,,,2024-11-29,high,mapped,5,149.92,89.95,6,196.44,145.74,0,0.0,0.0,0,0.0,0.0,0,0.0,0.0,Observational pricing row. Primary price tier uses the highest captured listed price; Historical first-7/first-30 windows are not reconstructed from mixed-grain title snapshots yet.
Video 0274,Pantyhose Pussy Licking and Toe Sucking,$21.99,21.99,21.99,21.99,0.0,Partial coverage,"Clips4Sale, ManyVids, ModelCentro","C4S, ManyVids","Clips4Sale, ManyVids",10,219.84,131.9,13.19,332,0.4,,,131.9,,,2025-08-16,high,mapped,8,175.87,105.52,0,0.0,0.0,2,43.97,26.38,0,0.0,0.0,0,0.0,0.0,Observational pricing row. Primary price tier uses the highest captured listed price; Historical first-7/first-30 windows are not reconstructed from mixed-grain title snapshots yet.
Video 0249,SSBBW Ex Wants to Get Pregnant,$13.99,13.99,13.99,13.99,0.0,Partial coverage,"Clips4Sale, ManyVids, ModelCentro","C4S, ManyVids","Clips4Sale, ManyVids",26,363.57,218.14,8.39,625,0.35,8.39,8.39,218.14,,,2024-10-27,high,mapped,18,251.7,151.02,0,0.0,0.0,8,111.87,67.12,0,0.0,0.0,0,0.0,0.0,Observational pricing row. Primary price tier uses the highest captured listed price; Historical first-7/first-30 windows are not reconstructed from mixed-grain title snapshots yet.
Video 0111,Stuffing My Face With Pizza,$14.99,14.99,14.99,14.99,0.0,Mostly aligned,"Clips4Sale, ManyVids, ModelCentro","C4S, ManyVids, MC Clipstore","ManyVids, OnlyFans",25,902.74,719.2,28.77,2089,0.34,,,8.99,,,2020-10-24,high,mapped,0,0.0,0.0,0,0.0,0.0,1,14.98,8.99,24,887.76,710.21,0,0.0,0.0,Observational pricing row. Primary price tier uses the highest captured listed price; Historical first-7/first-30 windows are not reconstructed from mixed-grain title snapshots yet.
Video 0256,Mutual Gaining Fantasy,$24.99,24.99,24.99,24.99,0.0,Mostly aligned,"Clips4Sale, Curvage, ManyVids, ModelCentro","C4S, ManyVids, Curvage","Clips4Sale, Curvage",12,304.42,193.92,16.16,586,0.33,,14.99,193.92,,,2024-12-05,high,mapped,9,224.85,134.91,3,79.57,59.01,0,0.0,0.0,0,0.0,0.0,0,0.0,0.0,Observational pricing row. Primary price tier uses the highest captured listed price; Historical first-7/first-30 windows are not reconstructed from mixed-grain title snapshots yet.
Video 0243,Hotel Concierge Fucking POV,$17.99,17.99,17.99,17.99,0.0,Partial coverage,"Clips4Sale, ManyVids, ModelCentro","C4S, ManyVids","Clips4Sale, ManyVids",20,359.66,215.8,10.79,734,0.29,21.58,53.95,215.8,,,2024-07-10,high,mapped,13,233.78,140.27,0,0.0,0.0,7,125.88,75.53,0,0.0,0.0,0,0.0,0.0,Observational pricing row. Primary price tier uses the highest captured listed price; Historical first-7/first-30 windows are not reconstructed from mixed-grain title snapshots yet.
Video 0263,SSBBW Rips Leggings and Fucks Pussy,$19.99,19.99,19.99,19.99,0.0,Partial coverage,"Clips4Sale, ManyVids, ModelCentro","C4S, ManyVids","Clips4Sale, ManyVids",12,239.8,143.88,11.99,499,0.29,,,143.88,,,2025-03-02,high,mapped,9,179.85,107.91,0,0.0,0.0,3,59.95,35.97,0,0.0,0.0,0,0.0,0.0,Observational pricing row. Primary price tier uses the highest captured listed price; Historical first-7/first-30 windows are not reconstructed from mixed-grain title snapshots yet.
Video 0272,Smoking a cigarette in an outgrown shirt,$18.99,18.99,18.99,18.99,0.0,Partial coverage,"Clips4Sale, Curvage, ModelCentro","C4S, Curvage",Clips4Sale,9,170.85,102.51,11.39,352,0.29,,,102.51,,,2025-07-27,high,mapped,9,170.85,102.51,0,0.0,0.0,0,0.0,0.0,0,0.0,0.0,0,0.0,0.0,Observational pricing row. Primary price tier uses the highest captured listed price; Historical first-7/first-30 windows are not reconstructed from mixed-grain title snapshots yet.
Video 0255,Worship My Sweaty Fat,$24.99,24.99,24.99,24.99,0.0,Partial coverage,"Clips4Sale, ManyVids, ModelCentro","C4S, ManyVids","Clips4Sale, ManyVids",10,249.83,149.9,14.99,587,0.26,,,149.9,,,2024-12-04,high,mapped,9,224.85,134.91,0,0.0,0.0,1,24.98,14.99,0,0.0,0.0,0,0.0,0.0,Observational pricing row. Primary price tier uses the highest captured listed price; Historical first-7/first-30 windows are not reconstructed from mixed-grain title snapshots yet.
Video 0257,Cum for My Fat Part 2,$17.99,17.99,16.99,17.99,1.0,Price spread,"Clips4Sale, ManyVids, ModelCentro","C4S, ManyVids","Clips4Sale, ManyVids",13,229.78,137.87,10.61,580,0.24,,10.79,137.87,,,2024-12-11,high,mapped,9,161.85,97.11,0,0.0,0.0,4,67.93,40.76,0,0.0,0.0,0,0.0,0.0,Observational pricing row. Primary price tier uses the highest captured listed price; Historical first-7/first-30 windows are not reconstructed from mixed-grain title snapshots yet.
Video 0211,Room Service Stuffing,$26.99,26.99,17.99,26.99,9.0,Price spread,"Clips4Sale, Curvage, ManyVids, ModelCentro","C4S, ManyVids, Curvage",OnlyFans,1,30.0,24.0,24.0,99,0.24,,,,,,2026-04-06,medium,OF caption inferred,0,0.0,0.0,0,0.0,0.0,0,0.0,0.0,1,30.0,24.0,0,0.0,0.0,Observational pricing row. Primary price tier uses the highest captured listed price; Historical first-7/first-30 windows are not reconstructed from mixed-grain title snapshots yet.
Video 0248,SSBBW Girlfriend Grows into 14-foot Giantess,$21.99,21.99,21.99,21.99,0.0,Mostly aligned,"Clips4Sale, Curvage, ManyVids, ModelCentro","C4S, ManyVids, Curvage",Clips4Sale,11,241.82,145.09,13.19,627,0.23,,26.38,145.09,,,2024-10-25,high,mapped,11,241.82,145.09,0,0.0,0.0,0,0.0,0.0,0,0.0,0.0,0,0.0,0.0,Observational pricing row. Primary price tier uses the highest captured listed price; Historical first-7/first-30 windows are not reconstructed from mixed-grain title snapshots yet.
Video 0265,Dripping Wet Strip Tease,$21.99,21.99,21.99,21.99,0.0,Partial coverage,"Clips4Sale, ManyVids, ModelCentro","C4S, ManyVids",Clips4Sale,8,175.87,105.52,13.19,487,0.22,,13.19,105.52,,,2025-03-14,high,mapped,8,175.87,105.52,0,0.0,0.0,0,0.0,0.0,0,0.0,0.0,0,0.0,0.0,Observational pricing row. Primary price tier uses the highest captured listed price; Historical first-7/first-30 windows are not reconstructed from mixed-grain title snapshots yet.
Video 0228,Worship My Sweaty Ass,$20.99,20.99,20.99,20.99,0.0,Partial coverage,"Clips4Sale, ManyVids, ModelCentro","C4S, ManyVids","Clips4Sale, ManyVids",13,272.79,163.67,12.59,813,0.2,,,163.67,,,2024-04-22,high,mapped,11,230.82,138.49,0,0.0,0.0,2,41.97,25.18,0,0.0,0.0,0,0.0,0.0,Observational pricing row. Primary price tier uses the highest captured listed price; Historical first-7/first-30 windows are not reconstructed from mixed-grain title snapshots yet.
Video 0258,Measurements and Weigh-In,$34.99,34.99,34.99,34.99,0.0,Mostly aligned,"Clips4Sale, Curvage, ManyVids, ModelCentro","C4S, ManyVids, Curvage","Clips4Sale, Curvage",4,162.29,115.47,28.87,573,0.2,,,115.47,,,2024-12-18,high,mapped,1,34.98,20.99,3,127.31,94.48,0,0.0,0.0,0,0.0,0.0,0,0.0,0.0,Observational pricing row. Primary price tier uses the highest captured listed price; Historical first-7/first-30 windows are not reconstructed from mixed-grain title snapshots yet.
Video 0203,Friends With Benefits,$16.99,16.99,14.99,16.99,2.0,Price spread,"Clips4Sale, ManyVids, ModelCentro","C4S, ManyVids, MC Clipstore","Clips4Sale, ManyVids, ModelCentro",18,299.72,183.18,10.18,969,0.19,,10.11,183.18,,,2023-11-18,high,mapped,11,186.82,112.09,0,0.0,0.0,4,67.93,40.76,0,0.0,0.0,3,44.97,30.33,Observational pricing row. Primary price tier uses the highest captured listed price; Historical first-7/first-30 windows are not reconstructed from mixed-grain title snapshots yet.
Video 0221,Magical Belly Growth and Riding POV,$22.99,22.99,22.99,22.99,0.0,Partial coverage,"Clips4Sale, ManyVids, ModelCentro","C4S, ManyVids","Clips4Sale, ManyVids",11,252.82,151.69,13.79,835,0.18,,,151.69,,,2024-03-31,high,mapped,9,206.85,124.11,0,0.0,0.0,2,45.97,27.58,0,0.0,0.0,0,0.0,0.0,Observational pricing row. Primary price tier uses the highest captured listed price; Historical first-7/first-30 windows are not reconstructed from mixed-grain title snapshots yet.
Video 0247,Anniversary Fuck POV,$19.99,19.99,19.99,19.99,0.0,Partial coverage,"Clips4Sale, ManyVids, ModelCentro","C4S, ManyVids","Clips4Sale, ManyVids",11,219.82,131.89,11.99,719,0.18,,,131.89,,,2024-07-25,high,mapped,6,119.9,71.94,0,0.0,0.0,5,99.92,59.95,0,0.0,0.0,0,0.0,0.0,Observational pricing row. Primary price tier uses the highest captured listed price; Historical first-7/first-30 windows are not reconstructed from mixed-grain title snapshots yet.
Video 0262,Voyeur Watches Me Get Ready,$21.99,21.99,20.99,21.99,1.0,Price spread,"Clips4Sale, ManyVids, ModelCentro","C4S, ManyVids","Clips4Sale, ManyVids",7,147.88,88.73,12.68,501,0.18,,12.59,88.73,,,2025-02-28,high,mapped,6,125.9,75.54,0,0.0,0.0,1,21.98,13.19,0,0.0,0.0,0,0.0,0.0,Observational pricing row. Primary price tier uses the highest captured listed price; Historical first-7/first-30 windows are not reconstructed from mixed-grain title snapshots yet.
Video 0269,Therapist Turns You Into a Feeder Part 2,$24.99,24.99,24.99,24.99,0.0,Mostly aligned,"Clips4Sale, Curvage, ManyVids, ModelCentro","C4S, ManyVids, Curvage","Clips4Sale, Curvage",5,124.92,78.5,15.7,443,0.18,,18.54,78.5,,,2025-04-27,high,mapped,4,99.93,59.96,1,24.99,18.54,0,0.0,0.0,0,0.0,0.0,0,0.0,0.0,Observational pricing row. Primary price tier uses the highest captured listed price; Historical first-7/first-30 windows are not reconstructed from mixed-grain title snapshots yet.
Video 0225,Squirting on the First Date,$26.99,26.99,21.99,26.99,5.0,Price spread,"Clips4Sale, ManyVids, ModelCentro","C4S, ManyVids","Clips4Sale, ManyVids",9,227.85,136.71,15.19,825,0.17,,,136.71,,,2024-04-10,high,mapped,6,161.9,97.14,0,0.0,0.0,3,65.95,39.57,0,0.0,0.0,0,0.0,0.0,Observational pricing row. Primary price tier uses the highest captured listed price; Historical first-7/first-30 windows are not reconstructed from mixed-grain title snapshots yet.
Video 0260,Gaining for Daddy,$23.99,23.99,19.99,23.99,4.0,Price spread,"Clips4Sale, Curvage, ManyVids, ModelCentro","C4S, ManyVids, Curvage","Clips4Sale, Curvage",6,139.91,86.74,14.46,512,0.17,,,86.74,,,2025-02-17,high,mapped,5,119.92,71.95,1,19.99,14.79,0,0.0,0.0,0,0.0,0.0,0,0.0,0.0,Observational pricing row. Primary price tier uses the highest captured listed price; Historical first-7/first-30 windows are not reconstructed from mixed-grain title snapshots yet.
Video 0235,Your Therapist Turns You Into a Feeder Part 1,$24.99,24.99,24.99,24.99,0.0,Mostly aligned,"Clips4Sale, Curvage, ManyVids, ModelCentro","C4S, ManyVids, Curvage","Clips4Sale, ManyVids",8,199.86,119.92,14.99,789,0.15,,14.99,119.92,,,2024-05-16,high,mapped,7,174.88,104.93,0,0.0,0.0,1,24.98,14.99,0,0.0,0.0,0,0.0,0.0,Observational pricing row. Primary price tier uses the highest captured listed price; Historical first-7/first-30 windows are not reconstructed from mixed-grain title snapshots yet.
Video 0232,Your Wife Accidentally Gains,$24.99,24.99,13.99,24.99,11.0,Price spread,"Clips4Sale, Curvage, ManyVids, ModelCentro","C4S, ManyVids, Curvage","Clips4Sale, ManyVids",8,196.86,118.12,14.77,799,0.15,,,118.12,,,2024-05-06,high,mapped,7,174.88,104.93,0,0.0,0.0,1,21.98,13.19,0,0.0,0.0,0,0.0,0.0,Observational pricing row. Primary price tier uses the highest captured listed price; Historical first-7/first-30 windows are not reconstructed from mixed-grain title snapshots yet.
Video 0252,Resist Temptation or Get Swallowed,$24.99,24.99,24.99,24.99,0.0,Mostly aligned,"Clips4Sale, Curvage, ManyVids, ModelCentro","C4S, ManyVids, Curvage","Clips4Sale, ManyVids",6,149.9,89.94,14.99,605,0.15,,,89.94,,,2024-11-16,high,mapped,5,124.92,74.95,0,0.0,0.0,1,24.98,14.99,0,0.0,0.0,0,0.0,0.0,Observational pricing row. Primary price tier uses the highest captured listed price; Historical first-7/first-30 windows are not reconstructed from mixed-grain title snapshots yet.
Video 0245,Belly Worship to Keep Your Job,$15.99,15.99,15.99,15.99,0.0,Mostly aligned,"Clips4Sale, Curvage, ManyVids, ModelCentro","C4S, ManyVids, Curvage","Clips4Sale, Curvage, ManyVids",10,159.85,100.3,10.03,726,0.14,9.59,9.59,100.3,,,2024-07-18,high,mapped,6,95.9,57.54,2,31.98,23.58,2,31.97,19.18,0,0.0,0.0,0,0.0,0.0,Observational pricing row. Primary price tier uses the highest captured listed price; Historical first-7/first-30 windows are not reconstructed from mixed-grain title snapshots yet.
Video 0244,Impregnation Fantasy Chat,$14.99,14.99,12.99,14.99,2.0,Price spread,"Clips4Sale, Curvage, ModelCentro","C4S, Curvage","Clips4Sale, Curvage",10,152.34,98.03,9.8,733,0.13,,9.54,98.03,,,2024-07-11,high,mapped,7,104.88,62.93,3,47.46,35.1,0,0.0,0.0,0,0.0,0.0,0,0.0,0.0,Observational pricing row. Primary price tier uses the highest captured listed price; Historical first-7/first-30 windows are not reconstructed from mixed-grain title snapshots yet.
Video 0250,Soda Chug and Burping,$24.99,24.99,24.99,24.99,0.0,Mostly aligned,"Clips4Sale, Curvage, ManyVids, ModelCentro","C4S, ManyVids, Curvage",Curvage,4,106.96,79.33,19.83,622,0.13,,18.54,79.33,,,2024-10-30,high,mapped,0,0.0,0.0,4,106.96,79.33,0,0.0,0.0,0,0.0,0.0,0,0.0,0.0,Observational pricing row. Primary price tier uses the highest captured listed price; Historical first-7/first-30 windows are not reconstructed from mixed-grain title snapshots yet.
Video 0253,Fresh Squeezed Fruit Crush,$21.99,21.99,21.99,21.99,0.0,Partial coverage,"Clips4Sale, Curvage, ModelCentro","C4S, Curvage",Clips4Sale,6,131.9,79.14,13.19,601,0.13,,,79.14,,,2024-11-20,high,mapped,6,131.9,79.14,0,0.0,0.0,0,0.0,0.0,0,0.0,0.0,0,0.0,0.0,Observational pricing row. Primary price tier uses the highest captured listed price; Historical first-7/first-30 windows are not reconstructed from mixed-grain title snapshots yet.
Video 0186,Chair Breaking Under Huge SSBBW,$24.99,24.99,19.99,24.99,5.0,Price spread,"Clips4Sale, Curvage, ManyVids","C4S, ManyVids, Curvage","Clips4Sale, Curvage",9,219.86,134.71,14.97,1119,0.12,,,134.71,,,2023-06-21,high,mapped,8,199.87,119.92,1,19.99,14.79,0,0.0,0.0,0,0.0,0.0,0,0.0,0.0,Observational pricing row. Primary price tier uses the highest captured listed price; Historical first-7/first-30 windows are not reconstructed from mixed-grain title snapshots yet.
Video 0216,Horny SSBBW Succubus Grows for Your Cum POV,$18.99,18.99,14.99,18.99,4.0,Price spread,"Clips4Sale, Curvage, ManyVids","C4S, ManyVids, Curvage","Clips4Sale, Curvage",8,156.19,104.99,13.12,856,0.12,,,104.99,,,2024-03-10,high,mapped,4,75.93,45.56,4,80.26,59.43,0,0.0,0.0,0,0.0,0.0,0,0.0,0.0,Observational pricing row. Primary price tier uses the highest captured listed price; Historical first-7/first-30 windows are not reconstructed from mixed-grain title snapshots yet.
Video 0251,Cum for My Fat,$16.99,16.99,16.99,16.99,0.0,Partial coverage,"Clips4Sale, ManyVids, ModelCentro","C4S, ManyVids",Clips4Sale,7,118.88,71.33,10.19,608,0.12,,,71.33,,,2024-11-13,high,mapped,7,118.88,71.33,0,0.0,0.0,0,0.0,0.0,0,0.0,0.0,0,0.0,0.0,Observational pricing row. Primary price tier uses the highest captured listed price; Historical first-7/first-30 windows are not reconstructed from mixed-grain title snapshots yet.
Video 0218,Seducing You Into Impregnation,$16.99,16.99,16.99,16.99,0.0,Partial coverage,"Clips4Sale, ManyVids, ModelCentro","C4S, ManyVids","Clips4Sale, ManyVids",9,152.85,91.71,10.19,851,0.11,,10.19,91.71,,,2024-03-15,high,mapped,6,101.9,61.14,0,0.0,0.0,3,50.95,30.57,0,0.0,0.0,0,0.0,0.0,Observational pricing row. Primary price tier uses the highest captured listed price; Historical first-7/first-30 windows are not reconstructed from mixed-grain title snapshots yet.
Video 0177,Fat Dom GF Makes you Clean Sweaty Ass and Pussy,$15.99,15.99,11.99,15.99,4.0,Price spread,"Clips4Sale, ManyVids, ModelCentro","C4S, ManyVids, MC Clipstore","Clips4Sale, ManyVids, ModelCentro",12,187.8,113.58,9.47,1168,0.1,,8.09,113.58,,,2023-05-03,high,mapped,10,159.83,95.9,0,0.0,0.0,1,15.98,9.59,0,0.0,0.0,1,11.99,8.09,Observational pricing row. Primary price tier uses the highest captured listed price; Historical first-7/first-30 windows are not reconstructed from mixed-grain title snapshots yet.
Video 0233,Your Fave Hookup Got Fat,$20.99,20.99,16.99,20.99,4.0,Price spread,"Clips4Sale, Curvage, ManyVids, ModelCentro","C4S, ManyVids, Curvage","Clips4Sale, Curvage",6,117.91,75.44,12.57,795,0.09,,12.54,75.44,,,2024-05-10,high,mapped,4,83.93,50.36,2,33.98,25.08,0,0.0,0.0,0,0.0,0.0,0,0.0,0.0,Observational pricing row. Primary price tier uses the highest captured listed price; Historical first-7/first-30 windows are not reconstructed from mixed-grain title snapshots yet.
Video 0237,Horny SSBBW Jiggles for Your Cum,$17.99,17.99,8.99,17.99,9.0,Price spread,"Clips4Sale, Curvage, ManyVids","C4S, ManyVids, Curvage",Clips4Sale,6,107.9,64.74,10.79,760,0.09,,10.79,64.74,,,2024-06-14,high,mapped,6,107.9,64.74,0,0.0,0.0,0,0.0,0.0,0,0.0,0.0,0,0.0,0.0,Observational pricing row. Primary price tier uses the highest captured listed price; Historical first-7/first-30 windows are not reconstructed from mixed-grain title snapshots yet.
Video 0194,SSBBW Car Struggles and Topless Driving,$20.99,20.99,16.99,20.99,4.0,Price spread,"Clips4Sale, Curvage, ManyVids","C4S, ManyVids, Curvage",Clips4Sale,7,146.88,88.13,12.59,1048,0.08,,,88.13,,,2023-08-31,high,mapped,7,146.88,88.13,0,0.0,0.0,0,0.0,0.0,0,0.0,0.0,0,0.0,0.0,Observational pricing row. Primary price tier uses the highest captured listed price; Historical first-7/first-30 windows are not reconstructed from mixed-grain title snapshots yet.
Video 0209,Morning SSBBW Fuck POV Solo,$16.99,16.99,16.99,16.99,0.0,Partial coverage,"Clips4Sale, ManyVids, ModelCentro","C4S, ManyVids","Clips4Sale, ManyVids",7,118.88,71.33,10.19,928,0.08,,,71.33,,,2023-12-29,high,mapped,6,101.9,61.14,0,0.0,0.0,1,16.98,10.19,0,0.0,0.0,0,0.0,0.0,Observational pricing row. Primary price tier uses the highest captured listed price; Historical first-7/first-30 windows are not reconstructed from mixed-grain title snapshots yet.
Video 0239,SSBBW Giantess Rubs Pussy on You,$14.99,14.99,14.99,14.99,0.0,Partial coverage,"Clips4Sale, ManyVids, ModelCentro","C4S, ManyVids","Clips4Sale, ManyVids",7,104.88,62.93,8.99,753,0.08,,,62.93,,,2024-06-21,high,mapped,6,89.9,53.94,0,0.0,0.0,1,14.98,8.99,0,0.0,0.0,0,0.0,0.0,Observational pricing row. Primary price tier uses the highest captured listed price; Historical first-7/first-30 windows are not reconstructed from mixed-grain title snapshots yet.
Video 0207,SSBBW Gets Stuck in the Doorway,$16.99,16.99,13.99,16.99,3.0,Price spread,"Clips4Sale, Curvage, ManyVids","C4S, ManyVids, Curvage","Clips4Sale, ManyVids",6,101.9,61.14,10.19,940,0.07,,20.38,61.14,,,2023-12-17,high,mapped,5,84.92,50.95,0,0.0,0.0,1,16.98,10.19,0,0.0,0.0,0,0.0,0.0,Observational pricing row. Primary price tier uses the highest captured listed price; Historical first-7/first-30 windows are not reconstructed from mixed-grain title snapshots yet.
Video 0234,Fucking My Creamy Fat Pussy,$14.99,14.99,11.99,14.99,3.0,Price spread,"Clips4Sale, ManyVids, ModelCentro","C4S, ManyVids",ManyVids,8,95.87,57.52,7.19,792,0.07,,,57.52,,,2024-05-13,high,mapped,0,0.0,0.0,0,0.0,0.0,8,95.87,57.52,0,0.0,0.0,0,0.0,0.0,Observational pricing row. Primary price tier uses the highest captured listed price; Historical first-7/first-30 windows are not reconstructed from mixed-grain title snapshots yet.
Video 0199,Vibe Until I Cum,$13.99,13.99,12.99,13.99,1.0,Price spread,"Clips4Sale, ManyVids, ModelCentro","C4S, ManyVids, MC Clipstore","Clips4Sale, ManyVids, ModelCentro",7,96.89,59.1,8.44,1013,0.06,,,59.1,,,2023-10-05,high,mapped,5,69.92,41.95,0,0.0,0.0,1,13.98,8.39,0,0.0,0.0,1,12.99,8.76,Observational pricing row. Primary price tier uses the highest captured listed price; Historical first-7/first-30 windows are not reconstructed from mixed-grain title snapshots yet.
Video 0215,Heavy Hanging Belly,$13.99,13.99,13.99,13.99,0.0,Partial coverage,"Clips4Sale, ManyVids, ModelCentro","C4S, ManyVids","Clips4Sale, ManyVids",6,83.9,50.34,8.39,857,0.06,,,50.34,,,2024-03-09,high,mapped,3,41.95,25.17,0,0.0,0.0,3,41.95,25.17,0,0.0,0.0,0,0.0,0.0,Observational pricing row. Primary price tier uses the highest captured listed price; Historical first-7/first-30 windows are not reconstructed from mixed-grain title snapshots yet.
Video 0242,Crawling Back to Your Fat Mistress,$12.99,12.99,10.99,12.99,2.0,Price spread,"Clips4Sale, Curvage, ManyVids, ModelCentro","C4S, ManyVids, Curvage","Clips4Sale, ManyVids",6,77.9,46.74,7.79,740,0.06,,,46.74,,,2024-07-04,high,mapped,4,51.93,31.16,0,0.0,0.0,2,25.97,15.58,0,0.0,0.0,0,0.0,0.0,Observational pricing row. Primary price tier uses the highest captured listed price; Historical first-7/first-30 windows are not reconstructed from mixed-grain title snapshots yet.
Video 0231,Large Pizza and Fat Pussy,$24.99,24.99,24.99,24.99,0.0,Partial coverage,"Clips4Sale, ManyVids, ModelCentro","C4S, ManyVids",Clips4Sale,3,74.95,44.97,14.99,803,0.06,,,44.97,,,2024-05-02,high,mapped,3,74.95,44.97,0,0.0,0.0,0,0.0,0.0,0,0.0,0.0,0,0.0,0.0,Observational pricing row. Primary price tier uses the highest captured listed price; Historical first-7/first-30 windows are not reconstructed from mixed-grain title snapshots yet.
Video 0153,Fat Party Girl Gets the Wrong Room,$12.99,12.99,11.99,12.99,1.0,Price spread,"Clips4Sale, ManyVids, ModelCentro","C4S, ManyVids, MC Clipstore","Clips4Sale, ManyVids, ModelCentro",17,143.41,87.84,5.17,1703,0.05,,7.19,87.84,,,2021-11-14,high,mapped,11,71.5,42.9,0,0.0,0.0,4,47.93,28.76,0,0.0,0.0,2,23.98,16.18,Observational pricing row. Primary price tier uses the highest captured listed price; Historical first-7/first-30 windows are not reconstructed from mixed-grain title snapshots yet.
Video 0191,Tight Clothes Make Growing SSBBW Horny,$15.99,15.99,13.99,15.99,2.0,Price spread,"Clips4Sale, ManyVids, ModelCentro","C4S, ManyVids, MC Clipstore","Clips4Sale, ModelCentro",6,89.92,57.09,9.52,1079,0.05,,9.44,57.09,,,2023-07-31,high,mapped,3,47.95,28.77,0,0.0,0.0,0,0.0,0.0,0,0.0,0.0,3,41.97,28.32,Observational pricing row. Primary price tier uses the highest captured listed price; Historical first-7/first-30 windows are not reconstructed from mixed-grain title snapshots yet.
Video 0187,Fat Girl Walks in Sexy Black Bodystocking,$18.99,18.99,14.99,18.99,4.0,Price spread,"Clips4Sale, ManyVids, ModelCentro","C4S, ManyVids, MC Clipstore","Clips4Sale, ManyVids",5,90.91,54.55,10.91,1103,0.05,,22.78,54.55,,,2023-07-07,high,mapped,4,75.93,45.56,0,0.0,0.0,1,14.98,8.99,0,0.0,0.0,0,0.0,0.0,Observational pricing row. Primary price tier uses the highest captured listed price; Historical first-7/first-30 windows are not reconstructed from mixed-grain title snapshots yet.
Video 0223,Growing SSBBW Stuffs 5000 Calories While Sitting on You POV 🤤🌮,$24.99,24.99,19.99,24.99,5.0,Price spread,"Clips4Sale, Curvage, ModelCentro","C4S, Curvage",Clips4Sale,3,74.95,44.97,14.99,834,0.05,,,44.97,,,2024-04-01,high,mapped,3,74.95,44.97,0,0.0,0.0,0,0.0,0.0,0,0.0,0.0,0,0.0,0.0,Observational pricing row. Primary price tier uses the highest captured listed price; Historical first-7/first-30 windows are not reconstructed from mixed-grain title snapshots yet.
Video 0208,SSBBW Mrs Claus Lets You Eat Ass and Pussy,$13.99,13.99,13.99,13.99,0.0,Partial coverage,"Clips4Sale, ManyVids, ModelCentro","C4S, ManyVids","Clips4Sale, ManyVids",5,69.92,41.95,8.39,930,0.05,,,41.95,,,2023-12-27,high,mapped,3,41.95,25.17,0,0.0,0.0,2,27.97,16.78,0,0.0,0.0,0,0.0,0.0,Observational pricing row. Primary price tier uses the highest captured listed price; Historical first-7/first-30 windows are not reconstructed from mixed-grain title snapshots yet.
Video 0227,Cuckolded By Your Feedee Girlfriend,$15.99,15.99,12.99,15.99,3.0,Price spread,"Clips4Sale, Curvage, ManyVids, ModelCentro","C4S, ManyVids, Curvage",Clips4Sale,4,63.93,38.36,9.59,815,0.05,,,38.36,,,2024-04-20,high,mapped,4,63.93,38.36,0,0.0,0.0,0,0.0,0.0,0,0.0,0.0,0,0.0,0.0,Observational pricing row. Primary price tier uses the highest captured listed price; Historical first-7/first-30 windows are not reconstructed from mixed-grain title snapshots yet.
Video 0238,SSBBW Oiled Up Jiggling and Bouncing,$20.99,20.99,19.99,20.99,1.0,Price spread,"Clips4Sale, ManyVids, ModelCentro","C4S, ManyVids","Clips4Sale, ManyVids",3,60.95,36.57,12.19,760,0.05,,,36.57,,,2024-06-14,high,mapped,1,20.98,12.59,0,0.0,0.0,2,39.97,23.98,0,0.0,0.0,0,0.0,0.0,Observational pricing row. Primary price tier uses the highest captured listed price; Historical first-7/first-30 windows are not reconstructed from mixed-grain title snapshots yet.
Video 0240,Gaining SSBBW Makes Her Buttons Pop,$14.99,14.99,14.99,14.99,0.0,Mostly aligned,"Clips4Sale, Curvage, ManyVids, ModelCentro","C4S, ManyVids, Curvage","Clips4Sale, ManyVids",4,59.93,35.96,8.99,749,0.05,,,35.96,,,2024-06-25,high,mapped,3,44.95,26.97,0,0.0,0.0,1,14.98,8.99,0,0.0,0.0,0,0.0,0.0,Observational pricing row. Primary price tier uses the highest captured listed price; Historical first-7/first-30 windows are not reconstructed from mixed-grain title snapshots yet.
Video 0246,Secretly Watching Masturbation,$14.99,14.99,14.99,14.99,0.0,Partial coverage,"Clips4Sale, ManyVids, ModelCentro","C4S, ManyVids",Clips4Sale,4,59.93,35.96,8.99,722,0.05,,,35.96,,,2024-07-22,high,mapped,4,59.93,35.96,0,0.0,0.0,0,0.0,0.0,0,0.0,0.0,0,0.0,0.0,Observational pricing row. Primary price tier uses the highest captured listed price; Historical first-7/first-30 windows are not reconstructed from mixed-grain title snapshots yet.
Video 0171,Milkshake and Soda Bloated Belly Belching,$12.99,12.99,10.99,12.99,2.0,Price spread,"Clips4Sale, Curvage, ManyVids, ModelCentro","C4S, ManyVids, Curvage, MC Clipstore","Clips4Sale, Curvage",7,68.04,46.66,6.67,1274,0.04,,8.04,46.66,,,2023-01-17,high,mapped,4,26.0,15.6,3,42.04,31.06,0,0.0,0.0,0,0.0,0.0,0,0.0,0.0,Observational pricing row. Primary price tier uses the highest captured listed price; Historical first-7/first-30 windows are not reconstructed from mixed-grain title snapshots yet.
Video 0195,SSBBW Loves Being Bigger Than You,$17.99,17.99,14.99,17.99,3.0,Price spread,"Clips4Sale, ManyVids, ModelCentro","C4S, ManyVids, MC Clipstore",Clips4Sale,4,71.93,43.16,10.79,1045,0.04,,,43.16,,,2023-09-03,high,mapped,4,71.93,43.16,0,0.0,0.0,0,0.0,0.0,0,0.0,0.0,0,0.0,0.0,Observational pricing row. Primary price tier uses the highest captured listed price; Historical first-7/first-30 windows are not reconstructed from mixed-grain title snapshots yet.
Video 0206,Bigger Than You Tease Part 2,$16.99,16.99,10.99,16.99,6.0,Price spread,"Clips4Sale, Curvage, ManyVids, ModelCentro","C4S, ManyVids, Curvage","Clips4Sale, ManyVids",4,67.93,40.76,10.19,946,0.04,,,40.76,,,2023-12-11,high,mapped,3,50.95,30.57,0,0.0,0.0,1,16.98,10.19,0,0.0,0.0,0,0.0,0.0,Observational pricing row. Primary price tier uses the highest captured listed price; Historical first-7/first-30 windows are not reconstructed from mixed-grain title snapshots yet.
Video 0201,Witch's Brew,$15.99,15.99,12.99,15.99,3.0,Price spread,"Clips4Sale, ManyVids, ModelCentro","C4S, ManyVids, MC Clipstore","Clips4Sale, ManyVids",4,63.94,38.36,9.59,1000,0.04,,,38.36,,,2023-10-18,high,mapped,2,31.97,19.18,0,0.0,0.0,2,31.97,19.18,0,0.0,0.0,0,0.0,0.0,Observational pricing row. Primary price tier uses the highest captured listed price; Historical first-7/first-30 windows are not reconstructed from mixed-grain title snapshots yet.
Video 0222,Fatter Than the Pictures,$16.99,16.99,15.99,16.99,1.0,Price spread,"Clips4Sale, ManyVids, ModelCentro","C4S, ManyVids",Clips4Sale,3,50.95,30.57,10.19,834,0.04,,,30.57,,,2024-04-01,high,mapped,3,50.95,30.57,0,0.0,0.0,0,0.0,0.0,0,0.0,0.0,0,0.0,0.0,Observational pricing row. Primary price tier uses the highest captured listed price; Historical first-7/first-30 windows are not reconstructed from mixed-grain title snapshots yet.
Video 0162,POV Morning Sex,$12.99,12.99,10.99,12.99,2.0,Price spread,"Clips4Sale, ManyVids, ModelCentro","C4S, ManyVids, MC Clipstore","Clips4Sale, ManyVids, ModelCentro",10,88.94,54.18,5.42,1568,0.03,7.79,19.1,54.18,,,2022-03-29,high,mapped,6,39.0,23.4,0,0.0,0.0,3,38.95,23.37,0,0.0,0.0,1,10.99,7.41,Observational pricing row. Primary price tier uses the highest captured listed price; Historical first-7/first-30 windows are not reconstructed from mixed-grain title snapshots yet.
Video 0163,Kneel and Eat My Fat Pussy,$16.99,16.99,15.99,16.99,1.0,Price spread,"Clips4Sale, ManyVids, ModelCentro","C4S, ManyVids, MC Clipstore","Clips4Sale, ManyVids, ModelCentro",6,75.46,46.47,7.75,1529,0.03,,,46.47,,,2022-05-07,high,mapped,3,25.5,15.3,0,0.0,0.0,2,33.97,20.38,0,0.0,0.0,1,15.99,10.79,Observational pricing row. Primary price tier uses the highest captured listed price; Historical first-7/first-30 windows are not reconstructed from mixed-grain title snapshots yet.
Video 0214,SSBBW Jiggles Fat Thighs and Ass,$15.99,15.99,15.99,15.99,0.0,Partial coverage,"Clips4Sale, ManyVids, ModelCentro","C4S, ManyVids",Clips4Sale,3,47.95,28.77,9.59,873,0.03,,,28.77,,,2024-02-22,high,mapped,3,47.95,28.77,0,0.0,0.0,0,0.0,0.0,0,0.0,0.0,0,0.0,0.0,Observational pricing row. Primary price tier uses the highest captured listed price; Historical first-7/first-30 windows are not reconstructed from mixed-grain title snapshots yet.
Video 0224,Jiggling SSBBW Working Out in Lingerie,$16.99,16.99,12.99,16.99,4.0,Price spread,"Clips4Sale, Curvage, ManyVids","C4S, ManyVids, Curvage",Curvage,2,37.45,27.68,13.84,825,0.03,,9.54,27.68,,,2024-04-10,high,mapped,0,0.0,0.0,2,37.45,27.68,0,0.0,0.0,0,0.0,0.0,0,0.0,0.0,Observational pricing row. Primary price tier uses the highest captured listed price; Historical first-7/first-30 windows are not reconstructed from mixed-grain title snapshots yet.
Video 0229,Unaware SSBBW Smokes and Outgrows Clothes,$16.99,16.99,12.99,16.99,4.0,Price spread,"Clips4Sale, Curvage, ManyVids, ModelCentro","C4S, ManyVids, Curvage",Clips4Sale,2,33.97,20.38,10.19,811,0.03,,,20.38,,,2024-04-24,high,mapped,2,33.97,20.38,0,0.0,0.0,0,0.0,0.0,0,0.0,0.0,0,0.0,0.0,Observational pricing row. Primary price tier uses the highest captured listed price; Historical first-7/first-30 windows are not reconstructed from mixed-grain title snapshots yet.
Video 0119,Your Cum Makes Me Gain,$11.99,11.99,11.99,11.99,0.0,Mostly aligned,"Clips4Sale, ManyVids, ModelCentro","C4S, ManyVids, MC Clipstore","Clips4Sale, ManyVids",6,71.9,43.14,7.19,2018,0.02,,,43.14,,,2021-01-03,high,mapped,4,47.93,28.76,0,0.0,0.0,2,23.97,14.38,0,0.0,0.0,0,0.0,0.0,Observational pricing row. Primary price tier uses the highest captured listed price; Historical first-7/first-30 windows are not reconstructed from mixed-grain title snapshots yet.
Video 0143,Stripper Lets You Fuck in VIP - POV solo,$12.99,12.99,10.99,12.99,2.0,Price spread,"Clips4Sale, ManyVids, ModelCentro","C4S, ManyVids, MC Clipstore","Clips4Sale, ManyVids, ModelCentro",6,58.95,37.82,6.3,1775,0.02,,,37.82,,,2021-09-03,high,mapped,2,13.0,7.8,0,0.0,0.0,1,12.98,7.79,0,0.0,0.0,3,32.97,22.23,Observational pricing row. Primary price tier uses the highest captured listed price; Historical first-7/first-30 windows are not reconstructed from mixed-grain title snapshots yet.
Video 0126,Creampie My Pussy,$16.99,16.99,14.99,16.99,2.0,Price spread,"Clips4Sale, ManyVids, ModelCentro","C4S, ManyVids, MC Clipstore","ManyVids, ModelCentro",3,48.96,30.49,10.16,1937,0.02,,,30.49,,,2021-03-25,high,mapped,0,0.0,0.0,0,0.0,0.0,2,33.97,20.38,0,0.0,0.0,1,14.99,10.11,Observational pricing row. Primary price tier uses the highest captured listed price; Historical first-7/first-30 windows are not reconstructed from mixed-grain title snapshots yet.
Video 0146,Feedee BBW Wants to Stop Gaining POV,$17.99,17.99,15.99,17.99,2.0,Price spread,"Clips4Sale, ManyVids, ModelCentro","C4S, ManyVids, MC Clipstore","Clips4Sale, ManyVids",4,49.97,29.98,7.5,1755,0.02,,9.59,29.98,,,2021-09-23,high,mapped,2,18.0,10.8,0,0.0,0.0,2,31.97,19.18,0,0.0,0.0,0,0.0,0.0,Observational pricing row. Primary price tier uses the highest captured listed price; Historical first-7/first-30 windows are not reconstructed from mixed-grain title snapshots yet.
Video 0174,Bouncing on Your Cock,$13.99,13.99,10.99,13.99,3.0,Price spread,"Clips4Sale, ManyVids, ModelCentro","C4S, ManyVids, MC Clipstore","Clips4Sale, ManyVids",6,48.98,29.39,4.9,1217,0.02,,,29.39,,,2023-03-15,high,mapped,5,35.0,21.0,0,0.0,0.0,1,13.98,8.39,0,0.0,0.0,0,0.0,0.0,Observational pricing row. Primary price tier uses the highest captured listed price; Historical first-7/first-30 windows are not reconstructed from mixed-grain title snapshots yet.
Video 0145,Spread and Begging for Anal,$13.99,13.99,10.99,13.99,3.0,Price spread,"Clips4Sale, ManyVids, ModelCentro","C4S, ManyVids, MC Clipstore","Clips4Sale, ManyVids, ModelCentro",5,45.97,28.4,5.68,1761,0.02,,,28.4,,,2021-09-17,high,mapped,3,21.0,12.6,0,0.0,0.0,1,13.98,8.39,0,0.0,0.0,1,10.99,7.41,Observational pricing row. Primary price tier uses the highest captured listed price; Historical first-7/first-30 windows are not reconstructed from mixed-grain title snapshots yet.
Video 0160,Side-view Sucking and Riding,$12.99,12.99,8.99,12.99,4.0,Price spread,"Clips4Sale, ManyVids, ModelCentro","C4S, ManyVids, MC Clipstore","Clips4Sale, ManyVids",6,45.48,27.29,4.55,1609,0.02,,,27.29,,,2022-02-16,high,mapped,5,32.5,19.5,0,0.0,0.0,1,12.98,7.79,0,0.0,0.0,0,0.0,0.0,Observational pricing row. Primary price tier uses the highest captured listed price; Historical first-7/first-30 windows are not reconstructed from mixed-grain title snapshots yet.
Video 0167,SSBBW Giantess GFE,$16.99,16.99,16.99,16.99,0.0,Partial coverage,"Clips4Sale, ManyVids","C4S, ManyVids",Clips4Sale,5,42.5,25.5,5.1,1306,0.02,,,25.5,,,2022-12-16,high,mapped,5,42.5,25.5,0,0.0,0.0,0,0.0,0.0,0,0.0,0.0,0,0.0,0.0,Observational pricing row. Primary price tier uses the highest captured listed price; Historical first-7/first-30 windows are not reconstructed from mixed-grain title snapshots yet.
Video 0183,Hot Fatty Stuffs a Dozen Ice Cream Sandwiches,$15.99,15.99,8.99,15.99,7.0,Price spread,"Clips4Sale, Curvage, ManyVids","C4S, ManyVids, Curvage",Curvage,3,28.72,21.04,7.01,1133,0.02,,6.54,21.04,,,2023-06-07,high,mapped,0,0.0,0.0,3,28.72,21.04,0,0.0,0.0,0,0.0,0.0,0,0.0,0.0,Observational pricing row. Primary price tier uses the highest captured listed price; Historical first-7/first-30 windows are not reconstructed from mixed-grain title snapshots yet.
Video 0170,SSBBW No Hands Cake Stuffing,$13.99,13.99,12.99,13.99,1.0,Price spread,"Clips4Sale, Curvage, ManyVids, ModelCentro","C4S, ManyVids, Curvage",Clips4Sale,5,35.0,21.0,4.2,1285,0.02,,,21.0,,,2023-01-06,high,mapped,5,35.0,21.0,0,0.0,0.0,0,0.0,0.0,0,0.0,0.0,0,0.0,0.0,Observational pricing row. Primary price tier uses the highest captured listed price; Historical first-7/first-30 windows are not reconstructed from mixed-grain title snapshots yet.
Video 0182,SSBBW Lingerie Tease and JOI w Countdown,$16.99,16.99,14.99,16.99,2.0,Price spread,"Clips4Sale, ManyVids, ModelCentro","C4S, ManyVids, MC Clipstore","Clips4Sale, ManyVids",2,31.96,19.18,9.59,1140,0.02,,,19.18,,,2023-05-31,high,mapped,1,16.98,10.19,0,0.0,0.0,1,14.98,8.99,0,0.0,0.0,0,0.0,0.0,Observational pricing row. Primary price tier uses the highest captured listed price; Historical first-7/first-30 windows are not reconstructed from mixed-grain title snapshots yet.
Video 0220,Bouncing My Oiled-Up Fat,$15.99,15.99,15.99,15.99,0.0,Partial coverage,"Clips4Sale, ManyVids, ModelCentro","C4S, ManyVids","Clips4Sale, OnlyFans",2,31.97,19.18,9.59,843,0.02,,9.59,19.18,,,2024-03-23,high,mapped,2,31.97,19.18,0,0.0,0.0,0,0.0,0.0,0,0.0,0.0,0,0.0,0.0,Observational pricing row. Primary price tier uses the highest captured listed price; Historical first-7/first-30 windows are not reconstructed from mixed-grain title snapshots yet.
Video 0188,SSBBW Solo POV BJ and Fuck,$16.99,16.99,13.99,16.99,3.0,Price spread,"Clips4Sale, ManyVids, ModelCentro","C4S, ManyVids, MC Clipstore",ManyVids,2,27.97,16.78,8.39,1089,0.02,,8.39,16.78,,,2023-07-21,high,mapped,0,0.0,0.0,0,0.0,0.0,2,27.97,16.78,0,0.0,0.0,0,0.0,0.0,Observational pricing row. Primary price tier uses the highest captured listed price; Historical first-7/first-30 windows are not reconstructed from mixed-grain title snapshots yet.
Video 0192,Fatty Chugs Three Large Milkshakes,$26.99,26.99,16.99,26.99,10.0,Price spread,"Clips4Sale, Curvage, ManyVids, ModelCentro","C4S, ManyVids, Curvage, MC Clipstore",Clips4Sale,1,26.98,16.19,16.19,1055,0.02,,,16.19,,,2023-08-24,high,mapped,1,26.98,16.19,0,0.0,0.0,0,0.0,0.0,0,0.0,0.0,0,0.0,0.0,Observational pricing row. Primary price tier uses the highest captured listed price; Historical first-7/first-30 windows are not reconstructed from mixed-grain title snapshots yet.
Video 0236,Teasing You in My Mini Skirt,$13.99,13.99,10.99,13.99,3.0,Price spread,"Clips4Sale, ManyVids, ModelCentro","C4S, ManyVids","Clips4Sale, ManyVids",2,24.96,14.98,7.49,767,0.02,,8.39,14.98,,,2024-06-07,high,mapped,1,13.98,8.39,0,0.0,0.0,1,10.98,6.59,0,0.0,0.0,0,0.0,0.0,Observational pricing row. Primary price tier uses the highest captured listed price; Historical first-7/first-30 windows are not reconstructed from mixed-grain title snapshots yet.
Video 0213,Jiggly Fatty Struts for You,$18.99,18.99,4.99,18.99,14.0,Price spread,"Clips4Sale, Curvage, ModelCentro","C4S, Curvage","Clips4Sale, Curvage",2,23.97,14.93,7.46,886,0.02,,,14.93,,,2024-02-09,high,mapped,1,18.98,11.39,1,4.99,3.54,0,0.0,0.0,0,0.0,0.0,0,0.0,0.0,Observational pricing row. Primary price tier uses the highest captured listed price; Historical first-7/first-30 windows are not reconstructed from mixed-grain title snapshots yet.
Video 0109,Come Back to Bed POV,$10.99,10.99,10.99,10.99,0.0,Partial coverage,"ManyVids, ModelCentro","ManyVids, MC Clipstore",ManyVids,2,21.97,13.18,6.59,2102,0.01,6.59,13.18,13.18,,,2020-10-11,high,mapped,0,0.0,0.0,0,0.0,0.0,2,21.97,13.18,0,0.0,0.0,0,0.0,0.0,Observational pricing row. Primary price tier uses the highest captured listed price; Historical first-7/first-30 windows are not reconstructed from mixed-grain title snapshots yet.
Video 0148,Masturbating Together,$16.99,16.99,14.99,16.99,2.0,Price spread,"Clips4Sale, ManyVids, ModelCentro","C4S, ManyVids, MC Clipstore",Clips4Sale,4,34.0,20.4,5.1,1746,0.01,5.1,5.1,20.4,,,2021-10-02,high,mapped,4,34.0,20.4,0,0.0,0.0,0,0.0,0.0,0,0.0,0.0,0,0.0,0.0,Observational pricing row. Primary price tier uses the highest captured listed price; Historical first-7/first-30 windows are not reconstructed from mixed-grain title snapshots yet.
Video 0116,Red Satin Shorts Fat Booty Worship,$6.99,6.99,6.99,6.99,0.0,Mostly aligned,"Clips4Sale, ManyVids, ModelCentro","C4S, ManyVids, MC Clipstore",Clips4Sale,6,41.9,25.14,4.19,2053,0.01,4.19,4.19,25.14,,,2020-11-29,high,mapped,6,41.9,25.14,0,0.0,0.0,0,0.0,0.0,0,0.0,0.0,0,0.0,0.0,Observational pricing row. Primary price tier uses the highest captured listed price; Historical first-7/first-30 windows are not reconstructed from mixed-grain title snapshots yet.
Video 0098,Cover You In Cum POV,$9.99,9.99,8.99,9.99,1.0,Price spread,"Clips4Sale, ModelCentro","C4S, MC Clipstore",Clips4Sale,5,49.92,29.95,5.99,2172,0.01,,,29.95,,,2020-08-02,high,mapped,5,49.92,29.95,0,0.0,0.0,0,0.0,0.0,0,0.0,0.0,0,0.0,0.0,Observational pricing row. Primary price tier uses the highest captured listed price; Historical first-7/first-30 windows are not reconstructed from mixed-grain title snapshots yet.
Video 0079,Horny Pillow Grinding,$9.99,9.99,8.99,9.99,1.0,Price spread,"Clips4Sale, ManyVids, ModelCentro","C4S, ManyVids, MC Clipstore","Clips4Sale, ManyVids",5,48.91,29.35,5.87,2285,0.01,,,29.35,,,2020-04-11,high,mapped,4,39.93,23.96,0,0.0,0.0,1,8.98,5.39,0,0.0,0.0,0,0.0,0.0,Observational pricing row. Primary price tier uses the highest captured listed price; Historical first-7/first-30 windows are not reconstructed from mixed-grain title snapshots yet.
Video 0078,Fat Stripper Gives You a Lapdance,$10.99,10.99,10.99,10.99,0.0,Mostly aligned,"Clips4Sale, ManyVids, ModelCentro","C4S, ManyVids, MC Clipstore","Clips4Sale, ManyVids",4,43.93,26.36,6.59,2291,0.01,,,26.36,,,2020-04-05,high,mapped,1,10.98,6.59,0,0.0,0.0,3,32.95,19.77,0,0.0,0.0,0,0.0,0.0,Observational pricing row. Primary price tier uses the highest captured listed price; Historical first-7/first-30 windows are not reconstructed from mixed-grain title snapshots yet.
Video 0077,BBW Twerks and Fucks With Toy,$13.99,13.99,4.99,13.99,9.0,Price spread,"Clips4Sale, ManyVids, ModelCentro","C4S, ManyVids, MC Clipstore",ModelCentro,3,38.97,26.28,8.76,2295,0.01,,8.76,26.28,,,2020-04-01,high,mapped,0,0.0,0.0,0,0.0,0.0,0,0.0,0.0,0,0.0,0.0,3,38.97,26.28,Observational pricing row. Primary price tier uses the highest captured listed price; Historical first-7/first-30 windows are not reconstructed from mixed-grain title snapshots yet.
Video 0125,Underwater Body Jiggle,$13.99,13.99,12.99,13.99,1.0,Price spread,"Clips4Sale, ManyVids, ModelCentro","C4S, ManyVids, MC Clipstore","ManyVids, ModelCentro",3,40.96,25.54,8.51,1948,0.01,,,25.54,,,2021-03-14,high,mapped,0,0.0,0.0,0,0.0,0.0,2,27.97,16.78,0,0.0,0.0,1,12.99,8.76,Observational pricing row. Primary price tier uses the highest captured listed price; Historical first-7/first-30 windows are not reconstructed from mixed-grain title snapshots yet.
Video 0150,Fat Naked Yoga,$13.99,13.99,12.99,13.99,1.0,Price spread,"Clips4Sale, ManyVids, ModelCentro","C4S, ManyVids, MC Clipstore","Clips4Sale, ManyVids",5,40.98,24.59,4.92,1729,0.01,,,24.59,,,2021-10-19,high,mapped,4,28.0,16.8,0,0.0,0.0,1,12.98,7.79,0,0.0,0.0,0,0.0,0.0,Observational pricing row. Primary price tier uses the highest captured listed price; Historical first-7/first-30 windows are not reconstructed from mixed-grain title snapshots yet.
Video 0094,Smoking and Sensual Rubbing,$9.99,9.99,8.99,9.99,1.0,Price spread,"Clips4Sale, ManyVids, ModelCentro","C4S, ManyVids, MC Clipstore",Clips4Sale,4,39.93,23.96,5.99,2200,0.01,,,23.96,,,2020-07-05,high,mapped,4,39.93,23.96,0,0.0,0.0,0,0.0,0.0,0,0.0,0.0,0,0.0,0.0,Observational pricing row. Primary price tier uses the highest captured listed price; Historical first-7/first-30 windows are not reconstructed from mixed-grain title snapshots yet.
Video 0157,Jumping on the Squeaky Bed,$12.99,12.99,9.99,12.99,3.0,Price spread,"Clips4Sale, ManyVids, ModelCentro","C4S, ManyVids, MC Clipstore",Clips4Sale,6,39.0,23.4,3.9,1666,0.01,,,23.4,,,2021-12-21,high,mapped,6,39.0,23.4,0,0.0,0.0,0,0.0,0.0,0,0.0,0.0,0,0.0,0.0,Observational pricing row. Primary price tier uses the highest captured listed price; Historical first-7/first-30 windows are not reconstructed from mixed-grain title snapshots yet.
Video 0133,Squirting Dildo Riding and Facial Cumshot,$12.99,12.99,9.99,12.99,3.0,Price spread,"Clips4Sale, ManyVids, ModelCentro","C4S, ManyVids, MC Clipstore",ManyVids,3,38.95,23.37,7.79,1877,0.01,,,23.37,,,2021-05-24,high,mapped,0,0.0,0.0,0,0.0,0.0,3,38.95,23.37,0,0.0,0.0,0,0.0,0.0,Observational pricing row. Primary price tier uses the highest captured listed price; Historical first-7/first-30 windows are not reconstructed from mixed-grain title snapshots yet.
Video 0159,Jean Shorts Face-Sitting,$10.99,10.99,7.99,10.99,3.0,Price spread,"Clips4Sale, ManyVids, ModelCentro","C4S, ManyVids, MC Clipstore","Clips4Sale, ManyVids",6,38.48,23.09,3.85,1628,0.01,,,23.09,,,2022-01-28,high,mapped,5,27.5,16.5,0,0.0,0.0,1,10.98,6.59,0,0.0,0.0,0,0.0,0.0,Observational pricing row. Primary price tier uses the highest captured listed price; Historical first-7/first-30 windows are not reconstructed from mixed-grain title snapshots yet.
Video 0123,Getting Naughty at the Airbnb,$11.99,11.99,8.99,11.99,3.0,Price spread,"Clips4Sale, ManyVids, ModelCentro","C4S, ManyVids, MC Clipstore",ManyVids,3,35.95,21.57,7.19,1971,0.01,,7.19,21.57,,,2021-02-19,high,mapped,0,0.0,0.0,0,0.0,0.0,3,35.95,21.57,0,0.0,0.0,0,0.0,0.0,Observational pricing row. Primary price tier uses the highest captured listed price; Historical first-7/first-30 windows are not reconstructed from mixed-grain title snapshots yet.
Video 0053,Weight on Your Chest,$11.99,11.99,10.99,11.99,1.0,Price spread,"Clips4Sale, ModelCentro","C4S, MC Clipstore",Clips4Sale,3,35.95,21.57,7.19,2496,0.01,,,21.57,,,2019-09-13,high,mapped,3,35.95,21.57,0,0.0,0.0,0,0.0,0.0,0,0.0,0.0,0,0.0,0.0,Observational pricing row. Primary price tier uses the highest captured listed price; Historical first-7/first-30 windows are not reconstructed from mixed-grain title snapshots yet.
Video 0058,Begging for Your Cock,$11.99,11.99,4.99,11.99,7.0,Price spread,"ManyVids, ModelCentro","ManyVids, MC Clipstore","ManyVids, OnlyFans",2,23.98,18.19,9.09,2455,0.01,,,,,,2019-10-24,high,mapped,0,0.0,0.0,0,0.0,0.0,1,4.98,2.99,1,19.0,15.2,0,0.0,0.0,Observational pricing row. Primary price tier uses the highest captured listed price; Historical first-7/first-30 windows are not reconstructed from mixed-grain title snapshots yet.
Video 0097,Tight Dress Belly Bouncing,$5.99,5.99,5.99,5.99,0.0,Mostly aligned,"Clips4Sale, ManyVids, ModelCentro","C4S, ManyVids, MC Clipstore","Clips4Sale, ManyVids",5,29.92,17.95,3.59,2179,0.01,,,17.95,,,2020-07-26,high,mapped,3,17.95,10.77,0,0.0,0.0,2,11.97,7.18,0,0.0,0.0,0,0.0,0.0,Observational pricing row. Primary price tier uses the highest captured listed price; Historical first-7/first-30 windows are not reconstructed from mixed-grain title snapshots yet.
Video 0035,Big Horny Housewife,$4.99,4.99,4.99,4.99,0.0,Partial coverage,"ManyVids, ModelCentro",ManyVids,ManyVids,6,29.9,17.94,2.99,2833,0.01,,,17.94,,,2018-10-11,high,mapped,0,0.0,0.0,0,0.0,0.0,6,29.9,17.94,0,0.0,0.0,0,0.0,0.0,Observational pricing row. Primary price tier uses the highest captured listed price; Historical first-7/first-30 windows are not reconstructed from mixed-grain title snapshots yet.
Video 0176,Stuffing My Face with Fast Food,$18.99,18.99,16.99,18.99,2.0,Price spread,"Clips4Sale, Curvage, ManyVids, ModelCentro","C4S, ManyVids, Curvage",Clips4Sale,3,28.5,17.1,5.7,1176,0.01,,,17.1,,,2023-04-25,high,mapped,3,28.5,17.1,0,0.0,0.0,0,0.0,0.0,0,0.0,0.0,0,0.0,0.0,Observational pricing row. Primary price tier uses the highest captured listed price; Historical first-7/first-30 windows are not reconstructed from mixed-grain title snapshots yet.
Video 0149,Dripping On Your Face,$13.99,13.99,10.99,13.99,3.0,Price spread,"Clips4Sale, ManyVids, ModelCentro","C4S, ManyVids, MC Clipstore","Clips4Sale, ManyVids",3,27.98,16.79,5.6,1739,0.01,,,16.79,,,2021-10-09,high,mapped,2,14.0,8.4,0,0.0,0.0,1,13.98,8.39,0,0.0,0.0,0,0.0,0.0,Observational pricing row. Primary price tier uses the highest captured listed price; Historical first-7/first-30 windows are not reconstructed from mixed-grain title snapshots yet.
Video 0158,Hiding from the Holiday Party,$13.99,13.99,10.99,13.99,3.0,Price spread,"Clips4Sale, ManyVids, ModelCentro","C4S, ManyVids, MC Clipstore","Clips4Sale, ManyVids",3,27.98,16.79,5.6,1661,0.01,,,16.79,,,2021-12-26,high,mapped,2,14.0,8.4,0,0.0,0.0,1,13.98,8.39,0,0.0,0.0,0,0.0,0.0,Observational pricing row. Primary price tier uses the highest captured listed price; Historical first-7/first-30 windows are not reconstructed from mixed-grain title snapshots yet.
Video 0130,Riding Your Face and Your Cock POV,$13.99,13.99,10.99,13.99,3.0,Price spread,"Clips4Sale, ManyVids, ModelCentro","C4S, ManyVids, MC Clipstore","ManyVids, ModelCentro",2,24.97,15.8,7.9,1902,0.01,,,15.8,,,2021-04-29,high,mapped,0,0.0,0.0,0,0.0,0.0,1,13.98,8.39,0,0.0,0.0,1,10.99,7.41,Observational pricing row. Primary price tier uses the highest captured listed price; Historical first-7/first-30 windows are not reconstructed from mixed-grain title snapshots yet.
Video 0165,BBW Catwalk Bounce and Tease in Heels,$17.99,17.99,16.99,17.99,1.0,Price spread,"Clips4Sale, ManyVids, ModelCentro","C4S, ManyVids","Clips4Sale, ManyVids",2,25.98,15.59,7.79,1323,0.01,,5.4,15.59,,,2022-11-29,high,mapped,1,9.0,5.4,0,0.0,0.0,1,16.98,10.19,0,0.0,0.0,0,0.0,0.0,Observational pricing row. Primary price tier uses the highest captured listed price; Historical first-7/first-30 windows are not reconstructed from mixed-grain title snapshots yet.
Video 0124,Stroke and Cum Together,$12.99,12.99,11.99,12.99,1.0,Price spread,"Clips4Sale, ManyVids, ModelCentro","C4S, ManyVids, MC Clipstore",Clips4Sale,2,25.97,15.58,7.79,1958,0.01,,,15.58,,,2021-03-04,high,mapped,2,25.97,15.58,0,0.0,0.0,0,0.0,0.0,0,0.0,0.0,0,0.0,0.0,Observational pricing row. Primary price tier uses the highest captured listed price; Historical first-7/first-30 windows are not reconstructed from mixed-grain title snapshots yet.
Video 0128,BBW Striptease and Lapdance POV,$12.99,12.99,11.99,12.99,1.0,Price spread,"Clips4Sale, ManyVids, ModelCentro","C4S, ManyVids, MC Clipstore",Clips4Sale,2,25.97,15.58,7.79,1927,0.01,,,15.58,,,2021-04-04,high,mapped,2,25.97,15.58,0,0.0,0.0,0,0.0,0.0,0,0.0,0.0,0,0.0,0.0,Observational pricing row. Primary price tier uses the highest captured listed price; Historical first-7/first-30 windows are not reconstructed from mixed-grain title snapshots yet.
Video 0121,Smoky BJ and Pussy Vibe,$12.99,12.99,12.99,12.99,0.0,Mostly aligned,"Clips4Sale, ManyVids, ModelCentro","C4S, ManyVids, MC Clipstore",Clips4Sale,2,25.97,15.58,7.79,1994,0.01,,,15.58,,,2021-01-27,high,mapped,2,25.97,15.58,0,0.0,0.0,0,0.0,0.0,0,0.0,0.0,0,0.0,0.0,Observational pricing row. Primary price tier uses the highest captured listed price; Historical first-7/first-30 windows are not reconstructed from mixed-grain title snapshots yet.
Video 0142,Cumming is the Best Exercise,$12.99,12.99,10.99,12.99,2.0,Price spread,"Clips4Sale, ManyVids, ModelCentro","C4S, ManyVids, MC Clipstore","Clips4Sale, ModelCentro",3,23.99,15.21,5.07,1780,0.01,,,15.21,,,2021-08-29,high,mapped,2,13.0,7.8,0,0.0,0.0,0,0.0,0.0,0,0.0,0.0,1,10.99,7.41,Observational pricing row. Primary price tier uses the highest captured listed price; Historical first-7/first-30 windows are not reconstructed from mixed-grain title snapshots yet.
Video 0059,Not in Kansas,$10.99,10.99,4.99,10.99,6.0,Price spread,"Clips4Sale, ManyVids, ModelCentro","C4S, ManyVids, MC Clipstore",ManyVids,5,24.92,14.95,2.99,2447,0.01,,,14.95,,,2019-11-01,high,mapped,0,0.0,0.0,0,0.0,0.0,5,24.92,14.95,0,0.0,0.0,0,0.0,0.0,Observational pricing row. Primary price tier uses the highest captured listed price; Historical first-7/first-30 windows are not reconstructed from mixed-grain title snapshots yet.
Video 0204,SSBBW Babe Gobbles Entire Pie,$23.99,23.99,16.99,23.99,7.0,Price spread,"Clips4Sale, Curvage, ManyVids, ModelCentro","C4S, ManyVids, Curvage, MC Clipstore",Clips4Sale,1,23.98,14.39,14.39,960,0.01,,,14.39,,,2023-11-27,high,mapped,1,23.98,14.39,0,0.0,0.0,0,0.0,0.0,0,0.0,0.0,0,0.0,0.0,Observational pricing row. Primary price tier uses the highest captured listed price; Historical first-7/first-30 windows are not reconstructed from mixed-grain title snapshots yet.
Video 0092,POV Fucking and Sucking,$11.99,11.99,11.99,11.99,0.0,Partial coverage,"ManyVids, ModelCentro","ManyVids, MC Clipstore",ManyVids,2,23.97,14.38,7.19,2221,0.01,,,14.38,,,2020-06-14,high,mapped,0,0.0,0.0,0,0.0,0.0,2,23.97,14.38,0,0.0,0.0,0,0.0,0.0,Observational pricing row. Primary price tier uses the highest captured listed price; Historical first-7/first-30 windows are not reconstructed from mixed-grain title snapshots yet.
Video 0064,Oiled-Up Bouncing,$11.99,11.99,4.99,11.99,7.0,Price spread,"Clips4Sale, ManyVids, ModelCentro","C4S, ManyVids, MC Clipstore",Clips4Sale,2,23.97,14.38,7.19,2419,0.01,,,14.38,,,2019-11-29,high,mapped,2,23.97,14.38,0,0.0,0.0,0,0.0,0.0,0,0.0,0.0,0,0.0,0.0,Observational pricing row. Primary price tier uses the highest captured listed price; Historical first-7/first-30 windows are not reconstructed from mixed-grain title snapshots yet.
Video 0102,Hot Pink Catwalk and Fat Bouncing,$7.99,7.99,7.99,7.99,0.0,Mostly aligned,"Clips4Sale, ManyVids, ModelCentro","C4S, ManyVids, MC Clipstore","Clips4Sale, ManyVids",3,23.95,14.37,4.79,2151,0.01,,,14.37,,,2020-08-23,high,mapped,1,7.98,4.79,0,0.0,0.0,2,15.97,9.58,0,0.0,0.0,0,0.0,0.0,Observational pricing row. Primary price tier uses the highest captured listed price; Historical first-7/first-30 windows are not reconstructed from mixed-grain title snapshots yet.
Video 0197,Worship My Fat SSBBW Body,$22.99,22.99,16.99,22.99,6.0,Price spread,"Clips4Sale, ManyVids, ModelCentro","C4S, ManyVids, MC Clipstore",Clips4Sale,1,22.98,13.79,13.79,1028,0.01,,,13.79,,,2023-09-20,high,mapped,1,22.98,13.79,0,0.0,0.0,0,0.0,0.0,0,0.0,0.0,0,0.0,0.0,Observational pricing row. Primary price tier uses the highest captured listed price; Historical first-7/first-30 windows are not reconstructed from mixed-grain title snapshots yet.
Video 0135,Fat Jiggly Ass,$10.99,10.99,9.99,10.99,1.0,Price spread,"Clips4Sale, ManyVids, ModelCentro","C4S, ManyVids, MC Clipstore","ManyVids, ModelCentro",2,20.97,13.33,6.67,1858,0.01,,,13.33,,,2021-06-12,high,mapped,0,0.0,0.0,0,0.0,0.0,1,10.98,6.59,0,0.0,0.0,1,9.99,6.74,Observational pricing row. Primary price tier uses the highest captured listed price; Historical first-7/first-30 windows are not reconstructed from mixed-grain title snapshots yet.
Video 0110,Solo Shower Sex,$10.99,10.99,10.99,10.99,0.0,Mostly aligned,"Clips4Sale, ManyVids, ModelCentro","C4S, ManyVids, MC Clipstore","Clips4Sale, ManyVids",2,21.96,13.18,6.59,2095,0.01,,,13.18,,,2020-10-18,high,mapped,1,10.98,6.59,0,0.0,0.0,1,10.98,6.59,0,0.0,0.0,0,0.0,0.0,Observational pricing row. Primary price tier uses the highest captured listed price; Historical first-7/first-30 windows are not reconstructed from mixed-grain title snapshots yet.
Video 0061,Fuck Me POV,$14.99,14.99,4.99,14.99,10.0,Price spread,"ManyVids, ModelCentro","ManyVids, MC Clipstore","ManyVids, ModelCentro",2,19.97,13.1,6.55,2435,0.01,,,13.1,,,2019-11-13,high,mapped,0,0.0,0.0,0,0.0,0.0,1,4.98,2.99,0,0.0,0.0,1,14.99,10.11,Observational pricing row. Primary price tier uses the highest captured listed price; Historical first-7/first-30 windows are not reconstructed from mixed-grain title snapshots yet.
Video 0151,Fat Tease and Fucking,$13.99,13.99,12.99,13.99,1.0,Price spread,"Clips4Sale, ManyVids, ModelCentro","C4S, ManyVids, MC Clipstore","Clips4Sale, ManyVids",2,20.98,12.59,6.29,1723,0.01,,,12.59,,,2021-10-25,high,mapped,1,7.0,4.2,0,0.0,0.0,1,13.98,8.39,0,0.0,0.0,0,0.0,0.0,Observational pricing row. Primary price tier uses the highest captured listed price; Historical first-7/first-30 windows are not reconstructed from mixed-grain title snapshots yet.
Video 0057,Touring My Fat Jiggly Body,$10.99,10.99,4.99,10.99,6.0,Price spread,"Clips4Sale, ManyVids, ModelCentro","C4S, ManyVids, MC Clipstore","Clips4Sale, ManyVids",3,20.95,12.57,4.19,2456,0.01,,,12.57,,,2019-10-23,high,mapped,1,10.98,6.59,0,0.0,0.0,2,9.97,5.98,0,0.0,0.0,0,0.0,0.0,Observational pricing row. Primary price tier uses the highest captured listed price; Historical first-7/first-30 windows are not reconstructed from mixed-grain title snapshots yet.
Video 0147,Donut Stuffing and Glass Dildo Riding,$13.99,13.99,11.99,13.99,2.0,Price spread,"Clips4Sale, ManyVids, ModelCentro","C4S, ManyVids, MC Clipstore","Clips4Sale, ModelCentro",2,18.99,12.29,6.14,1752,0.01,,,12.29,,,2021-09-26,high,mapped,1,7.0,4.2,0,0.0,0.0,0,0.0,0.0,0,0.0,0.0,1,11.99,8.09,Observational pricing row. Primary price tier uses the highest captured listed price; Historical first-7/first-30 windows are not reconstructed from mixed-grain title snapshots yet.
Video 0200,Gaining Cheerleader Girlfriend,$20.99,20.99,17.99,20.99,3.0,Price spread,"Clips4Sale, ModelCentro","C4S, MC Clipstore",ModelCentro,1,17.99,12.14,12.14,1002,0.01,,12.14,12.14,,,2023-10-16,high,mapped,0,0.0,0.0,0,0.0,0.0,0,0.0,0.0,0,0.0,0.0,1,17.99,12.14,Observational pricing row. Primary price tier uses the highest captured listed price; Historical first-7/first-30 windows are not reconstructed from mixed-grain title snapshots yet.
Video 0099,Fattened Up For Master Part II,$19.99,19.99,15.99,19.99,4.0,Price spread,"ManyVids, ModelCentro","ManyVids, MC Clipstore",ManyVids,1,19.98,11.99,11.99,2169,0.01,,,11.99,,,2020-08-05,high,mapped,0,0.0,0.0,0,0.0,0.0,1,19.98,11.99,0,0.0,0.0,0,0.0,0.0,Observational pricing row. Primary price tier uses the highest captured listed price; Historical first-7/first-30 windows are not reconstructed from mixed-grain title snapshots yet.
Video 0096,Fattened Up For Master,$22.99,22.99,19.99,22.99,3.0,Price spread,"Clips4Sale, ManyVids, ModelCentro","C4S, ManyVids, MC Clipstore",ManyVids,1,19.98,11.99,11.99,2184,0.01,,11.99,11.99,,,2020-07-21,high,mapped,0,0.0,0.0,0,0.0,0.0,1,19.98,11.99,0,0.0,0.0,0,0.0,0.0,Observational pricing row. Primary price tier uses the highest captured listed price; Historical first-7/first-30 windows are not reconstructed from mixed-grain title snapshots yet.
Video 0069,Fatty in the Shower,$9.99,9.99,9.99,9.99,0.0,Mostly aligned,"Clips4Sale, ManyVids, ModelCentro","C4S, ManyVids, MC Clipstore","Clips4Sale, ManyVids",2,19.96,11.98,5.99,2373,0.01,,,11.98,,,2020-01-14,high,mapped,1,9.98,5.99,0,0.0,0.0,1,9.98,5.99,0,0.0,0.0,0,0.0,0.0,Observational pricing row. Primary price tier uses the highest captured listed price; Historical first-7/first-30 windows are not reconstructed from mixed-grain title snapshots yet.
Video 0173,Fatty Catwalks in Blue Lace and Heels,$18.99,18.99,16.99,18.99,2.0,Price spread,"Clips4Sale, ManyVids, ModelCentro","C4S, ManyVids, MC Clipstore",Clips4Sale,2,19.0,11.4,5.7,1223,0.01,,,11.4,,,2023-03-09,high,mapped,2,19.0,11.4,0,0.0,0.0,0,0.0,0.0,0,0.0,0.0,0,0.0,0.0,Observational pricing row. Primary price tier uses the highest captured listed price; Historical first-7/first-30 windows are not reconstructed from mixed-grain title snapshots yet.
Video 0181,SSBBW Ass Worship in Thong and Tights,$21.99,21.99,15.99,21.99,6.0,Price spread,"Clips4Sale, ManyVids, ModelCentro","C4S, ManyVids, MC Clipstore",ModelCentro,1,15.99,10.79,10.79,1141,0.01,,10.79,10.79,,,2023-05-30,high,mapped,0,0.0,0.0,0,0.0,0.0,0,0.0,0.0,0,0.0,0.0,1,15.99,10.79,Observational pricing row. Primary price tier uses the highest captured listed price; Historical first-7/first-30 windows are not reconstructed from mixed-grain title snapshots yet.
Video 0198,Naked Fatty Tells You How to Stroke,$17.99,17.99,17.99,17.99,0.0,Partial coverage,"Clips4Sale, ManyVids","C4S, ManyVids",Clips4Sale,1,17.98,10.79,10.79,1013,0.01,,,10.79,,,2023-10-05,high,mapped,1,17.98,10.79,0,0.0,0.0,0,0.0,0.0,0,0.0,0.0,0,0.0,0.0,Observational pricing row. Primary price tier uses the highest captured listed price; Historical first-7/first-30 windows are not reconstructed from mixed-grain title snapshots yet.
Video 0152,Feeling Myself in the Mirror,$16.99,16.99,15.99,16.99,1.0,Price spread,"Clips4Sale, ManyVids, ModelCentro","C4S, ManyVids, MC Clipstore",Clips4Sale,2,17.0,10.2,5.1,1709,0.01,,,10.2,,,2021-11-08,high,mapped,2,17.0,10.2,0,0.0,0.0,0,0.0,0.0,0,0.0,0.0,0,0.0,0.0,Observational pricing row. Primary price tier uses the highest captured listed price; Historical first-7/first-30 windows are not reconstructed from mixed-grain title snapshots yet.
Video 0184,SSBBW Shiny Slippery Oil Play,$20.99,20.99,16.99,20.99,4.0,Price spread,"Clips4Sale, ManyVids, ModelCentro","C4S, ManyVids, MC Clipstore",ManyVids,1,16.98,10.19,10.19,1127,0.01,,,10.19,,,2023-06-13,high,mapped,0,0.0,0.0,0,0.0,0.0,1,16.98,10.19,0,0.0,0.0,0,0.0,0.0,Observational pricing row. Primary price tier uses the highest captured listed price; Historical first-7/first-30 windows are not reconstructed from mixed-grain title snapshots yet.
Video 0139,Oiling Up My Fat,$16.99,16.99,13.99,16.99,3.0,Price spread,"Clips4Sale, ManyVids, ModelCentro","C4S, ManyVids, MC Clipstore",ManyVids,1,16.98,10.19,10.19,1828,0.01,,,10.19,,,2021-07-12,high,mapped,0,0.0,0.0,0,0.0,0.0,1,16.98,10.19,0,0.0,0.0,0,0.0,0.0,Observational pricing row. Primary price tier uses the highest captured listed price; Historical first-7/first-30 windows are not reconstructed from mixed-grain title snapshots yet.
Video 0219,Messy Whipped Cream Tits,$16.99,16.99,16.99,16.99,0.0,Partial coverage,"Clips4Sale, ManyVids, ModelCentro","C4S, ManyVids",Clips4Sale,1,16.98,10.19,10.19,848,0.01,,,10.19,,,2024-03-18,high,mapped,1,16.98,10.19,0,0.0,0.0,0,0.0,0.0,0,0.0,0.0,0,0.0,0.0,Observational pricing row. Primary price tier uses the highest captured listed price; Historical first-7/first-30 windows are not reconstructed from mixed-grain title snapshots yet.
Video 0140,Dildo Fucking My Wet and Drippy Pussy,$16.99,16.99,15.99,16.99,1.0,Price spread,"Clips4Sale, ManyVids, ModelCentro","C4S, ManyVids, MC Clipstore",Clips4Sale,1,16.98,10.19,10.19,1801,0.01,,,10.19,,,2021-08-08,high,mapped,1,16.98,10.19,0,0.0,0.0,0,0.0,0.0,0,0.0,0.0,0,0.0,0.0,Observational pricing row. Primary price tier uses the highest captured listed price; Historical first-7/first-30 windows are not reconstructed from mixed-grain title snapshots yet.
Video 0144,Sweaty Fatty Makes You Lick Her Crevices,$16.99,16.99,14.99,16.99,2.0,Price spread,"Clips4Sale, ManyVids, ModelCentro","C4S, ManyVids, MC Clipstore",ModelCentro,1,14.99,10.11,10.11,1772,0.01,,,10.11,,,2021-09-06,high,mapped,0,0.0,0.0,0,0.0,0.0,0,0.0,0.0,0,0.0,0.0,1,14.99,10.11,Observational pricing row. Primary price tier uses the highest captured listed price; Historical first-7/first-30 windows are not reconstructed from mixed-grain title snapshots yet.
Video 0202,BBW Struts and Jiggles Out of My Jeans,$18.99,18.99,14.99,18.99,4.0,Price spread,"Clips4Sale, ManyVids, ModelCentro","C4S, ManyVids, MC Clipstore",ModelCentro,1,14.99,10.11,10.11,977,0.01,,10.11,10.11,,,2023-11-10,high,mapped,0,0.0,0.0,0,0.0,0.0,0,0.0,0.0,0,0.0,0.0,1,14.99,10.11,Observational pricing row. Primary price tier uses the highest captured listed price; Historical first-7/first-30 windows are not reconstructed from mixed-grain title snapshots yet.
Video 0168,SSBBW Black Bikini Catwalk in Heels,$15.99,15.99,14.99,15.99,1.0,Price spread,"Clips4Sale, ManyVids","C4S, ManyVids",Clips4Sale,2,16.0,9.6,4.8,1305,0.01,,,9.6,,,2022-12-17,high,mapped,2,16.0,9.6,0,0.0,0.0,0,0.0,0.0,0,0.0,0.0,0,0.0,0.0,Observational pricing row. Primary price tier uses the highest captured listed price; Historical first-7/first-30 windows are not reconstructed from mixed-grain title snapshots yet.
Video 0196,Fat Fitness Instructor Causes Shaking,$13.99,13.99,8.99,13.99,5.0,Price spread,"Clips4Sale, Curvage, ManyVids","C4S, ManyVids, Curvage",Clips4Sale,1,13.98,8.39,8.39,1042,0.01,,,8.39,,,2023-09-06,high,mapped,1,13.98,8.39,0,0.0,0.0,0,0.0,0.0,0,0.0,0.0,0,0.0,0.0,Observational pricing row. Primary price tier uses the highest captured listed price; Historical first-7/first-30 windows are not reconstructed from mixed-grain title snapshots yet.
Video 0062,50 Wing Binge,$24.99,24.99,4.99,24.99,20.0,Price spread,"Clips4Sale, ManyVids, ModelCentro","C4S, ManyVids, MC Clipstore",ManyVids,2,9.97,5.98,2.99,2429,0.0,2.99,2.99,5.98,,,2019-11-19,high,mapped,0,0.0,0.0,0,0.0,0.0,2,9.97,5.98,0,0.0,0.0,0,0.0,0.0,Observational pricing row. Primary price tier uses the highest captured listed price; Historical first-7/first-30 windows are not reconstructed from mixed-grain title snapshots yet.
Video 0056,Chubby Squirting Pussy,$12.99,12.99,4.99,12.99,8.0,Price spread,"ManyVids, ModelCentro","ManyVids, MC Clipstore",ManyVids,4,19.93,11.96,2.99,2474,0.0,,,11.96,,,2019-10-05,high,mapped,0,0.0,0.0,0,0.0,0.0,4,19.93,11.96,0,0.0,0.0,0,0.0,0.0,Observational pricing row. Primary price tier uses the highest captured listed price; Historical first-7/first-30 windows are not reconstructed from mixed-grain title snapshots yet.
Video 0072,Jiggly Catwalk,$8.99,8.99,7.99,8.99,1.0,Price spread,"Clips4Sale, ManyVids, ModelCentro","C4S, ManyVids, MC Clipstore",Clips4Sale,2,17.97,10.78,5.39,2340,0.0,,,10.78,,,2020-02-16,high,mapped,2,17.97,10.78,0,0.0,0.0,0,0.0,0.0,0,0.0,0.0,0,0.0,0.0,Observational pricing row. Primary price tier uses the highest captured listed price; Historical first-7/first-30 windows are not reconstructed from mixed-grain title snapshots yet.
Video 0080,Cum in My Hairy Pussy,$9.99,9.99,5.99,9.99,4.0,Price spread,"ManyVids, ModelCentro","ManyVids, MC Clipstore","ManyVids, ModelCentro",2,15.97,10.33,5.17,2277,0.0,,,10.33,,,2020-04-19,high,mapped,0,0.0,0.0,0,0.0,0.0,1,5.98,3.59,0,0.0,0.0,1,9.99,6.74,Observational pricing row. Primary price tier uses the highest captured listed price; Historical first-7/first-30 windows are not reconstructed from mixed-grain title snapshots yet.
Video 0122,Persimmon Season - Ripe Series vol. 1,$19.99,19.99,15.99,19.99,4.0,Price spread,"Clips4Sale, ManyVids, ModelCentro","C4S, ManyVids, MC Clipstore",ManyVids,1,15.98,9.59,9.59,1990,0.0,,,9.59,,,2021-01-31,high,mapped,0,0.0,0.0,0,0.0,0.0,1,15.98,9.59,0,0.0,0.0,0,0.0,0.0,Observational pricing row. Primary price tier uses the highest captured listed price; Historical first-7/first-30 windows are not reconstructed from mixed-grain title snapshots yet.
Video 0091,Snack Cake Stuffing,$15.99,15.99,14.99,15.99,1.0,Price spread,"Clips4Sale, ManyVids, ModelCentro","C4S, ManyVids, MC Clipstore",Clips4Sale,1,15.98,9.59,9.59,2228,0.0,,,9.59,,,2020-06-07,high,mapped,1,15.98,9.59,0,0.0,0.0,0,0.0,0.0,0,0.0,0.0,0,0.0,0.0,Observational pricing row. Primary price tier uses the highest captured listed price; Historical first-7/first-30 windows are not reconstructed from mixed-grain title snapshots yet.
Video 0082,Flopping My Fat Around,$7.99,7.99,7.99,7.99,0.0,Mostly aligned,"Clips4Sale, ManyVids, ModelCentro","C4S, ManyVids, MC Clipstore","Clips4Sale, ManyVids",2,15.96,9.58,4.79,2271,0.0,,,9.58,,,2020-04-25,high,mapped,1,7.98,4.79,0,0.0,0.0,1,7.98,4.79,0,0.0,0.0,0,0.0,0.0,Observational pricing row. Primary price tier uses the highest captured listed price; Historical first-7/first-30 windows are not reconstructed from mixed-grain title snapshots yet.
Video 0120,Fat Nut on My Tits,$14.99,14.99,14.99,14.99,0.0,Mostly aligned,"Clips4Sale, ManyVids, ModelCentro","C4S, ManyVids, MC Clipstore",Clips4Sale,1,14.98,8.99,8.99,2011,0.0,,,8.99,,,2021-01-10,high,mapped,1,14.98,8.99,0,0.0,0.0,0,0.0,0.0,0,0.0,0.0,0,0.0,0.0,Observational pricing row. Primary price tier uses the highest captured listed price; Historical first-7/first-30 windows are not reconstructed from mixed-grain title snapshots yet.
Video 0042,Lady in Black,$4.99,4.99,4.99,4.99,0.0,Partial coverage,"ManyVids, ModelCentro",ManyVids,ManyVids,3,14.95,8.97,2.99,2672,0.0,,,8.97,,,2019-03-21,high,mapped,0,0.0,0.0,0,0.0,0.0,3,14.95,8.97,0,0.0,0.0,0,0.0,0.0,Observational pricing row. Primary price tier uses the highest captured listed price; Historical first-7/first-30 windows are not reconstructed from mixed-grain title snapshots yet.
Video 0047,Fat Girl in Skimpy Lingerie,$4.99,4.99,4.99,4.99,0.0,Partial coverage,"ManyVids, ModelCentro",ManyVids,ManyVids,3,14.95,8.97,2.99,2604,0.0,,,8.97,,,2019-05-28,high,mapped,0,0.0,0.0,0,0.0,0.0,3,14.95,8.97,0,0.0,0.0,0,0.0,0.0,Observational pricing row. Primary price tier uses the highest captured listed price; Historical first-7/first-30 windows are not reconstructed from mixed-grain title snapshots yet.
Video 0037,Fat Goddess Fucks Pussy,$4.99,4.99,4.99,4.99,0.0,Partial coverage,"ManyVids, ModelCentro",ManyVids,ManyVids,3,14.95,8.97,2.99,2794,0.0,,,8.97,,,2018-11-19,high,mapped,0,0.0,0.0,0,0.0,0.0,3,14.95,8.97,0,0.0,0.0,0,0.0,0.0,Observational pricing row. Primary price tier uses the highest captured listed price; Historical first-7/first-30 windows are not reconstructed from mixed-grain title snapshots yet.
Video 0156,Fuck Me in the Window,$13.99,13.99,12.99,13.99,1.0,Price spread,"Clips4Sale, ManyVids, ModelCentro","C4S, ManyVids, MC Clipstore",Clips4Sale,2,14.0,8.4,4.2,1681,0.0,,,8.4,,,2021-12-06,high,mapped,2,14.0,8.4,0,0.0,0.0,0,0.0,0.0,0,0.0,0.0,0,0.0,0.0,Observational pricing row. Primary price tier uses the highest captured listed price; Historical first-7/first-30 windows are not reconstructed from mixed-grain title snapshots yet.
Video 0066,BBW Bubble Bath,$13.99,13.99,4.99,13.99,9.0,Price spread,"Clips4Sale, ManyVids, ModelCentro","C4S, ManyVids, MC Clipstore",Clips4Sale,1,13.98,8.39,8.39,2388,0.0,,,8.39,,,2019-12-30,high,mapped,1,13.98,8.39,0,0.0,0.0,0,0.0,0.0,0,0.0,0.0,0,0.0,0.0,Observational pricing row. Primary price tier uses the highest captured listed price; Historical first-7/first-30 windows are not reconstructed from mixed-grain title snapshots yet.
Video 0154,Fat Bouncing in the Shower,$12.99,12.99,10.99,12.99,2.0,Price spread,"Clips4Sale, ManyVids, ModelCentro","C4S, ManyVids, MC Clipstore",Clips4Sale,2,13.0,7.8,3.9,1694,0.0,,,7.8,,,2021-11-23,high,mapped,2,13.0,7.8,0,0.0,0.0,0,0.0,0.0,0,0.0,0.0,0,0.0,0.0,Observational pricing row. Primary price tier uses the highest captured listed price; Historical first-7/first-30 windows are not reconstructed from mixed-grain title snapshots yet.
Video 0074,Big Ass in Blue Jeans,$12.99,12.99,12.99,12.99,0.0,Partial coverage,"Clips4Sale, ModelCentro","C4S, MC Clipstore",Clips4Sale,1,12.98,7.79,7.79,2312,0.0,,,7.79,,,2020-03-15,high,mapped,1,12.98,7.79,0,0.0,0.0,0,0.0,0.0,0,0.0,0.0,0,0.0,0.0,Observational pricing row. Primary price tier uses the highest captured listed price; Historical first-7/first-30 windows are not reconstructed from mixed-grain title snapshots yet.
Video 0095,Huge Twerking Ass and Dripping Chubby Pussy,$11.99,11.99,11.99,11.99,0.0,Partial coverage,"ManyVids, ModelCentro","ManyVids, MC Clipstore",ManyVids,1,11.98,7.19,7.19,2192,0.0,,,7.19,,,2020-07-13,high,mapped,0,0.0,0.0,0,0.0,0.0,1,11.98,7.19,0,0.0,0.0,0,0.0,0.0,Observational pricing row. Primary price tier uses the highest captured listed price; Historical first-7/first-30 windows are not reconstructed from mixed-grain title snapshots yet.
Video 0105,Spying on Your Hot Roommate,$10.99,10.99,10.99,10.99,0.0,Partial coverage,"ManyVids, ModelCentro","ManyVids, MC Clipstore",ManyVids,1,10.98,6.59,6.59,2129,0.0,,,6.59,,,2020-09-14,high,mapped,0,0.0,0.0,0,0.0,0.0,1,10.98,6.59,0,0.0,0.0,0,0.0,0.0,Observational pricing row. Primary price tier uses the highest captured listed price; Historical first-7/first-30 windows are not reconstructed from mixed-grain title snapshots yet.
Video 0114,Ass Clapping and Dildo Riding,$10.99,10.99,10.99,10.99,0.0,Mostly aligned,"Clips4Sale, ManyVids, ModelCentro","C4S, ManyVids, MC Clipstore",ManyVids,1,10.98,6.59,6.59,2065,0.0,,,6.59,,,2020-11-17,high,mapped,0,0.0,0.0,0,0.0,0.0,1,10.98,6.59,0,0.0,0.0,0,0.0,0.0,Observational pricing row. Primary price tier uses the highest captured listed price; Historical first-7/first-30 windows are not reconstructed from mixed-grain title snapshots yet.
Video 0104,Oiled BBW Slides Naked on Air Mattress,$11.99,11.99,10.99,11.99,1.0,Price spread,"Clips4Sale, ManyVids, ModelCentro","C4S, ManyVids, MC Clipstore",ManyVids,1,10.98,6.59,6.59,2129,0.0,,,6.59,,,2020-09-14,high,mapped,0,0.0,0.0,0,0.0,0.0,1,10.98,6.59,0,0.0,0.0,0,0.0,0.0,Observational pricing row. Primary price tier uses the highest captured listed price; Historical first-7/first-30 windows are not reconstructed from mixed-grain title snapshots yet.
Video 0137,Struggling to Stand,$10.99,10.99,10.99,10.99,0.0,Partial coverage,"Clips4Sale, ModelCentro","C4S, MC Clipstore",Clips4Sale,1,10.98,6.59,6.59,1846,0.0,,,6.59,,,2021-06-24,high,mapped,1,10.98,6.59,0,0.0,0.0,0,0.0,0.0,0,0.0,0.0,0,0.0,0.0,Observational pricing row. Primary price tier uses the highest captured listed price; Historical first-7/first-30 windows are not reconstructed from mixed-grain title snapshots yet.
Video 0100,Ass Worship in Tights and Heels,$10.99,10.99,10.99,10.99,0.0,Mostly aligned,"Clips4Sale, ManyVids, ModelCentro","C4S, ManyVids, MC Clipstore",Clips4Sale,1,10.98,6.59,6.59,2165,0.0,,,6.59,,,2020-08-09,high,mapped,1,10.98,6.59,0,0.0,0.0,0,0.0,0.0,0,0.0,0.0,0,0.0,0.0,Observational pricing row. Primary price tier uses the highest captured listed price; Historical first-7/first-30 windows are not reconstructed from mixed-grain title snapshots yet.
Video 0113,Sexy Body Bouncing and Jiggling,$9.99,9.99,9.99,9.99,0.0,Mostly aligned,"Clips4Sale, ManyVids, ModelCentro","C4S, ManyVids, MC Clipstore",Clips4Sale,1,9.98,5.99,5.99,2074,0.0,,,5.99,,,2020-11-08,high,mapped,1,9.98,5.99,0,0.0,0.0,0,0.0,0.0,0,0.0,0.0,0,0.0,0.0,Observational pricing row. Primary price tier uses the highest captured listed price; Historical first-7/first-30 windows are not reconstructed from mixed-grain title snapshots yet.
Video 0055,65 Inch Ass Worship,$9.99,9.99,4.99,9.99,5.0,Price spread,"Clips4Sale, ManyVids, ModelCentro","C4S, ManyVids, MC Clipstore",Clips4Sale,1,9.98,5.99,5.99,2474,0.0,,,5.99,,,2019-10-05,high,mapped,1,9.98,5.99,0,0.0,0.0,0,0.0,0.0,0,0.0,0.0,0,0.0,0.0,Observational pricing row. Primary price tier uses the highest captured listed price; Historical first-7/first-30 windows are not reconstructed from mixed-grain title snapshots yet.
Video 0041,I Need V-day Dick,$4.99,4.99,4.99,4.99,0.0,Partial coverage,"ManyVids, ModelCentro",ManyVids,ManyVids,2,9.97,5.98,2.99,2703,0.0,,,5.98,,,2019-02-18,high,mapped,0,0.0,0.0,0,0.0,0.0,2,9.97,5.98,0,0.0,0.0,0,0.0,0.0,Observational pricing row. Primary price tier uses the highest captured listed price; Historical first-7/first-30 windows are not reconstructed from mixed-grain title snapshots yet.
Video 0049,Sexy Soft Curves,$4.99,4.99,4.99,4.99,0.0,Partial coverage,"ManyVids, ModelCentro",ManyVids,ManyVids,2,9.97,5.98,2.99,2545,0.0,,,5.98,,,2019-07-26,high,mapped,0,0.0,0.0,0,0.0,0.0,2,9.97,5.98,0,0.0,0.0,0,0.0,0.0,Observational pricing row. Primary price tier uses the highest captured listed price; Historical first-7/first-30 windows are not reconstructed from mixed-grain title snapshots yet.
Video 0031,Hitachi Makes Me Squirt,$4.99,4.99,4.99,4.99,0.0,Partial coverage,"ManyVids, ModelCentro",ManyVids,ManyVids,2,9.97,5.98,2.99,2946,0.0,,,5.98,,,2018-06-20,high,mapped,0,0.0,0.0,0,0.0,0.0,2,9.97,5.98,0,0.0,0.0,0,0.0,0.0,Observational pricing row. Primary price tier uses the highest captured listed price; Historical first-7/first-30 windows are not reconstructed from mixed-grain title snapshots yet.
Video 0169,BBW Bra Changing JOI w/ Cum Countdown,$18.99,18.99,16.99,18.99,2.0,Price spread,"Clips4Sale, ManyVids","C4S, ManyVids",Clips4Sale,1,9.5,5.7,5.7,1292,0.0,,,5.7,,,2022-12-30,high,mapped,1,9.5,5.7,0,0.0,0.0,0,0.0,0.0,0,0.0,0.0,0,0.0,0.0,Observational pricing row. Primary price tier uses the highest captured listed price; Historical first-7/first-30 windows are not reconstructed from mixed-grain title snapshots yet.
Video 0172,Little Black Dress SSBBW Catwalk,$17.99,17.99,16.99,17.99,1.0,Price spread,"Clips4Sale, ManyVids","C4S, ManyVids",Clips4Sale,1,9.0,5.4,5.4,1230,0.0,,,,,,2023-03-02,high,mapped,1,9.0,5.4,0,0.0,0.0,0,0.0,0.0,0,0.0,0.0,0,0.0,0.0,Observational pricing row. Primary price tier uses the highest captured listed price; Historical first-7/first-30 windows are not reconstructed from mixed-grain title snapshots yet.
Video 0161,Burrito Binge,$17.99,17.99,17.99,17.99,0.0,Mostly aligned,"Clips4Sale, ManyVids, ModelCentro","C4S, ManyVids, MC Clipstore",Clips4Sale,1,9.0,5.4,5.4,1582,0.0,,,,,,2022-03-15,high,mapped,1,9.0,5.4,0,0.0,0.0,0,0.0,0.0,0,0.0,0.0,0,0.0,0.0,Observational pricing row. Primary price tier uses the highest captured listed price; Historical first-7/first-30 windows are not reconstructed from mixed-grain title snapshots yet.
Video 0107,Full Body Measurements,$8.99,8.99,8.99,8.99,0.0,Mostly aligned,"Clips4Sale, ManyVids, ModelCentro","C4S, ManyVids, MC Clipstore",Clips4Sale,1,8.98,5.39,5.39,2116,0.0,,,,,,2020-09-27,high,mapped,1,8.98,5.39,0,0.0,0.0,0,0.0,0.0,0,0.0,0.0,0,0.0,0.0,Observational pricing row. Primary price tier uses the highest captured listed price; Historical first-7/first-30 windows are not reconstructed from mixed-grain title snapshots yet.
Video 0117,Cozy Winter Pussy Play,$8.99,8.99,7.99,8.99,1.0,Price spread,"Clips4Sale, ManyVids, ModelCentro","C4S, ManyVids, MC Clipstore",ManyVids,1,7.98,4.79,4.79,2039,0.0,,,,,,2020-12-13,high,mapped,0,0.0,0.0,0,0.0,0.0,1,7.98,4.79,0,0.0,0.0,0,0.0,0.0,Observational pricing row. Primary price tier uses the highest captured listed price; Historical first-7/first-30 windows are not reconstructed from mixed-grain title snapshots yet.
Video 0090,400lbs Bouncing on Your Cock,$7.99,7.99,7.99,7.99,0.0,Partial coverage,"ManyVids, ModelCentro","ManyVids, MC Clipstore",ManyVids,1,7.98,4.79,4.79,2228,0.0,,,,,,2020-06-07,high,mapped,0,0.0,0.0,0,0.0,0.0,1,7.98,4.79,0,0.0,0.0,0,0.0,0.0,Observational pricing row. Primary price tier uses the highest captured listed price; Historical first-7/first-30 windows are not reconstructed from mixed-grain title snapshots yet.
Video 0054,Devouring Powdered Donuts,$14.99,14.99,4.99,14.99,10.0,Price spread,"Clips4Sale, ManyVids, ModelCentro","C4S, ManyVids, MC Clipstore",ManyVids,1,4.98,2.99,2.99,2489,0.0,,,,,,2019-09-20,high,mapped,0,0.0,0.0,0,0.0,0.0,1,4.98,2.99,0,0.0,0.0,0,0.0,0.0,Observational pricing row. Primary price tier uses the highest captured listed price; Historical first-7/first-30 windows are not reconstructed from mixed-grain title snapshots yet.
Video 0063,Juicy Pussy Play,$14.99,14.99,4.99,14.99,10.0,Price spread,"ManyVids, ModelCentro","ManyVids, MC Clipstore",ManyVids,1,4.98,2.99,2.99,2429,0.0,,,,,,2019-11-19,high,mapped,0,0.0,0.0,0,0.0,0.0,1,4.98,2.99,0,0.0,0.0,0,0.0,0.0,Observational pricing row. Primary price tier uses the highest captured listed price; Historical first-7/first-30 windows are not reconstructed from mixed-grain title snapshots yet.
Video 0024,Squirting and Fishnets,$4.99,4.99,4.99,4.99,0.0,Partial coverage,"ManyVids, ModelCentro",ManyVids,ManyVids,1,4.98,2.99,2.99,3107,0.0,,,,,,2018-01-10,high,mapped,0,0.0,0.0,0,0.0,0.0,1,4.98,2.99,0,0.0,0.0,0,0.0,0.0,Observational pricing row. Primary price tier uses the highest captured listed price; Historical first-7/first-30 windows are not reconstructed from mixed-grain title snapshots yet.
Video 0045,Lady Loves to Play,$4.99,4.99,4.99,4.99,0.0,Partial coverage,"ManyVids, ModelCentro",ManyVids,ManyVids,1,4.98,2.99,2.99,2632,0.0,,,,,,2019-04-30,high,mapped,0,0.0,0.0,0,0.0,0.0,1,4.98,2.99,0,0.0,0.0,0,0.0,0.0,Observational pricing row. Primary price tier uses the highest captured listed price; Historical first-7/first-30 windows are not reconstructed from mixed-grain title snapshots yet.
Video 0050,Jack Off To My Fat,$9.99,9.99,4.99,9.99,5.0,Price spread,"ManyVids, ModelCentro","ManyVids, MC Clipstore",ManyVids,1,4.98,2.99,2.99,2533,0.0,,,,,,2019-08-07,high,mapped,0,0.0,0.0,0,0.0,0.0,1,4.98,2.99,0,0.0,0.0,0,0.0,0.0,Observational pricing row. Primary price tier uses the highest captured listed price; Historical first-7/first-30 windows are not reconstructed from mixed-grain title snapshots yet.
Video 0052,Bouncing Twerking and Grinding,$11.99,11.99,4.99,11.99,7.0,Price spread,"ManyVids, ModelCentro","ManyVids, MC Clipstore",ManyVids,1,4.98,2.99,2.99,2506,0.0,,,,,,2019-09-03,high,mapped,0,0.0,0.0,0,0.0,0.0,1,4.98,2.99,0,0.0,0.0,0,0.0,0.0,Observational pricing row. Primary price tier uses the highest captured listed price; Historical first-7/first-30 windows are not reconstructed from mixed-grain title snapshots yet.
Video 0038,Lady Needs Your Cum,$4.99,4.99,4.99,4.99,0.0,Partial coverage,"ManyVids, ModelCentro",ManyVids,ManyVids,1,4.98,2.99,2.99,2782,0.0,,,,,,2018-12-01,high,mapped,0,0.0,0.0,0,0.0,0.0,1,4.98,2.99,0,0.0,0.0,0,0.0,0.0,Observational pricing row. Primary price tier uses the highest captured listed price; Historical first-7/first-30 windows are not reconstructed from mixed-grain title snapshots yet.
Video 0027,Squeaky Chair Big Girl,$4.99,4.99,4.99,4.99,0.0,Partial coverage,"ManyVids, ModelCentro",ManyVids,ManyVids,1,4.98,2.99,2.99,3056,0.0,,,,,,2018-03-02,high,mapped,0,0.0,0.0,0,0.0,0.0,1,4.98,2.99,0,0.0,0.0,0,0.0,0.0,Observational pricing row. Primary price tier uses the highest captured listed price; Historical first-7/first-30 windows are not reconstructed from mixed-grain title snapshots yet.
