calendar_type,date,title,status,priority,days_from_today,days_live,canonical_content_id,content_group,platforms,sales,lifetime_gross,lifetime_net,latest_7_net,mtd_net,ytd_net,net_per_day,first_offered_basis,first_offered_confidence,promo_angle,target_platforms,price_plan,price_tier,test_type,hypothesis,success_metric,notes,source
Planned,2026-07-14,Film Untitled July Release 2,filming,high,3,,,Planned,,,,,,,,,planned release date,planned,,,,,,,,Film day for the July 20 release.,planned_releases.csv
Planned,2026-07-20,Untitled July Release 2,target release,medium,9,,,Planned,,,,,,,,,planned release date,planned,,,,,,,,Target release date; title TBD.,planned_releases.csv
Planned,2026-07-23,Film Untitled July Release 3,filming,high,12,,,Planned,,,,,,,,,planned release date,planned,,,,,,,,Film day for the July 30 release.,planned_releases.csv
Planned,2026-07-30,Untitled July Release 3,target release,medium,19,,,Planned,,,,,,,,,planned release date,planned,,,,,,,,Target release date; title TBD.,planned_releases.csv
Released,2018-01-10,Squirting and Fishnets,released,,-3104,3105,Video 0024,Video,ManyVids,1,4.98,2.99,,,,0.0,master content release date,high,,ManyVids,,,,,,,content_group_summary
Released,2018-03-02,Squeaky Chair Big Girl,released,,-3053,3054,Video 0027,Video,ManyVids,1,4.98,2.99,,,,0.0,master content release date,high,,ManyVids,,,,,,,content_group_summary
Released,2018-06-20,Hitachi Makes Me Squirt,released,,-2943,2944,Video 0031,Video,ManyVids,2,9.97,5.98,,,5.98,0.0,master content release date,high,,ManyVids,,,,,,,content_group_summary
Released,2018-10-11,Big Horny Housewife,released,,-2830,2831,Video 0035,Video,ManyVids,6,29.9,17.94,,,17.94,0.01,master content release date,high,,ManyVids,,,,,,,content_group_summary
Released,2018-11-19,Fat Goddess Fucks Pussy,released,,-2791,2792,Video 0037,Video,ManyVids,3,14.95,8.97,,,8.97,0.0,master content release date,high,,ManyVids,,,,,,,content_group_summary
Released,2018-12-01,Lady Needs Your Cum,released,,-2779,2780,Video 0038,Video,ManyVids,1,4.98,2.99,,,,0.0,master content release date,high,,ManyVids,,,,,,,content_group_summary
Released,2019-02-18,I Need V-day Dick,released,,-2700,2701,Video 0041,Video,ManyVids,2,9.97,5.98,,,5.98,0.0,master content release date,high,,ManyVids,,,,,,,content_group_summary
Released,2019-03-21,Lady in Black,released,,-2669,2670,Video 0042,Video,ManyVids,3,14.95,8.97,,,8.97,0.0,master content release date,high,,ManyVids,,,,,,,content_group_summary
Released,2019-04-30,Lady Loves to Play,released,,-2629,2630,Video 0045,Video,ManyVids,1,4.98,2.99,,,,0.0,master content release date,high,,ManyVids,,,,,,,content_group_summary
Released,2019-05-28,Fat Girl in Skimpy Lingerie,released,,-2601,2602,Video 0047,Video,ManyVids,3,14.95,8.97,,,8.97,0.0,master content release date,high,,ManyVids,,,,,,,content_group_summary
Released,2019-07-26,Sexy Soft Curves,released,,-2542,2543,Video 0049,Video,ManyVids,2,9.97,5.98,,,5.98,0.0,master content release date,high,,ManyVids,,,,,,,content_group_summary
Released,2019-08-07,Jack Off To My Fat,released,,-2530,2531,Video 0050,Video,ManyVids,1,4.98,2.99,,,,0.0,master content release date,high,,ManyVids,,,,,,,content_group_summary
Released,2019-09-03,Bouncing Twerking and Grinding,released,,-2503,2504,Video 0052,Video,ManyVids,1,4.98,2.99,,,,0.0,master content release date,high,,ManyVids,,,,,,,content_group_summary
Released,2019-09-13,Weight on Your Chest,released,,-2493,2494,Video 0053,Video,Clips4Sale,3,35.95,21.57,,,21.57,0.01,master content release date,high,,Clips4Sale,,,,,,,content_group_summary
Released,2019-09-20,Devouring Powdered Donuts,released,,-2486,2487,Video 0054,Video,ManyVids,1,4.98,2.99,,,,0.0,master content release date,high,,ManyVids,,,,,,,content_group_summary
Released,2019-10-05,65 Inch Ass Worship,released,,-2471,2472,Video 0055,Video,Clips4Sale,1,9.98,5.99,,,5.99,0.0,master content release date,high,,Clips4Sale,,,,,,,content_group_summary
Released,2019-10-05,Chubby Squirting Pussy,released,,-2471,2472,Video 0056,Video,ManyVids,4,19.93,11.96,,,11.96,0.0,master content release date,high,,ManyVids,,,,,,,content_group_summary
Released,2019-10-23,Touring My Fat Jiggly Body,released,,-2453,2454,Video 0057,Video,"Clips4Sale, ManyVids",3,20.95,12.57,,,12.57,0.01,master content release date,high,,"Clips4Sale, ManyVids",,,,,,,content_group_summary
Released,2019-10-24,Begging for Your Cock,released,,-2452,2453,Video 0058,Video,"ManyVids, OnlyFans",2,23.98,18.19,,,,0.01,master content release date,high,,"ManyVids, OnlyFans",,,,,,,content_group_summary
Released,2019-11-01,Not in Kansas,released,,-2444,2445,Video 0059,Video,ManyVids,5,24.92,14.95,,,14.95,0.01,master content release date,high,,ManyVids,,,,,,,content_group_summary
Released,2019-11-13,Fuck Me POV,released,,-2432,2433,Video 0061,Video,"ManyVids, ModelCentro",2,19.97,13.1,,,13.1,0.01,master content release date,high,,"ManyVids, ModelCentro",,,,,,,content_group_summary
Released,2019-11-19,50 Wing Binge,released,,-2426,2427,Video 0062,Video,ManyVids,2,9.97,5.98,2.99,2.99,5.98,0.0,master content release date,high,,ManyVids,,,,,,,content_group_summary
Released,2019-11-19,Juicy Pussy Play,released,,-2426,2427,Video 0063,Video,ManyVids,1,4.98,2.99,,,,0.0,master content release date,high,,ManyVids,,,,,,,content_group_summary
Released,2019-11-29,Oiled-Up Bouncing,released,,-2416,2417,Video 0064,Video,Clips4Sale,2,23.97,14.38,,,14.38,0.01,master content release date,high,,Clips4Sale,,,,,,,content_group_summary
Released,2019-12-30,BBW Bubble Bath,released,,-2385,2386,Video 0066,Video,Clips4Sale,1,13.98,8.39,,,8.39,0.0,master content release date,high,,Clips4Sale,,,,,,,content_group_summary
Released,2020-01-14,Fatty in the Shower,released,,-2370,2371,Video 0069,Video,"Clips4Sale, ManyVids",2,19.96,11.98,,,11.98,0.01,master content release date,high,,"Clips4Sale, ManyVids",,,,,,,content_group_summary
Released,2020-02-16,Jiggly Catwalk,released,,-2337,2338,Video 0072,Video,Clips4Sale,2,17.97,10.78,,,10.78,0.0,master content release date,high,,Clips4Sale,,,,,,,content_group_summary
Released,2020-03-15,Big Ass in Blue Jeans,released,,-2309,2310,Video 0074,Video,Clips4Sale,1,12.98,7.79,,,7.79,0.0,master content release date,high,,Clips4Sale,,,,,,,content_group_summary
Released,2020-04-01,BBW Twerks and Fucks With Toy,released,,-2292,2293,Video 0077,Video,ModelCentro,3,38.97,26.28,8.76,8.76,26.28,0.01,master content release date,high,,ModelCentro,,,,,,,content_group_summary
Released,2020-04-05,Fat Stripper Gives You a Lapdance,released,,-2288,2289,Video 0078,Video,"Clips4Sale, ManyVids",4,43.93,26.36,,,26.36,0.01,master content release date,high,,"Clips4Sale, ManyVids",,,,,,,content_group_summary
Released,2020-04-11,Horny Pillow Grinding,released,,-2282,2283,Video 0079,Video,"Clips4Sale, ManyVids",5,48.91,29.35,,,29.35,0.01,master content release date,high,,"Clips4Sale, ManyVids",,,,,,,content_group_summary
Released,2020-04-19,Cum in My Hairy Pussy,released,,-2274,2275,Video 0080,Video,"ManyVids, ModelCentro",2,15.97,10.33,,,10.33,0.0,master content release date,high,,"ManyVids, ModelCentro",,,,,,,content_group_summary
Released,2020-04-25,Flopping My Fat Around,released,,-2268,2269,Video 0082,Video,"Clips4Sale, ManyVids",2,15.96,9.58,,,9.58,0.0,master content release date,high,,"Clips4Sale, ManyVids",,,,,,,content_group_summary
Released,2020-06-07,400lbs Bouncing on Your Cock,released,,-2225,2226,Video 0090,Video,ManyVids,1,7.98,4.79,,,,0.0,master content release date,high,,ManyVids,,,,,,,content_group_summary
Released,2020-06-07,Snack Cake Stuffing,released,,-2225,2226,Video 0091,Video,Clips4Sale,1,15.98,9.59,,,9.59,0.0,master content release date,high,,Clips4Sale,,,,,,,content_group_summary
Released,2020-06-14,POV Fucking and Sucking,released,,-2218,2219,Video 0092,Video,ManyVids,2,23.97,14.38,,,14.38,0.01,master content release date,high,,ManyVids,,,,,,,content_group_summary
Released,2020-07-05,Smoking and Sensual Rubbing,released,,-2197,2198,Video 0094,Video,Clips4Sale,4,39.93,23.96,,,23.96,0.01,master content release date,high,,Clips4Sale,,,,,,,content_group_summary
Released,2020-07-13,Huge Twerking Ass and Dripping Chubby Pussy,released,,-2189,2190,Video 0095,Video,ManyVids,1,11.98,7.19,,,7.19,0.0,master content release date,high,,ManyVids,,,,,,,content_group_summary
Released,2020-07-21,Fattened Up For Master,released,,-2181,2182,Video 0096,Video,ManyVids,1,19.98,11.99,11.99,11.99,11.99,0.01,master content release date,high,,ManyVids,,,,,,,content_group_summary
Released,2020-07-26,Tight Dress Belly Bouncing,released,,-2176,2177,Video 0097,Video,"Clips4Sale, ManyVids",5,29.92,17.95,,,17.95,0.01,master content release date,high,,"Clips4Sale, ManyVids",,,,,,,content_group_summary
Released,2020-08-02,Cover You In Cum POV,released,,-2169,2170,Video 0098,Video,Clips4Sale,5,49.92,29.95,,,29.95,0.01,master content release date,high,,Clips4Sale,,,,,,,content_group_summary
Released,2020-08-05,Fattened Up For Master Part II,released,,-2166,2167,Video 0099,Video,ManyVids,1,19.98,11.99,,,11.99,0.01,master content release date,high,,ManyVids,,,,,,,content_group_summary
Released,2020-08-09,Ass Worship in Tights and Heels,released,,-2162,2163,Video 0100,Video,Clips4Sale,1,10.98,6.59,,,6.59,0.0,master content release date,high,,Clips4Sale,,,,,,,content_group_summary
Released,2020-08-23,Hot Pink Catwalk and Fat Bouncing,released,,-2148,2149,Video 0102,Video,"Clips4Sale, ManyVids",3,23.95,14.37,,,14.37,0.01,master content release date,high,,"Clips4Sale, ManyVids",,,,,,,content_group_summary
Released,2020-09-14,Oiled BBW Slides Naked on Air Mattress,released,,-2126,2127,Video 0104,Video,ManyVids,1,10.98,6.59,,,6.59,0.0,master content release date,high,,ManyVids,,,,,,,content_group_summary
Released,2020-09-14,Spying on Your Hot Roommate,released,,-2126,2127,Video 0105,Video,ManyVids,1,10.98,6.59,,,6.59,0.0,master content release date,high,,ManyVids,,,,,,,content_group_summary
Released,2020-09-27,Full Body Measurements,released,,-2113,2114,Video 0107,Video,Clips4Sale,1,8.98,5.39,,,,0.0,master content release date,high,,Clips4Sale,,,,,,,content_group_summary
Released,2020-10-11,Come Back to Bed POV,released,,-2099,2100,Video 0109,Video,ManyVids,2,21.97,13.18,13.18,13.18,13.18,0.01,master content release date,high,,ManyVids,,,,,,,content_group_summary
Released,2020-10-18,Solo Shower Sex,released,,-2092,2093,Video 0110,Video,"Clips4Sale, ManyVids",2,21.96,13.18,,,13.18,0.01,master content release date,high,,"Clips4Sale, ManyVids",,,,,,,content_group_summary
Released,2020-10-24,Stuffing My Face With Pizza,released,,-2086,2087,Video 0111,Video,"ManyVids, OnlyFans",25,902.74,719.2,,,8.99,0.34,master content release date,high,,"ManyVids, OnlyFans",,,,,,,content_group_summary
Released,2020-11-08,Sexy Body Bouncing and Jiggling,released,,-2071,2072,Video 0113,Video,Clips4Sale,1,9.98,5.99,,,5.99,0.0,master content release date,high,,Clips4Sale,,,,,,,content_group_summary
Released,2020-11-17,Ass Clapping and Dildo Riding,released,,-2062,2063,Video 0114,Video,ManyVids,1,10.98,6.59,,,6.59,0.0,master content release date,high,,ManyVids,,,,,,,content_group_summary
Released,2020-11-17,BBW Shower,released,,-2062,2063,exact-title:bbw-shower,Video,Clips4Sale,1,12.98,7.79,,,7.79,0.0,C4S date added,medium,,Clips4Sale,,,,,,,content_group_summary
Released,2020-11-29,Red Satin Shorts Fat Booty Worship,released,,-2050,2051,Video 0116,Video,Clips4Sale,6,41.9,25.14,4.19,4.19,25.14,0.01,master content release date,high,,Clips4Sale,,,,,,,content_group_summary
Released,2020-12-13,Cozy Winter Pussy Play,released,,-2036,2037,Video 0117,Video,ManyVids,1,7.98,4.79,,,,0.0,master content release date,high,,ManyVids,,,,,,,content_group_summary
Released,2021-01-03,Your Cum Makes Me Gain,released,,-2015,2016,Video 0119,Video,"Clips4Sale, ManyVids",6,71.9,43.14,,,43.14,0.02,master content release date,high,,"Clips4Sale, ManyVids",,,,,,,content_group_summary
Released,2021-01-10,Fat Nut on My Tits,released,,-2008,2009,Video 0120,Video,Clips4Sale,1,14.98,8.99,,,8.99,0.0,master content release date,high,,Clips4Sale,,,,,,,content_group_summary
Released,2021-01-27,Smoky BJ and Pussy Vibe,released,,-1991,1992,Video 0121,Video,Clips4Sale,2,25.97,15.58,,,15.58,0.01,master content release date,high,,Clips4Sale,,,,,,,content_group_summary
Released,2021-01-31,Persimmon Season - Ripe Series vol. 1,released,,-1987,1988,Video 0122,Video,ManyVids,1,15.98,9.59,,,9.59,0.0,master content release date,high,,ManyVids,,,,,,,content_group_summary
Released,2021-02-19,Getting Naughty at the Airbnb,released,,-1968,1969,Video 0123,Video,ManyVids,3,35.95,21.57,7.19,7.19,21.57,0.01,master content release date,high,,ManyVids,,,,,,,content_group_summary
Released,2021-03-04,Stroke and Cum Together,released,,-1955,1956,Video 0124,Video,Clips4Sale,2,25.97,15.58,,,15.58,0.01,master content release date,high,,Clips4Sale,,,,,,,content_group_summary
Released,2021-03-14,Underwater Body Jiggle,released,,-1945,1946,Video 0125,Video,"ManyVids, ModelCentro",3,40.96,25.54,,,25.54,0.01,master content release date,high,,"ManyVids, ModelCentro",,,,,,,content_group_summary
Released,2021-03-25,Creampie My Pussy,released,,-1934,1935,Video 0126,Video,"ManyVids, ModelCentro",3,48.96,30.49,,,30.49,0.02,master content release date,high,,"ManyVids, ModelCentro",,,,,,,content_group_summary
Released,2021-04-04,BBW Striptease and Lapdance POV,released,,-1924,1925,Video 0128,Video,Clips4Sale,2,25.97,15.58,,,15.58,0.01,master content release date,high,,Clips4Sale,,,,,,,content_group_summary
Released,2021-04-29,Riding Your Face and Your Cock POV,released,,-1899,1900,Video 0130,Video,"ManyVids, ModelCentro",2,24.97,15.8,,,15.8,0.01,master content release date,high,,"ManyVids, ModelCentro",,,,,,,content_group_summary
Released,2021-05-24,Squirting Dildo Riding and Facial Cumshot,released,,-1874,1875,Video 0133,Video,ManyVids,3,38.95,23.37,,,23.37,0.01,master content release date,high,,ManyVids,,,,,,,content_group_summary
Released,2021-06-12,Fat Jiggly Ass,released,,-1855,1856,Video 0135,Video,"ManyVids, ModelCentro",2,20.97,13.33,,,13.33,0.01,master content release date,high,,"ManyVids, ModelCentro",,,,,,,content_group_summary
Released,2021-06-24,Struggling to Stand,released,,-1843,1844,Video 0137,Video,Clips4Sale,1,10.98,6.59,,,6.59,0.0,master content release date,high,,Clips4Sale,,,,,,,content_group_summary
Released,2021-07-12,Oiling Up My Fat,released,,-1825,1826,Video 0139,Video,ManyVids,1,16.98,10.19,,,10.19,0.01,master content release date,high,,ManyVids,,,,,,,content_group_summary
Released,2021-08-08,Dildo Fucking My Wet and Drippy Pussy,released,,-1798,1799,Video 0140,Video,Clips4Sale,1,16.98,10.19,,,10.19,0.01,master content release date,high,,Clips4Sale,,,,,,,content_group_summary
Released,2021-08-29,Cumming is the Best Exercise,released,,-1777,1778,Video 0142,Video,"Clips4Sale, ModelCentro",3,23.99,15.21,,,15.21,0.01,master content release date,high,,"Clips4Sale, ModelCentro",,,,,,,content_group_summary
Released,2021-09-03,Stripper Lets You Fuck in VIP - POV solo,released,,-1772,1773,Video 0143,Video,"Clips4Sale, ManyVids, ModelCentro",6,58.95,37.82,,,37.82,0.02,master content release date,high,,"Clips4Sale, ManyVids, ModelCentro",,,,,,,content_group_summary
Released,2021-09-06,Sweaty Fatty Makes You Lick Her Crevices,released,,-1769,1770,Video 0144,Video,ModelCentro,1,14.99,10.11,,,10.11,0.01,master content release date,high,,ModelCentro,,,,,,,content_group_summary
Released,2021-09-17,Spread and Begging for Anal,released,,-1758,1759,Video 0145,Video,"Clips4Sale, ManyVids, ModelCentro",5,45.97,28.4,,,28.4,0.02,master content release date,high,,"Clips4Sale, ManyVids, ModelCentro",,,,,,,content_group_summary
Released,2021-09-23,Feedee BBW Wants to Stop Gaining POV,released,,-1752,1753,Video 0146,Video,"Clips4Sale, ManyVids",4,49.97,29.98,9.59,9.59,29.98,0.02,master content release date,high,,"Clips4Sale, ManyVids",,,,,,,content_group_summary
Released,2021-09-26,Donut Stuffing and Glass Dildo Riding,released,,-1749,1750,Video 0147,Video,"Clips4Sale, ModelCentro",2,18.99,12.29,,,12.29,0.01,master content release date,high,,"Clips4Sale, ModelCentro",,,,,,,content_group_summary
Released,2021-10-02,Masturbating Together,released,,-1743,1744,Video 0148,Video,Clips4Sale,3,25.5,15.3,,,15.3,0.01,master content release date,high,,Clips4Sale,,,,,,,content_group_summary
Released,2021-10-09,Dripping On Your Face,released,,-1736,1737,Video 0149,Video,"Clips4Sale, ManyVids",3,27.98,16.79,,,16.79,0.01,master content release date,high,,"Clips4Sale, ManyVids",,,,,,,content_group_summary
Released,2021-10-19,Fat Naked Yoga,released,,-1726,1727,Video 0150,Video,"Clips4Sale, ManyVids",5,40.98,24.59,,,24.59,0.01,master content release date,high,,"Clips4Sale, ManyVids",,,,,,,content_group_summary
Released,2021-10-25,Fat Tease and Fucking,released,,-1720,1721,Video 0151,Video,"Clips4Sale, ManyVids",2,20.98,12.59,,,12.59,0.01,master content release date,high,,"Clips4Sale, ManyVids",,,,,,,content_group_summary
Released,2021-11-08,Feeling Myself in the Mirror,released,,-1706,1707,Video 0152,Video,Clips4Sale,2,17.0,10.2,,,10.2,0.01,master content release date,high,,Clips4Sale,,,,,,,content_group_summary
Released,2021-11-14,Fat Party Girl Gets the Wrong Room,released,,-1700,1701,Video 0153,Video,"Clips4Sale, ManyVids, ModelCentro",17,143.41,87.84,7.19,7.19,87.84,0.05,master content release date,high,,"Clips4Sale, ManyVids, ModelCentro",,,,,,,content_group_summary
Released,2021-11-23,Fat Bouncing in the Shower,released,,-1691,1692,Video 0154,Video,Clips4Sale,2,13.0,7.8,,,7.8,0.0,master content release date,high,,Clips4Sale,,,,,,,content_group_summary
Released,2021-12-06,Fuck Me in the Window,released,,-1678,1679,Video 0156,Video,Clips4Sale,2,14.0,8.4,,,8.4,0.01,master content release date,high,,Clips4Sale,,,,,,,content_group_summary
Released,2021-12-21,Jumping on the Squeaky Bed,released,,-1663,1664,Video 0157,Video,Clips4Sale,6,39.0,23.4,,,23.4,0.01,master content release date,high,,Clips4Sale,,,,,,,content_group_summary
Released,2021-12-26,Hiding from the Holiday Party,released,,-1658,1659,Video 0158,Video,"Clips4Sale, ManyVids",3,27.98,16.79,,,16.79,0.01,master content release date,high,,"Clips4Sale, ManyVids",,,,,,,content_group_summary
Released,2022-01-28,Jean Shorts Face-Sitting,released,,-1625,1626,Video 0159,Video,"Clips4Sale, ManyVids",6,38.48,23.09,,,23.09,0.01,master content release date,high,,"Clips4Sale, ManyVids",,,,,,,content_group_summary
Released,2022-02-16,Side-view Sucking and Riding,released,,-1606,1607,Video 0160,Video,"Clips4Sale, ManyVids",6,45.48,27.29,,,27.29,0.02,master content release date,high,,"Clips4Sale, ManyVids",,,,,,,content_group_summary
Released,2022-03-15,Burrito Binge,released,,-1579,1580,Video 0161,Video,Clips4Sale,1,9.0,5.4,,,,0.0,master content release date,high,,Clips4Sale,,,,,,,content_group_summary
Released,2022-03-29,POV Morning Sex,released,,-1565,1566,Video 0162,Video,"Clips4Sale, ManyVids, ModelCentro",10,88.94,54.18,7.79,19.1,54.18,0.03,master content release date,high,,"Clips4Sale, ManyVids, ModelCentro",,,,,,,content_group_summary
Released,2022-05-07,Kneel and Eat My Fat Pussy,released,,-1526,1527,Video 0163,Video,"Clips4Sale, ManyVids, ModelCentro",6,75.46,46.47,,,46.47,0.03,master content release date,high,,"Clips4Sale, ManyVids, ModelCentro",,,,,,,content_group_summary
Released,2022-11-29,BBW Catwalk Bounce and Tease in Heels,released,,-1320,1321,Video 0165,Video,"Clips4Sale, ManyVids",2,25.98,15.59,,5.4,15.59,0.01,master content release date,high,,"Clips4Sale, ManyVids",,,,,,,content_group_summary
Released,2022-12-16,SSBBW Giantess GFE,released,,-1303,1304,Video 0167,Video,Clips4Sale,5,42.5,25.5,,,25.5,0.02,master content release date,high,,Clips4Sale,,,,,,,content_group_summary
Released,2022-12-17,SSBBW Black Bikini Catwalk in Heels,released,,-1302,1303,Video 0168,Video,Clips4Sale,2,16.0,9.6,,,9.6,0.01,master content release date,high,,Clips4Sale,,,,,,,content_group_summary
Released,2022-12-30,BBW Bra Changing JOI w/ Cum Countdown,released,,-1289,1290,Video 0169,Video,Clips4Sale,1,9.5,5.7,,,5.7,0.0,master content release date,high,,Clips4Sale,,,,,,,content_group_summary
Released,2023-01-06,SSBBW No Hands Cake Stuffing,released,,-1282,1283,Video 0170,Video,Clips4Sale,5,35.0,21.0,,,21.0,0.02,master content release date,high,,Clips4Sale,,,,,,,content_group_summary
Released,2023-01-17,Milkshake and Soda Bloated Belly Belching,released,,-1271,1272,Video 0171,Video,"Clips4Sale, Curvage",7,68.04,46.66,,8.04,46.66,0.04,master content release date,high,,"Clips4Sale, Curvage",,,,,,,content_group_summary
Released,2023-03-02,Little Black Dress SSBBW Catwalk,released,,-1227,1228,Video 0172,Video,Clips4Sale,1,9.0,5.4,,,,0.0,master content release date,high,,Clips4Sale,,,,,,,content_group_summary
Released,2023-03-09,Fatty Catwalks in Blue Lace and Heels,released,,-1220,1221,Video 0173,Video,Clips4Sale,2,19.0,11.4,,,11.4,0.01,master content release date,high,,Clips4Sale,,,,,,,content_group_summary
Released,2023-03-15,Bouncing on Your Cock,released,,-1214,1215,Video 0174,Video,"Clips4Sale, ManyVids",6,48.98,29.39,,,29.39,0.02,master content release date,high,,"Clips4Sale, ManyVids",,,,,,,content_group_summary
Released,2023-04-25,Stuffing My Face with Fast Food,released,,-1173,1174,Video 0176,Video,Clips4Sale,3,28.5,17.1,,,17.1,0.01,master content release date,high,,Clips4Sale,,,,,,,content_group_summary
Released,2023-05-03,Fat Dom GF Makes you Clean Sweaty Ass and Pussy,released,,-1165,1166,Video 0177,Video,"Clips4Sale, ManyVids, ModelCentro",12,187.8,113.58,,8.09,113.58,0.1,master content release date,high,,"Clips4Sale, ManyVids, ModelCentro",,,,,,,content_group_summary
Released,2023-05-30,SSBBW Ass Worship in Thong and Tights,released,,-1138,1139,Video 0181,Video,ModelCentro,1,15.99,10.79,,10.79,10.79,0.01,master content release date,high,,ModelCentro,,,,,,,content_group_summary
Released,2023-05-31,SSBBW Lingerie Tease and JOI w Countdown,released,,-1137,1138,Video 0182,Video,"Clips4Sale, ManyVids",2,31.96,19.18,,,19.18,0.02,master content release date,high,,"Clips4Sale, ManyVids",,,,,,,content_group_summary
Released,2023-06-07,Hot Fatty Stuffs a Dozen Ice Cream Sandwiches,released,,-1130,1131,Video 0183,Video,Curvage,3,28.72,21.04,6.54,6.54,21.04,0.02,master content release date,high,,Curvage,,,,,,,content_group_summary
Released,2023-06-13,SSBBW Shiny Slippery Oil Play,released,,-1124,1125,Video 0184,Video,ManyVids,1,16.98,10.19,,,10.19,0.01,master content release date,high,,ManyVids,,,,,,,content_group_summary
Released,2023-06-21,Chair Breaking Under Huge SSBBW,released,,-1116,1117,Video 0186,Video,"Clips4Sale, Curvage",9,219.86,134.71,,,134.71,0.12,master content release date,high,,"Clips4Sale, Curvage",,,,,,,content_group_summary
Released,2023-07-07,Fat Girl Walks in Sexy Black Bodystocking,released,,-1100,1101,Video 0187,Video,"Clips4Sale, ManyVids",5,90.91,54.55,,22.78,54.55,0.05,master content release date,high,,"Clips4Sale, ManyVids",,,,,,,content_group_summary
Released,2023-07-21,SSBBW Solo POV BJ and Fuck,released,,-1086,1087,Video 0188,Video,ManyVids,2,27.97,16.78,8.39,8.39,16.78,0.02,master content release date,high,,ManyVids,,,,,,,content_group_summary
Released,2023-07-31,Tight Clothes Make Growing SSBBW Horny,released,,-1076,1077,Video 0191,Video,"Clips4Sale, ModelCentro",6,89.92,57.09,9.44,9.44,57.09,0.05,master content release date,high,,"Clips4Sale, ModelCentro",,,,,,,content_group_summary
Released,2023-08-24,Fatty Chugs Three Large Milkshakes,released,,-1052,1053,Video 0192,Video,Clips4Sale,1,26.98,16.19,,,16.19,0.02,master content release date,high,,Clips4Sale,,,,,,,content_group_summary
Released,2023-08-31,SSBBW Car Struggles and Topless Driving,released,,-1045,1046,Video 0194,Video,Clips4Sale,7,146.88,88.13,,,88.13,0.08,master content release date,high,,Clips4Sale,,,,,,,content_group_summary
Released,2023-09-03,SSBBW Loves Being Bigger Than You,released,,-1042,1043,Video 0195,Video,Clips4Sale,4,71.93,43.16,,,43.16,0.04,master content release date,high,,Clips4Sale,,,,,,,content_group_summary
Released,2023-09-06,Fat Fitness Instructor Causes Shaking,released,,-1039,1040,Video 0196,Video,Clips4Sale,1,13.98,8.39,,,8.39,0.01,master content release date,high,,Clips4Sale,,,,,,,content_group_summary
Released,2023-09-20,Worship My Fat SSBBW Body,released,,-1025,1026,Video 0197,Video,Clips4Sale,1,22.98,13.79,,,13.79,0.01,master content release date,high,,Clips4Sale,,,,,,,content_group_summary
Released,2023-10-05,Naked Fatty Tells You How to Stroke,released,,-1010,1011,Video 0198,Video,Clips4Sale,1,17.98,10.79,,,10.79,0.01,master content release date,high,,Clips4Sale,,,,,,,content_group_summary
Released,2023-10-05,Vibe Until I Cum,released,,-1010,1011,Video 0199,Video,"Clips4Sale, ManyVids, ModelCentro",7,96.89,59.1,,,59.1,0.06,master content release date,high,,"Clips4Sale, ManyVids, ModelCentro",,,,,,,content_group_summary
Released,2023-10-16,Gaining Cheerleader Girlfriend,released,,-999,1000,Video 0200,Video,ModelCentro,1,17.99,12.14,,12.14,12.14,0.01,master content release date,high,,ModelCentro,,,,,,,content_group_summary
Released,2023-10-18,Witch's Brew,released,,-997,998,Video 0201,Video,"Clips4Sale, ManyVids",4,63.94,38.36,,,38.36,0.04,master content release date,high,,"Clips4Sale, ManyVids",,,,,,,content_group_summary
Released,2023-11-10,BBW Struts and Jiggles Out of My Jeans,released,,-974,975,Video 0202,Video,ModelCentro,1,14.99,10.11,,10.11,10.11,0.01,master content release date,high,,ModelCentro,,,,,,,content_group_summary
Released,2023-11-18,Friends With Benefits,released,,-966,967,Video 0203,Video,"Clips4Sale, ManyVids, ModelCentro",18,299.72,183.18,,10.11,183.18,0.19,master content release date,high,,"Clips4Sale, ManyVids, ModelCentro",,,,,,,content_group_summary
Released,2023-11-27,SSBBW Babe Gobbles Entire Pie,released,,-957,958,Video 0204,Video,Clips4Sale,1,23.98,14.39,,,14.39,0.02,master content release date,high,,Clips4Sale,,,,,,,content_group_summary
Released,2023-12-11,Bigger Than You Tease Part 2,released,,-943,944,Video 0206,Video,"Clips4Sale, ManyVids",4,67.93,40.76,,,40.76,0.04,master content release date,high,,"Clips4Sale, ManyVids",,,,,,,content_group_summary
Released,2023-12-17,SSBBW Gets Stuck in the Doorway,released,,-937,938,Video 0207,Video,"Clips4Sale, ManyVids",6,101.9,61.14,20.38,20.38,61.14,0.07,master content release date,high,,"Clips4Sale, ManyVids",,,,,,,content_group_summary
Released,2023-12-27,SSBBW Mrs Claus Lets You Eat Ass and Pussy,released,,-927,928,Video 0208,Video,"Clips4Sale, ManyVids",5,69.92,41.95,,,41.95,0.05,master content release date,high,,"Clips4Sale, ManyVids",,,,,,,content_group_summary
Released,2023-12-29,Morning SSBBW Fuck POV Solo,released,,-925,926,Video 0209,Video,"Clips4Sale, ManyVids",7,118.88,71.33,,,71.33,0.08,master content release date,high,,"Clips4Sale, ManyVids",,,,,,,content_group_summary
Released,2024-02-09,Jiggly Fatty Struts for You,released,,-883,884,Video 0213,Video,"Clips4Sale, Curvage",2,23.97,14.93,,,14.93,0.02,master content release date,high,,"Clips4Sale, Curvage",,,,,,,content_group_summary
Released,2024-02-22,SSBBW Jiggles Fat Thighs and Ass,released,,-870,871,Video 0214,Video,Clips4Sale,3,47.95,28.77,,,28.77,0.03,master content release date,high,,Clips4Sale,,,,,,,content_group_summary
Released,2024-03-09,Heavy Hanging Belly,released,,-854,855,Video 0215,Video,"Clips4Sale, ManyVids",6,83.9,50.34,,,50.34,0.06,master content release date,high,,"Clips4Sale, ManyVids",,,,,,,content_group_summary
Released,2024-03-10,Horny SSBBW Succubus Grows for Your Cum POV,released,,-853,854,Video 0216,Video,"Clips4Sale, Curvage",8,156.2,104.99,,,104.99,0.12,master content release date,high,,"Clips4Sale, Curvage",,,,,,,content_group_summary
Released,2024-03-14,Horny SSBBW Teases Fat Pussy VISION PRO (Spatial Video),released,,-849,850,exact-title:horny-ssbbw-teases-fat-pussy-vision-pro-spatial-video,Video,Clips4Sale,1,12.98,7.79,,,7.79,0.01,C4S date added,medium,,Clips4Sale,,,,,,,content_group_summary
Released,2024-03-15,Seducing You Into Impregnation,released,,-848,849,Video 0218,Video,"Clips4Sale, ManyVids",9,152.85,91.71,,10.19,91.71,0.11,master content release date,high,,"Clips4Sale, ManyVids",,,,,,,content_group_summary
Released,2024-03-18,Messy Whipped Cream Tits,released,,-845,846,Video 0219,Video,Clips4Sale,1,16.98,10.19,,,10.19,0.01,master content release date,high,,Clips4Sale,,,,,,,content_group_summary
Released,2024-03-23,Bouncing My Oiled-Up Fat,released,,-840,841,Video 0220,Video,"Clips4Sale, OnlyFans",2,31.97,19.18,,9.59,19.18,0.02,master content release date,high,,"Clips4Sale, OnlyFans",,,,,,,content_group_summary
Released,2024-03-31,Magical Belly Growth and Riding POV,released,,-832,833,Video 0221,Video,"Clips4Sale, ManyVids",11,252.82,151.69,,,151.69,0.18,master content release date,high,,"Clips4Sale, ManyVids",,,,,,,content_group_summary
Released,2024-04-01,Fatter Than the Pictures,released,,-831,832,Video 0222,Video,Clips4Sale,3,50.95,30.57,,,30.57,0.04,master content release date,high,,Clips4Sale,,,,,,,content_group_summary
Released,2024-04-01,Growing SSBBW Stuffs 5000 Calories While Sitting on You POV 🤤🌮,released,,-831,832,Video 0223,Video,Clips4Sale,3,74.95,44.97,,,44.97,0.05,master content release date,high,,Clips4Sale,,,,,,,content_group_summary
Released,2024-04-10,Jiggling SSBBW Working Out in Lingerie,released,,-822,823,Video 0224,Video,Curvage,2,37.46,27.68,,9.54,27.68,0.03,master content release date,high,,Curvage,,,,,,,content_group_summary
Released,2024-04-10,Squirting on the First Date,released,,-822,823,Video 0225,Video,"Clips4Sale, ManyVids",9,227.85,136.71,,,136.71,0.17,master content release date,high,,"Clips4Sale, ManyVids",,,,,,,content_group_summary
Released,2024-04-12,SSBBW Stuffs Burgers POV (VISION PRO),released,,-820,821,exact-title:ssbbw-stuffs-burgers-pov-vision-pro,Video,Clips4Sale,2,47.97,28.78,,,28.78,0.04,C4S date added,medium,,Clips4Sale,,,,,,,content_group_summary
Released,2024-04-20,Cuckolded By Your Feedee Girlfriend,released,,-812,813,Video 0227,Video,Clips4Sale,4,63.93,38.36,,,38.36,0.05,master content release date,high,,Clips4Sale,,,,,,,content_group_summary
Released,2024-04-22,Worship My Sweaty Ass,released,,-810,811,Video 0228,Video,"Clips4Sale, ManyVids",13,272.79,163.67,,,163.67,0.2,master content release date,high,,"Clips4Sale, ManyVids",,,,,,,content_group_summary
Released,2024-04-24,Unaware SSBBW Smokes and Outgrows Clothes,released,,-808,809,Video 0229,Video,Clips4Sale,2,33.97,20.38,,,20.38,0.03,master content release date,high,,Clips4Sale,,,,,,,content_group_summary
Released,2024-05-02,Large Pizza and Fat Pussy,released,,-800,801,Video 0231,Video,Clips4Sale,3,74.95,44.97,,,44.97,0.06,master content release date,high,,Clips4Sale,,,,,,,content_group_summary
Released,2024-05-06,Your Wife Accidentally Gains,released,,-796,797,Video 0232,Video,"Clips4Sale, ManyVids",8,196.86,118.12,,,118.12,0.15,master content release date,high,,"Clips4Sale, ManyVids",,,,,,,content_group_summary
Released,2024-05-10,Your Fave Hookup Got Fat,released,,-792,793,Video 0233,Video,"Clips4Sale, Curvage",6,117.91,75.44,12.54,12.54,75.44,0.1,master content release date,high,,"Clips4Sale, Curvage",,,,,,,content_group_summary
Released,2024-05-13,Fucking My Creamy Fat Pussy,released,,-789,790,Video 0234,Video,ManyVids,8,95.87,57.52,,,57.52,0.07,master content release date,high,,ManyVids,,,,,,,content_group_summary
Released,2024-05-16,Your Therapist Turns You Into a Feeder Part 1,released,,-786,787,Video 0235,Video,"Clips4Sale, ManyVids",8,199.86,119.92,14.99,14.99,119.92,0.15,master content release date,high,,"Clips4Sale, ManyVids",,,,,,,content_group_summary
Released,2024-06-07,Teasing You in My Mini Skirt,released,,-764,765,Video 0236,Video,"Clips4Sale, ManyVids",2,24.96,14.98,,8.39,14.98,0.02,master content release date,high,,"Clips4Sale, ManyVids",,,,,,,content_group_summary
Released,2024-06-14,Horny SSBBW Jiggles for Your Cum,released,,-757,758,Video 0237,Video,Clips4Sale,6,107.9,64.74,,10.79,64.74,0.09,master content release date,high,,Clips4Sale,,,,,,,content_group_summary
Released,2024-06-14,SSBBW Oiled Up Jiggling and Bouncing,released,,-757,758,Video 0238,Video,"Clips4Sale, ManyVids",3,60.95,36.57,,,36.57,0.05,master content release date,high,,"Clips4Sale, ManyVids",,,,,,,content_group_summary
Released,2024-06-21,SSBBW Giantess Rubs Pussy on You,released,,-750,751,Video 0239,Video,"Clips4Sale, ManyVids",7,104.88,62.93,,,62.93,0.08,master content release date,high,,"Clips4Sale, ManyVids",,,,,,,content_group_summary
Released,2024-06-25,Gaining SSBBW Makes Her Buttons Pop,released,,-746,747,Video 0240,Video,"Clips4Sale, ManyVids",4,59.93,35.96,,,35.96,0.05,master content release date,high,,"Clips4Sale, ManyVids",,,,,,,content_group_summary
Released,2024-07-01,Stuffing and Makeout POV,released,,-740,741,Video 0241,Video,"Clips4Sale, Curvage",19,502.55,337.29,,14.99,337.29,0.46,master content release date,high,,"Clips4Sale, Curvage",,,,,,,content_group_summary
Released,2024-07-04,Crawling Back to Your Fat Mistress,released,,-737,738,Video 0242,Video,"Clips4Sale, ManyVids",6,77.9,46.74,,,46.74,0.06,master content release date,high,,"Clips4Sale, ManyVids",,,,,,,content_group_summary
Released,2024-07-10,Hotel Concierge Fucking POV,released,,-731,732,Video 0243,Video,"Clips4Sale, ManyVids",20,359.66,215.8,32.37,53.95,215.8,0.29,master content release date,high,,"Clips4Sale, ManyVids",,,,,,,content_group_summary
Released,2024-07-11,Impregnation Fantasy Chat,released,,-730,731,Video 0244,Video,"Clips4Sale, Curvage",10,152.35,98.03,,9.54,98.03,0.13,master content release date,high,,"Clips4Sale, Curvage",,,,,,,content_group_summary
Released,2024-07-18,Belly Worship to Keep Your Job,released,,-723,724,Video 0245,Video,"Clips4Sale, Curvage, ManyVids",9,143.87,90.71,,,90.71,0.13,master content release date,high,,"Clips4Sale, Curvage, ManyVids",,,,,,,content_group_summary
Released,2024-07-22,Secretly Watching Masturbation,released,,-719,720,Video 0246,Video,Clips4Sale,4,59.93,35.96,,,35.96,0.05,master content release date,high,,Clips4Sale,,,,,,,content_group_summary
Released,2024-07-25,Anniversary Fuck POV,released,,-716,717,Video 0247,Video,"Clips4Sale, ManyVids",11,219.82,131.89,,,131.89,0.18,master content release date,high,,"Clips4Sale, ManyVids",,,,,,,content_group_summary
Released,2024-10-25,SSBBW Girlfriend Grows into 14-foot Giantess,released,,-624,625,Video 0248,Video,Clips4Sale,11,241.82,145.09,13.19,26.38,145.09,0.23,master content release date,high,,Clips4Sale,,,,,,,content_group_summary
Released,2024-10-27,SSBBW Ex Wants to Get Pregnant,released,,-622,623,Video 0249,Video,"Clips4Sale, ManyVids",26,363.57,218.14,8.39,8.39,218.14,0.35,master content release date,high,,"Clips4Sale, ManyVids",,,,,,,content_group_summary
Released,2024-10-30,Soda Chug and Burping,released,,-619,620,Video 0250,Video,Curvage,4,106.96,79.33,18.54,18.54,79.33,0.13,master content release date,high,,Curvage,,,,,,,content_group_summary
Released,2024-11-13,Cum for My Fat,released,,-605,606,Video 0251,Video,Clips4Sale,7,118.88,71.33,,,71.33,0.12,master content release date,high,,Clips4Sale,,,,,,,content_group_summary
Released,2024-11-16,Resist Temptation or Get Swallowed,released,,-602,603,Video 0252,Video,"Clips4Sale, ManyVids",6,149.9,89.94,,,89.94,0.15,master content release date,high,,"Clips4Sale, ManyVids",,,,,,,content_group_summary
Released,2024-11-20,Fresh Squeezed Fruit Crush,released,,-598,599,Video 0253,Video,Clips4Sale,6,131.9,79.14,,,79.14,0.13,master content release date,high,,Clips4Sale,,,,,,,content_group_summary
Released,2024-11-29,SSBBW Smokes After Thanksgiving Stuffing,released,,-589,590,Video 0254,Video,"Clips4Sale, Curvage",11,346.37,235.69,22.29,40.28,235.69,0.4,master content release date,high,,"Clips4Sale, Curvage",,,,,,,content_group_summary
Released,2024-12-04,Worship My Sweaty Fat,released,,-584,585,Video 0255,Video,"Clips4Sale, ManyVids",10,249.83,149.9,,,149.9,0.26,master content release date,high,,"Clips4Sale, ManyVids",,,,,,,content_group_summary
Released,2024-12-05,Mutual Gaining Fantasy,released,,-583,584,Video 0256,Video,"Clips4Sale, Curvage",12,304.43,193.92,14.99,14.99,193.92,0.33,master content release date,high,,"Clips4Sale, Curvage",,,,,,,content_group_summary
Released,2024-12-11,Cum for My Fat Part 2,released,,-577,578,Video 0257,Video,"Clips4Sale, ManyVids",13,229.78,137.87,,10.79,137.87,0.24,master content release date,high,,"Clips4Sale, ManyVids",,,,,,,content_group_summary
Released,2024-12-18,Measurements and Weigh-In,released,,-570,571,Video 0258,Video,"Clips4Sale, Curvage",4,162.29,115.47,,,115.47,0.2,master content release date,high,,"Clips4Sale, Curvage",,,,,,,content_group_summary
Released,2024-12-23,Boyfriend Gets Vored,released,,-565,566,Video 0259,Video,"Clips4Sale, Curvage, ManyVids",18,470.27,326.84,,,326.84,0.58,master content release date,high,,"Clips4Sale, Curvage, ManyVids",,,,,,,content_group_summary
Released,2025-02-17,Gaining for Daddy,released,,-509,510,Video 0260,Video,"Clips4Sale, Curvage",6,139.91,86.74,,,86.74,0.17,master content release date,high,,"Clips4Sale, Curvage",,,,,,,content_group_summary
Released,2025-02-20,Wife Wants to Stop Gaining the Reboot,released,,-506,507,Video 0261,Video,"Clips4Sale, ManyVids",22,483.64,290.18,26.38,52.76,290.18,0.57,master content release date,high,,"Clips4Sale, ManyVids",,,,,,,content_group_summary
Released,2025-02-28,Voyeur Watches Me Get Ready,released,,-498,499,Video 0262,Video,"Clips4Sale, ManyVids",7,147.88,88.73,,12.59,88.73,0.18,master content release date,high,,"Clips4Sale, ManyVids",,,,,,,content_group_summary
Released,2025-03-02,SSBBW Rips Leggings and Fucks Pussy,released,,-496,497,Video 0263,Video,"Clips4Sale, ManyVids",12,239.8,143.88,,,143.88,0.29,master content release date,high,,"Clips4Sale, ManyVids",,,,,,,content_group_summary
Released,2025-03-10,After-Gym Stuffing,released,,-488,489,Video 0264,Video,"Clips4Sale, Curvage, ManyVids",18,403.88,268.25,,11.99,268.25,0.55,master content release date,high,,"Clips4Sale, Curvage, ManyVids",,,,,,,content_group_summary
Released,2025-03-14,Dripping Wet Strip Tease,released,,-484,485,Video 0265,Video,Clips4Sale,8,175.87,105.52,,13.19,105.52,0.22,master content release date,high,,Clips4Sale,,,,,,,content_group_summary
Released,2025-04-11,Stuffing Until I'm Stuck,released,,-456,457,Video 0266,Video,"Clips4Sale, Curvage",18,546.31,355.88,,17.39,355.88,0.78,master content release date,high,,"Clips4Sale, Curvage",,,,,,,content_group_summary
Released,2025-04-16,SSBBW Burps and Farts While Stuffing,released,,-451,452,Video 0267,Video,"Clips4Sale, Curvage, ManyVids",32,1304.18,848.24,20.99,68.02,848.24,1.88,master content release date,high,,"Clips4Sale, Curvage, ManyVids",,,,,,,content_group_summary
Released,2025-04-23,Work Meeting Masturbation,released,,-444,445,Video 0268,Video,"Clips4Sale, ManyVids",15,329.75,197.85,,13.19,197.85,0.44,master content release date,high,,"Clips4Sale, ManyVids",,,,,,,content_group_summary
Released,2025-04-27,Therapist Turns You Into a Feeder Part 2,released,,-440,441,Video 0269,Video,"Clips4Sale, Curvage",5,124.92,78.5,18.54,18.54,78.5,0.18,master content release date,high,,"Clips4Sale, Curvage",,,,,,,content_group_summary
Released,2025-06-10,Neighbor Gets Bred,released,,-396,397,Video 0270,Video,"Clips4Sale, ManyVids",28,587.53,352.52,12.59,12.59,352.52,0.89,master content release date,high,,"Clips4Sale, ManyVids",,,,,,,content_group_summary
Released,2025-07-21,Co-workers' Revenge: Cake Stuffing and Rapid Growth,released,,-355,356,Video 0271,Video,"Clips4Sale, Curvage, ManyVids",77,2529.0,1708.89,33.58,33.58,1708.89,4.8,master content release date,high,,"Clips4Sale, Curvage, ManyVids",,,,,,,content_group_summary
Released,2025-07-27,Smoking a cigarette in an outgrown shirt,released,,-349,350,Video 0272,Video,Clips4Sale,9,170.85,102.51,,,102.51,0.29,master content release date,high,,Clips4Sale,,,,,,,content_group_summary
Released,2025-08-09,SSBBW Squashes You Under Ass and Feet,released,,-336,337,Video 0273,Video,"Clips4Sale, Curvage, ManyVids",27,708.32,469.12,,10.79,469.12,1.39,master content release date,high,,"Clips4Sale, Curvage, ManyVids",,,,,,,content_group_summary
Released,2025-08-16,Pantyhose Pussy Licking and Toe Sucking,released,,-329,330,Video 0274,Video,"Clips4Sale, ManyVids",10,219.84,131.9,,,131.9,0.4,master content release date,high,,"Clips4Sale, ManyVids",,,,,,,content_group_summary
Released,2025-09-14,Fitting My Fat Body,released,,-300,301,Video 0275,Video,Clips4Sale,10,279.83,167.9,,,167.9,0.56,master content release date,high,,Clips4Sale,,,,,,,content_group_summary
Released,2025-10-18,Hungry Girlfriend Ignores You,released,,-266,267,Video 0276,Video,"Clips4Sale, Curvage, ManyVids",23,367.63,227.17,11.79,21.38,227.17,0.85,master content release date,high,,"Clips4Sale, Curvage, ManyVids",,,,,,,content_group_summary
Released,2025-11-14,Dorothy Returns to Oz POV,released,,-239,240,Video 0277,Video,"Clips4Sale, ManyVids, OnlyFans",30,719.54,460.51,,,345.36,1.92,master content release date,high,,"Clips4Sale, ManyVids, OnlyFans",,,,,,,content_group_summary
Released,2025-11-19,Therapist Turns You Into a Feeder Part 3,released,,-234,235,Video 0278,Video,"Clips4Sale, Curvage, ManyVids",19,569.69,346.11,17.99,35.98,346.11,1.47,master content release date,high,,"Clips4Sale, Curvage, ManyVids",,,,,,,content_group_summary
Released,2025-12-01,Greedy SSBBW Stuffs Whole Thanksgiving Dinner,released,,-222,223,Video 0279,Video,"Clips4Sale, Curvage, ManyVids",66,2491.94,1716.9,23.79,23.79,1716.9,7.7,master content release date,high,,"Clips4Sale, Curvage, ManyVids",,,,,,,content_group_summary
Released,2025-12-26,Ex GF Got Fat - Holiday Hookup,released,,-197,198,Video 0280,Video,"Clips4Sale, Curvage, ManyVids",86,1880.58,1133.04,25.73,25.73,1133.04,5.72,master content release date,high,,"Clips4Sale, Curvage, ManyVids",,,,,,,content_group_summary
Released,2026-01-30,Gassy Giantess Gobbles You Up,released,,-162,163,Video 0281,Video,"Clips4Sale, Curvage, ManyVids, OnlyFans",147,3893.06,2642.84,,,1963.11,16.21,master content release date,high,,"Clips4Sale, Curvage, ManyVids, OnlyFans",,,,,,,content_group_summary
Released,2026-02-22,Diet Pills Gone Wrong,released,,-139,140,Video 0282,Video,"Clips4Sale, Curvage, ManyVids, OnlyFans",331,5401.34,3782.04,,29.02,3218.42,27.01,master content release date,high,,"Clips4Sale, Curvage, ManyVids, OnlyFans",,,,,,,content_group_summary
Released,2026-03-04,HR Fatty Makes You Her Feeder POV,released,,-129,130,Video 0283,Video,"Clips4Sale, Curvage, ManyVids, OnlyFans",237,4062.3,2857.49,20.78,41.56,2281.78,21.98,master content release date,high,,"Clips4Sale, Curvage, ManyVids, OnlyFans",,,,,,,content_group_summary
Released,2026-03-11,Stuffed Girlfriend Gets Gassy,released,,-122,123,Video 0284,Video,"Clips4Sale, Curvage, ManyVids, OnlyFans",205,4398.54,2995.89,26.78,65.55,2676.05,24.36,master content release date,high,,"Clips4Sale, Curvage, ManyVids, OnlyFans",,,,,,,content_group_summary
Released,2026-04-06,Exercise After Gaining,released,,-96,97,Video 0285,Video,"Clips4Sale, Curvage, ManyVids, OnlyFans",108,3368.18,2390.9,58.37,58.37,2010.24,24.65,master content release date,high,,"Clips4Sale, Curvage, ManyVids, OnlyFans",,,,,,,content_group_summary
Released,2026-04-20,Stuffed and Horny,released,,-82,83,Video 0286,Video,"Clips4Sale, ManyVids",58,2145.04,1287.02,22.19,22.19,1287.02,15.51,master content release date,high,,"Clips4Sale, ManyVids",,,,,,,content_group_summary
Released,2026-04-27,The Diet of a Gaining SSBBW,released,,-75,76,Video 0287,Video,"Clips4Sale, Curvage, ManyVids, OnlyFans",58,1623.18,1084.25,,16.79,770.76,14.27,master content release date,high,,"Clips4Sale, Curvage, ManyVids, OnlyFans",,,,,,,content_group_summary
Released,2026-05-04,Gaining SSBBW Wants to Reach 600lbs,released,,-68,69,Video 0288,Video,"Clips4Sale, Curvage, ManyVids, OnlyFans",153,3251.51,2283.63,26.78,50.76,1803.87,33.1,master content release date,high,,"Clips4Sale, Curvage, ManyVids, OnlyFans",,,,,,,content_group_summary
Released,2026-05-12,Greedy fatty gets messy stuffing cake!,released,,-60,61,exact-title:greedy-fatty-gets-messy-stuffing-cake,Video,Curvage,1,12.99,9.54,,,9.54,0.16,sale date,low,,Curvage,,,,,,,content_group_summary
Released,2026-05-12,Messy piggy stuffs chocolate cake!,released,,-60,61,exact-title:messy-piggy-stuffs-chocolate-cake,Video,Curvage,2,25.98,19.08,9.54,9.54,19.08,0.31,sale date,low,,Curvage,,,,,,,content_group_summary
Released,2026-05-21,Best Friend's Mom Teases You,released,,-51,52,Video 0289,Video,"Clips4Sale, Curvage, ManyVids, OnlyFans",349,9079.23,6079.85,147.11,340.59,4512.41,116.92,master content release date,high,,"Clips4Sale, Curvage, ManyVids, OnlyFans",,,,,,,content_group_summary
Released,2026-06-11,Fucking Your Stuffed SSBBW Girlfriend POV,released,,-30,31,Video 0290,Video,"Clips4Sale, ManyVids, OnlyFans",110,2315.33,1494.15,50.36,151.08,1074.35,48.2,master content release date,high,,"Clips4Sale, ManyVids, OnlyFans",,,,,,,content_group_summary
Released,2026-06-27,Greedy SSBBW Devours Roommates Leftovers,released,,-14,15,Video 0291,Video,"Clips4Sale, Curvage, ManyVids",94,3476.72,2315.91,298.38,784.19,2315.91,154.39,master content release date,high,,"Clips4Sale, Curvage, ManyVids",,,,,,,content_group_summary
Planned,2026-07-05,Weigh In Video,filming,high,-6,,,Planned,,,,,,,,,planned release date,planned,weigh-in progress update,,,,,,,Filming next release tomorrow.,planned_releases.csv
Planned,2026-07-09,Weigh In Video,target release,high,-2,,,Planned,,,,,,,,,planned release date,planned,weigh-in progress update,,,,,,,Target release date; schedule/upload ahead so July 10 stays clear.,planned_releases.csv
