canonical_content_id,canonical_title,content_group,release_date,match_status,mapping_status,listed_platforms,priced_platforms,platform_list,total_sales,total_gross,total_net,avg_net,c4s_sales,c4s_gross,c4s_net,curvage_sales,curvage_gross,curvage_net,manyvids_sales,manyvids_gross,manyvids_net,onlyfans_sales,onlyfans_gross,onlyfans_net,modelcentro_sales,modelcentro_gross,modelcentro_net,first_offered_date,latest_date,source_rows,debug_note
Video 0289,Best Friend's Mom Teases You,Video,2026-05-21,Manual confirmed match,mapped,"Clips4Sale, Curvage, ManyVids, ModelCentro","C4S, ManyVids, Curvage","Clips4Sale, Curvage, ManyVids, OnlyFans",343,8919.32,5981.11,17.44,158,4421.37,2652.82,85,1699.15,1257.15,30,839.5,503.7,70,1959.3,1567.44,0,0.0,0.0,2026-05-21,2026-07-06,64,catalog video row; platform revenue split from content_group_summary
Video 0282,Diet Pills Gone Wrong,Video,2026-02-22,Manual confirmed match,mapped,"Clips4Sale, Curvage, ManyVids, ModelCentro","C4S, ManyVids, Curvage","Clips4Sale, Curvage, ManyVids, OnlyFans",331,5401.6,3782.04,11.43,106,1588.23,952.94,160,2839.14,2103.66,18,269.7,161.82,47,704.53,563.62,0,0.0,0.0,2026-02-22,2026-07-01,74,catalog video row; platform revenue split from content_group_summary
Video 0284,Stuffed Girlfriend Gets Gassy,Video,2026-03-11,Manual confirmed match,mapped,"Clips4Sale, Curvage, ManyVids, ModelCentro","C4S, ManyVids, Curvage","Clips4Sale, Curvage, ManyVids, OnlyFans",204,4378.77,2983.9,14.63,95,1898.42,1139.05,83,1960.65,1453.07,6,119.9,71.94,20,399.8,319.84,0,0.0,0.0,2026-03-11,2026-07-06,41,catalog video row; platform revenue split from content_group_summary
Video 0283,HR Fatty Makes You Her Feeder POV,Video,2026-03-04,Manual confirmed match,mapped,"Clips4Sale, Curvage, ManyVids, ModelCentro","C4S, ManyVids, Curvage","Clips4Sale, Curvage, ManyVids, OnlyFans",237,4062.49,2857.49,12.06,58,1159.03,695.42,132,1964.0,1454.47,11,219.82,131.89,36,719.64,575.71,0,0.0,0.0,2026-03-04,2026-07-06,63,catalog video row; platform revenue split from content_group_summary
Video 0281,Gassy Giantess Gobbles You Up,Video,2026-01-30,Manual confirmed match,mapped,"Clips4Sale, Curvage, ManyVids, ModelCentro","C4S, ManyVids, Curvage","Clips4Sale, Curvage, ManyVids, OnlyFans",147,3893.15,2642.84,17.98,77,1923.72,1154.23,30,969.87,718.94,6,149.9,89.94,34,849.66,679.73,0,0.0,0.0,2026-01-30,2026-06-17,27,catalog video row; platform revenue split from content_group_summary
Video 0285,Exercise After Gaining,Video,2026-04-06,Manual confirmed match,mapped,"Clips4Sale, Curvage, ManyVids, ModelCentro","C4S, ManyVids, Curvage","Clips4Sale, Curvage, ManyVids, OnlyFans",104,3256.41,2310.14,22.21,26,727.57,436.54,55,1885.12,1397.8,7,195.88,117.53,16,447.84,358.27,0,0.0,0.0,2026-04-06,2026-06-23,37,catalog video row; platform revenue split from content_group_summary
Video 0288,Gaining SSBBW Wants to Reach 600lbs,Video,2026-05-04,Manual confirmed match,mapped,"Clips4Sale, Curvage, ManyVids, ModelCentro","C4S, ManyVids, Curvage","Clips4Sale, Curvage, ManyVids, OnlyFans",150,3191.64,2240.86,14.94,43,859.28,515.57,65,1492.87,1105.65,13,259.78,155.87,29,579.71,463.77,0,0.0,0.0,2026-05-04,2026-06-30,43,catalog video row; platform revenue split from content_group_summary
Video 0291,Greedy SSBBW Devours Roommates Leftovers,Video,2026-06-27,Auto exact-title match,mapped,"Clips4Sale, Curvage, ManyVids","C4S, ManyVids, Curvage","Clips4Sale, Curvage, ManyVids",89,3291.78,2183.56,24.53,44,1627.27,976.36,39,1442.61,1074.06,6,221.9,133.14,0,0.0,0.0,0,0.0,0.0,2026-06-27,2026-07-07,16,catalog video row; platform revenue split from content_group_summary
Video 0279,Greedy SSBBW Stuffs Whole Thanksgiving Dinner,Video,2025-12-01,Manual confirmed match,mapped,"Clips4Sale, Curvage, ManyVids, ModelCentro","C4S, ManyVids, Curvage","Clips4Sale, Curvage, ManyVids",66,2492.09,1716.9,26.01,27,863.55,518.13,37,1564.57,1160.39,2,63.97,38.38,0,0.0,0.0,0,0.0,0.0,2025-12-01,2026-07-05,37,catalog video row; platform revenue split from content_group_summary
Video 0271,Co-workers' Revenge: Cake Stuffing and Rapid Growth,Video,2025-07-21,Manual confirmed match,mapped,"Clips4Sale, Curvage, ManyVids, ModelCentro","C4S, ManyVids, Curvage","Clips4Sale, Curvage, ManyVids",77,2529.15,1708.89,22.19,38,1063.37,638.02,35,1353.85,1003.71,4,111.93,67.16,0,0.0,0.0,0,0.0,0.0,2025-07-21,2026-07-06,37,catalog video row; platform revenue split from content_group_summary
Video 0290,Fucking Your Stuffed SSBBW Girlfriend POV,Video,2026-06-11,Manual confirmed match,mapped,"Clips4Sale, ManyVids, ModelCentro","C4S, ManyVids","Clips4Sale, ManyVids, OnlyFans",107,2252.39,1456.38,13.61,65,1370.92,822.55,0,0.0,0.0,17,356.72,214.03,25,524.75,419.8,0,0.0,0.0,2026-06-11,2026-07-04,19,catalog video row; platform revenue split from content_group_summary
Video 0286,Stuffed and Horny,Video,2026-04-20,Manual confirmed match,mapped,"Clips4Sale, ManyVids, ModelCentro","C4S, ManyVids","Clips4Sale, ManyVids",57,2108.05,1264.83,22.19,47,1738.22,1042.93,0,0.0,0.0,10,369.83,221.9,0,0.0,0.0,0,0.0,0.0,2026-04-20,2026-05-21,11,catalog video row; platform revenue split from content_group_summary
Video 0280,Ex GF Got Fat - Holiday Hookup,Video,2025-12-26,Manual confirmed match,mapped,"Clips4Sale, Curvage, ManyVids, ModelCentro","C4S, ManyVids, Curvage","Clips4Sale, Curvage, ManyVids",85,1858.6,1119.85,13.17,72,1582.8,949.68,2,33.98,25.08,11,241.82,145.09,0,0.0,0.0,0,0.0,0.0,2025-12-26,2026-07-06,14,catalog video row; platform revenue split from content_group_summary
Video 0287,The Diet of a Gaining SSBBW,Video,2026-04-27,Manual confirmed match,mapped,"Clips4Sale, Curvage, ManyVids, ModelCentro","C4S, ManyVids, Curvage","Clips4Sale, Curvage, ManyVids, OnlyFans",58,1623.18,1084.25,18.69,34,951.43,570.86,8,223.92,166.32,2,55.97,33.58,14,391.86,313.49,0,0.0,0.0,2026-04-27,2026-05-27,11,catalog video row; platform revenue split from content_group_summary
Video 0267,SSBBW Burps and Farts While Stuffing,Video,2025-04-16,Manual confirmed match,mapped,"Clips4Sale, Curvage, ManyVids","C4S, ManyVids, Curvage","Clips4Sale, Curvage, ManyVids",32,1304.23,848.24,26.51,20,699.67,419.8,8,464.63,344.48,4,139.93,83.96,0,0.0,0.0,0,0.0,0.0,2025-04-16,2026-07-03,13,catalog video row; platform revenue split from content_group_summary
Video 0111,Stuffing My Face With Pizza,Video,2020-10-24,Manual confirmed match,mapped,"Clips4Sale, ManyVids, ModelCentro","C4S, ManyVids, MC Clipstore","ManyVids, OnlyFans",25,902.74,719.2,28.77,0,0.0,0.0,0,0.0,0.0,1,14.98,8.99,24,887.76,710.21,0,0.0,0.0,2020-10-24,2026-04-21,2,catalog video row; platform revenue split from content_group_summary
Video 0273,SSBBW Squashes You Under Ass and Feet,Video,2025-08-09,Manual confirmed match,mapped,"Clips4Sale, Curvage, ManyVids, ModelCentro","C4S, ManyVids, Curvage","Clips4Sale, Curvage, ManyVids",27,708.36,469.12,17.37,20,359.67,215.8,5,312.72,231.74,2,35.97,21.58,0,0.0,0.0,0,0.0,0.0,2025-08-09,2026-06-19,8,catalog video row; platform revenue split from content_group_summary
Video 0277,Dorothy Returns to Oz POV,Video,2025-11-14,Manual confirmed match,mapped,"Clips4Sale, ManyVids, ModelCentro","C4S, ManyVids","Clips4Sale, ManyVids, OnlyFans",30,719.54,460.51,15.35,16,383.73,230.24,0,0.0,0.0,8,191.87,115.12,6,143.94,115.15,0,0.0,0.0,2025-11-14,2026-05-08,10,catalog video row; platform revenue split from content_group_summary
Video 0266,Stuffing Until I'm Stuck,Video,2025-04-11,Manual confirmed match,mapped,"Clips4Sale, Curvage, ManyVids, ModelCentro","C4S, ManyVids, Curvage","Clips4Sale, Curvage",18,546.34,355.88,19.77,12,347.8,208.68,6,198.54,147.2,0,0.0,0.0,0,0.0,0.0,0,0.0,0.0,2025-04-11,2026-06-10,7,catalog video row; platform revenue split from content_group_summary
Video 0270,Neighbor Gets Bred,Video,2025-06-10,Manual confirmed match,mapped,"Clips4Sale, ManyVids, ModelCentro","C4S, ManyVids","Clips4Sale, ManyVids",28,587.53,352.52,12.59,22,461.63,276.98,0,0.0,0.0,6,125.9,75.54,0,0.0,0.0,0,0.0,0.0,2025-06-10,2026-05-23,7,catalog video row; platform revenue split from content_group_summary
Video 0241,Stuffing and Makeout POV,Video,2024-07-01,Manual confirmed match,mapped,"Clips4Sale, Curvage, ManyVids, ModelCentro","C4S, ManyVids, Curvage","Clips4Sale, Curvage",19,502.57,337.29,17.75,10,249.83,149.9,9,252.74,187.39,0,0.0,0.0,0,0.0,0.0,0,0.0,0.0,2024-07-01,2026-06-15,10,catalog video row; platform revenue split from content_group_summary
Video 0278,Therapist Turns You Into a Feeder Part 3,Video,2025-11-19,Manual confirmed match,mapped,"Clips4Sale, Curvage, ManyVids, ModelCentro","C4S, ManyVids, Curvage","Clips4Sale, Curvage",18,539.71,328.12,18.23,17,509.72,305.83,1,29.99,22.29,0,0.0,0.0,0,0.0,0.0,0,0.0,0.0,2025-11-19,2026-05-28,2,catalog video row; platform revenue split from content_group_summary
Video 0259,Boyfriend Gets Vored,Video,2024-12-23,Manual confirmed match,mapped,"Clips4Sale, Curvage, ManyVids, ModelCentro","C4S, ManyVids, Curvage","Clips4Sale, Curvage, ManyVids",18,470.29,326.84,18.16,6,131.9,79.14,11,316.41,234.51,1,21.98,13.19,0,0.0,0.0,0,0.0,0.0,2024-12-23,2026-06-29,13,catalog video row; platform revenue split from content_group_summary
Video 0261,Wife Wants to Stop Gaining the Reboot,Video,2025-02-20,Manual confirmed match,mapped,"Clips4Sale, ManyVids, ModelCentro","C4S, ManyVids","Clips4Sale, ManyVids",21,461.65,276.99,13.19,17,373.72,224.23,0,0.0,0.0,4,87.93,52.76,0,0.0,0.0,0,0.0,0.0,2025-02-20,2026-07-06,5,catalog video row; platform revenue split from content_group_summary
Video 0264,After-Gym Stuffing,Video,2025-03-10,Manual confirmed match,mapped,"Clips4Sale, Curvage, ManyVids, ModelCentro","C4S, ManyVids, Curvage","Clips4Sale, Curvage, ManyVids",18,403.89,268.25,14.9,10,199.83,119.9,7,184.08,136.36,1,19.98,11.99,0,0.0,0.0,0,0.0,0.0,2025-03-10,2026-06-23,9,catalog video row; platform revenue split from content_group_summary
Video 0254,SSBBW Smokes After Thanksgiving Stuffing,Video,2024-11-29,Manual confirmed match,mapped,"Clips4Sale, Curvage, ManyVids, ModelCentro","C4S, ManyVids, Curvage","Clips4Sale, Curvage",11,346.39,235.69,21.43,5,149.92,89.95,6,196.47,145.74,0,0.0,0.0,0,0.0,0.0,0,0.0,0.0,2024-11-29,2026-07-06,7,catalog video row; platform revenue split from content_group_summary
Video 0276,Hungry Girlfriend Ignores You,Video,2025-10-18,Manual confirmed match,mapped,"Clips4Sale, Curvage, ManyVids, ModelCentro","C4S, ManyVids, Curvage","Clips4Sale, Curvage, ManyVids",23,367.63,227.17,9.88,16,255.73,153.44,3,47.97,35.37,4,63.93,38.36,0,0.0,0.0,0,0.0,0.0,2025-10-18,2026-07-06,8,catalog video row; platform revenue split from content_group_summary
Video 0249,SSBBW Ex Wants to Get Pregnant,Video,2024-10-27,Manual confirmed match,mapped,"Clips4Sale, ManyVids, ModelCentro","C4S, ManyVids","Clips4Sale, ManyVids",25,349.58,209.75,8.39,18,251.7,151.02,0,0.0,0.0,7,97.88,58.73,0,0.0,0.0,0,0.0,0.0,2024-10-27,2026-06-04,8,catalog video row; platform revenue split from content_group_summary
Video 0268,Work Meeting Masturbation,Video,2025-04-23,Manual confirmed match,mapped,"Clips4Sale, ManyVids, ModelCentro","C4S, ManyVids","Clips4Sale, ManyVids",15,329.75,197.85,13.19,13,285.78,171.47,0,0.0,0.0,2,43.97,26.38,0,0.0,0.0,0,0.0,0.0,2025-04-23,2026-03-19,3,catalog video row; platform revenue split from content_group_summary
Video 0243,Hotel Concierge Fucking POV,Video,2024-07-10,Auto obvious Members Library match,mapped,"Clips4Sale, ManyVids, ModelCentro","C4S, ManyVids","Clips4Sale, ManyVids",18,323.7,194.22,10.79,12,215.8,129.48,0,0.0,0.0,6,107.9,64.74,0,0.0,0.0,0,0.0,0.0,2024-07-10,2026-07-06,7,catalog video row; platform revenue split from content_group_summary
Video 0256,Mutual Gaining Fantasy,Video,2024-12-05,Manual confirmed match,mapped,"Clips4Sale, Curvage, ManyVids, ModelCentro","C4S, ManyVids, Curvage","Clips4Sale, Curvage",12,304.43,193.92,16.16,9,224.85,134.91,3,79.58,59.01,0,0.0,0.0,0,0.0,0.0,0,0.0,0.0,2024-12-05,2026-06-05,4,catalog video row; platform revenue split from content_group_summary
Video 0203,Friends With Benefits,Video,2023-11-18,Manual confirmed match,mapped,"Clips4Sale, ManyVids, ModelCentro","C4S, ManyVids, MC Clipstore","Clips4Sale, ManyVids, ModelCentro",18,299.72,183.18,10.18,11,186.82,112.09,0,0.0,0.0,4,67.93,40.76,0,0.0,0.0,3,44.97,30.33,2023-11-18,2026-07-02,8,catalog video row; platform revenue split from content_group_summary
Video 0275,Fitting My Fat Body,Video,2025-09-14,Manual confirmed match,mapped,"Clips4Sale, Curvage, ManyVids, ModelCentro","C4S, ManyVids, Curvage",Clips4Sale,10,279.83,167.9,16.79,10,279.83,167.9,0,0.0,0.0,0,0.0,0.0,0,0.0,0.0,0,0.0,0.0,2025-09-14,2025-09-15,1,catalog video row; platform revenue split from content_group_summary
Video 0228,Worship My Sweaty Ass,Video,2024-04-22,Manual confirmed match,mapped,"Clips4Sale, ManyVids, ModelCentro","C4S, ManyVids","Clips4Sale, ManyVids",13,272.79,163.67,12.59,11,230.82,138.49,0,0.0,0.0,2,41.97,25.18,0,0.0,0.0,0,0.0,0.0,2024-04-22,2026-05-10,3,catalog video row; platform revenue split from content_group_summary
Video 0221,Magical Belly Growth and Riding POV,Video,2024-03-31,Auto obvious Members Library match,mapped,"Clips4Sale, ManyVids, ModelCentro","C4S, ManyVids","Clips4Sale, ManyVids",11,252.82,151.69,13.79,9,206.85,124.11,0,0.0,0.0,2,45.97,27.58,0,0.0,0.0,0,0.0,0.0,2024-03-31,2026-05-31,3,catalog video row; platform revenue split from content_group_summary
Video 0255,Worship My Sweaty Fat,Video,2024-12-04,Manual confirmed match,mapped,"Clips4Sale, ManyVids, ModelCentro","C4S, ManyVids","Clips4Sale, ManyVids",10,249.83,149.9,14.99,9,224.85,134.91,0,0.0,0.0,1,24.98,14.99,0,0.0,0.0,0,0.0,0.0,2024-12-04,2026-04-02,2,catalog video row; platform revenue split from content_group_summary
Video 0248,SSBBW Girlfriend Grows into 14-foot Giantess,Video,2024-10-25,Manual confirmed match,mapped,"Clips4Sale, Curvage, ManyVids, ModelCentro","C4S, ManyVids, Curvage",Clips4Sale,11,241.82,145.09,13.19,11,241.82,145.09,0,0.0,0.0,0,0.0,0.0,0,0.0,0.0,0,0.0,0.0,2024-10-25,2024-10-25,1,catalog video row; platform revenue split from content_group_summary
Video 0263,SSBBW Rips Leggings and Fucks Pussy,Video,2025-03-02,Manual confirmed match,mapped,"Clips4Sale, ManyVids, ModelCentro","C4S, ManyVids","Clips4Sale, ManyVids",12,239.8,143.88,11.99,9,179.85,107.91,0,0.0,0.0,3,59.95,35.97,0,0.0,0.0,0,0.0,0.0,2025-03-02,2026-05-31,4,catalog video row; platform revenue split from content_group_summary
Video 0257,Cum for My Fat Part 2,Video,2024-12-11,Manual confirmed match,mapped,"Clips4Sale, ManyVids, ModelCentro","C4S, ManyVids","Clips4Sale, ManyVids",13,229.78,137.87,10.61,9,161.85,97.11,0,0.0,0.0,4,67.93,40.76,0,0.0,0.0,0,0.0,0.0,2024-12-11,2026-06-16,5,catalog video row; platform revenue split from content_group_summary
Video 0225,Squirting on the First Date,Video,2024-04-10,Manual confirmed match,mapped,"Clips4Sale, ManyVids, ModelCentro","C4S, ManyVids","Clips4Sale, ManyVids",9,227.85,136.71,15.19,6,161.9,97.14,0,0.0,0.0,3,65.95,39.57,0,0.0,0.0,0,0.0,0.0,2024-04-10,2026-05-31,4,catalog video row; platform revenue split from content_group_summary
Video 0186,Chair Breaking Under Huge SSBBW,Video,2023-06-21,Manual confirmed match,mapped,"Clips4Sale, Curvage, ManyVids","C4S, ManyVids, Curvage","Clips4Sale, Curvage",9,219.86,134.71,14.97,8,199.87,119.92,1,19.99,14.79,0,0.0,0.0,0,0.0,0.0,0,0.0,0.0,2023-06-21,2026-05-21,2,catalog video row; platform revenue split from content_group_summary
Video 0274,Pantyhose Pussy Licking and Toe Sucking,Video,2025-08-16,Auto obvious Members Library match,mapped,"Clips4Sale, ManyVids, ModelCentro","C4S, ManyVids","Clips4Sale, ManyVids",10,219.84,131.9,13.19,8,175.87,105.52,0,0.0,0.0,2,43.97,26.38,0,0.0,0.0,0,0.0,0.0,2025-08-16,2026-06-19,3,catalog video row; platform revenue split from content_group_summary
Video 0247,Anniversary Fuck POV,Video,2024-07-25,Manual confirmed match,mapped,"Clips4Sale, ManyVids, ModelCentro","C4S, ManyVids","Clips4Sale, ManyVids",11,219.82,131.89,11.99,6,119.9,71.94,0,0.0,0.0,5,99.92,59.95,0,0.0,0.0,0,0.0,0.0,2024-07-25,2026-04-21,6,catalog video row; platform revenue split from content_group_summary
Video 0235,Your Therapist Turns You Into a Feeder Part 1,Video,2024-05-16,Manual confirmed match,mapped,"Clips4Sale, Curvage, ManyVids, ModelCentro","C4S, ManyVids, Curvage","Clips4Sale, ManyVids",8,199.86,119.92,14.99,7,174.88,104.93,0,0.0,0.0,1,24.98,14.99,0,0.0,0.0,0,0.0,0.0,2024-05-16,2026-07-06,2,catalog video row; platform revenue split from content_group_summary
Video 0232,Your Wife Accidentally Gains,Video,2024-05-06,Manual confirmed match,mapped,"Clips4Sale, Curvage, ManyVids, ModelCentro","C4S, ManyVids, Curvage","Clips4Sale, ManyVids",8,196.86,118.12,14.77,7,174.88,104.93,0,0.0,0.0,1,21.98,13.19,0,0.0,0.0,0,0.0,0.0,2024-05-06,2026-06-07,2,catalog video row; platform revenue split from content_group_summary
Video 0258,Measurements and Weigh-In,Video,2024-12-18,Manual confirmed match,mapped,"Clips4Sale, Curvage, ManyVids, ModelCentro","C4S, ManyVids, Curvage","Clips4Sale, Curvage",4,162.31,115.47,28.87,1,34.98,20.99,3,127.33,94.48,0,0.0,0.0,0,0.0,0.0,0,0.0,0.0,2024-12-18,2026-06-12,4,catalog video row; platform revenue split from content_group_summary
Video 0177,Fat Dom GF Makes you Clean Sweaty Ass and Pussy,Video,2023-05-03,Manual confirmed match,mapped,"Clips4Sale, ManyVids, ModelCentro","C4S, ManyVids, MC Clipstore","Clips4Sale, ManyVids, ModelCentro",12,187.8,113.58,9.47,10,159.83,95.9,0,0.0,0.0,1,15.98,9.59,0,0.0,0.0,1,11.99,8.09,2023-05-03,2026-07-02,3,catalog video row; platform revenue split from content_group_summary
Video 0265,Dripping Wet Strip Tease,Video,2025-03-14,Manual confirmed match,mapped,"Clips4Sale, ManyVids, ModelCentro","C4S, ManyVids",Clips4Sale,8,175.87,105.52,13.19,8,175.87,105.52,0,0.0,0.0,0,0.0,0.0,0,0.0,0.0,0,0.0,0.0,2025-03-14,2025-03-17,1,catalog video row; platform revenue split from content_group_summary
Video 0216,Horny SSBBW Succubus Grows for Your Cum POV,Video,2024-03-10,Auto exact-title match,mapped,"Clips4Sale, Curvage, ManyVids","C4S, ManyVids, Curvage","Clips4Sale, Curvage",8,156.2,104.99,13.12,4,75.93,45.56,4,80.27,59.43,0,0.0,0.0,0,0.0,0.0,0,0.0,0.0,2024-03-10,2026-06-20,5,catalog video row; platform revenue split from content_group_summary
Video 0272,Smoking a cigarette in an outgrown shirt,Video,2025-07-27,Manual confirmed match,mapped,"Clips4Sale, Curvage, ModelCentro","C4S, Curvage",Clips4Sale,9,170.85,102.51,11.39,9,170.85,102.51,0,0.0,0.0,0,0.0,0.0,0,0.0,0.0,0,0.0,0.0,2025-07-27,2025-07-28,1,catalog video row; platform revenue split from content_group_summary
Video 0244,Impregnation Fantasy Chat,Video,2024-07-11,Manual confirmed match,mapped,"Clips4Sale, Curvage, ModelCentro","C4S, Curvage","Clips4Sale, Curvage",10,152.35,98.03,9.8,7,104.88,62.93,3,47.47,35.1,0,0.0,0.0,0,0.0,0.0,0,0.0,0.0,2024-07-11,2026-07-02,4,catalog video row; platform revenue split from content_group_summary
Video 0218,Seducing You Into Impregnation,Video,2024-03-15,Auto obvious Members Library match,mapped,"Clips4Sale, ManyVids, ModelCentro","C4S, ManyVids","Clips4Sale, ManyVids",9,152.85,91.71,10.19,6,101.9,61.14,0,0.0,0.0,3,50.95,30.57,0,0.0,0.0,0,0.0,0.0,2024-03-15,2026-05-31,4,catalog video row; platform revenue split from content_group_summary
Video 0245,Belly Worship to Keep Your Job,Video,2024-07-18,Manual confirmed match,mapped,"Clips4Sale, Curvage, ManyVids, ModelCentro","C4S, ManyVids, Curvage","Clips4Sale, Curvage, ManyVids",9,143.87,90.71,10.08,5,79.92,47.95,2,31.98,23.58,2,31.97,19.18,0,0.0,0.0,0,0.0,0.0,2024-07-18,2026-05-29,5,catalog video row; platform revenue split from content_group_summary
Video 0252,Resist Temptation or Get Swallowed,Video,2024-11-16,Manual confirmed match,mapped,"Clips4Sale, Curvage, ManyVids, ModelCentro","C4S, ManyVids, Curvage","Clips4Sale, ManyVids",6,149.9,89.94,14.99,5,124.92,74.95,0,0.0,0.0,1,24.98,14.99,0,0.0,0.0,0,0.0,0.0,2024-11-16,2026-05-14,2,catalog video row; platform revenue split from content_group_summary
Video 0262,Voyeur Watches Me Get Ready,Video,2025-02-28,Manual confirmed match,mapped,"Clips4Sale, ManyVids, ModelCentro","C4S, ManyVids","Clips4Sale, ManyVids",7,147.88,88.73,12.68,6,125.9,75.54,0,0.0,0.0,1,21.98,13.19,0,0.0,0.0,0,0.0,0.0,2025-02-28,2026-06-12,2,catalog video row; platform revenue split from content_group_summary
Video 0194,SSBBW Car Struggles and Topless Driving,Video,2023-08-31,Manual confirmed match,mapped,"Clips4Sale, Curvage, ManyVids","C4S, ManyVids, Curvage",Clips4Sale,7,146.88,88.13,12.59,7,146.88,88.13,0,0.0,0.0,0,0.0,0.0,0,0.0,0.0,0,0.0,0.0,2023-08-31,2023-09-07,1,catalog video row; platform revenue split from content_group_summary
Video 0153,Fat Party Girl Gets the Wrong Room,Video,2021-11-14,Manual confirmed match,mapped,"Clips4Sale, ManyVids, ModelCentro","C4S, ManyVids, MC Clipstore","Clips4Sale, ManyVids, ModelCentro",17,143.41,87.84,5.17,11,71.5,42.9,0,0.0,0.0,4,47.93,28.76,0,0.0,0.0,2,23.98,16.18,2021-11-14,2026-07-06,7,catalog video row; platform revenue split from content_group_summary
Video 0260,Gaining for Daddy,Video,2025-02-17,Manual confirmed match,mapped,"Clips4Sale, Curvage, ManyVids, ModelCentro","C4S, ManyVids, Curvage","Clips4Sale, Curvage",6,139.91,86.74,14.46,5,119.92,71.95,1,19.99,14.79,0,0.0,0.0,0,0.0,0.0,0,0.0,0.0,2025-02-17,2026-05-12,2,catalog video row; platform revenue split from content_group_summary
Video 0250,Soda Chug and Burping,Video,2024-10-30,Manual confirmed match,mapped,"Clips4Sale, Curvage, ManyVids, ModelCentro","C4S, ManyVids, Curvage",Curvage,4,106.96,79.33,19.83,0,0.0,0.0,4,106.96,79.33,0,0.0,0.0,0,0.0,0.0,0,0.0,0.0,2024-10-30,2026-07-06,4,catalog video row; platform revenue split from content_group_summary
Video 0253,Fresh Squeezed Fruit Crush,Video,2024-11-20,Manual confirmed match,mapped,"Clips4Sale, Curvage, ModelCentro","C4S, Curvage",Clips4Sale,6,131.9,79.14,13.19,6,131.9,79.14,0,0.0,0.0,0,0.0,0.0,0,0.0,0.0,0,0.0,0.0,2024-11-20,2024-11-24,1,catalog video row; platform revenue split from content_group_summary
Video 0269,Therapist Turns You Into a Feeder Part 2,Video,2025-04-27,Manual confirmed match,mapped,"Clips4Sale, Curvage, ManyVids, ModelCentro","C4S, ManyVids, Curvage","Clips4Sale, Curvage",5,124.92,78.5,15.7,4,99.93,59.96,1,24.99,18.54,0,0.0,0.0,0,0.0,0.0,0,0.0,0.0,2025-04-27,2026-07-06,2,catalog video row; platform revenue split from content_group_summary
Video 0233,Your Fave Hookup Got Fat,Video,2024-05-10,Manual confirmed match,mapped,"Clips4Sale, Curvage, ManyVids, ModelCentro","C4S, ManyVids, Curvage","Clips4Sale, Curvage",6,117.91,75.44,12.57,4,83.93,50.36,2,33.98,25.08,0,0.0,0.0,0,0.0,0.0,0,0.0,0.0,2024-05-10,2026-07-06,3,catalog video row; platform revenue split from content_group_summary
Video 0209,Morning SSBBW Fuck POV Solo,Video,2023-12-29,Manual confirmed match,mapped,"Clips4Sale, ManyVids, ModelCentro","C4S, ManyVids","Clips4Sale, ManyVids",7,118.88,71.33,10.19,6,101.9,61.14,0,0.0,0.0,1,16.98,10.19,0,0.0,0.0,0,0.0,0.0,2023-12-29,2026-03-13,2,catalog video row; platform revenue split from content_group_summary
Video 0251,Cum for My Fat,Video,2024-11-13,Manual confirmed match,mapped,"Clips4Sale, ManyVids, ModelCentro","C4S, ManyVids",Clips4Sale,7,118.88,71.33,10.19,7,118.88,71.33,0,0.0,0.0,0,0.0,0.0,0,0.0,0.0,0,0.0,0.0,2024-11-13,2024-11-14,1,catalog video row; platform revenue split from content_group_summary
Video 0237,Horny SSBBW Jiggles for Your Cum,Video,2024-06-14,Manual confirmed match,mapped,"Clips4Sale, Curvage, ManyVids","C4S, ManyVids, Curvage",Clips4Sale,6,107.9,64.74,10.79,6,107.9,64.74,0,0.0,0.0,0,0.0,0.0,0,0.0,0.0,0,0.0,0.0,2024-06-14,2024-06-14,1,catalog video row; platform revenue split from content_group_summary
Video 0239,SSBBW Giantess Rubs Pussy on You,Video,2024-06-21,Manual confirmed match,mapped,"Clips4Sale, ManyVids, ModelCentro","C4S, ManyVids","Clips4Sale, ManyVids",7,104.88,62.93,8.99,6,89.9,53.94,0,0.0,0.0,1,14.98,8.99,0,0.0,0.0,0,0.0,0.0,2024-06-21,2026-04-21,2,catalog video row; platform revenue split from content_group_summary
Video 0207,SSBBW Gets Stuck in the Doorway,Video,2023-12-17,Manual confirmed match,mapped,"Clips4Sale, Curvage, ManyVids","C4S, ManyVids, Curvage","Clips4Sale, ManyVids",6,101.9,61.14,10.19,5,84.92,50.95,0,0.0,0.0,1,16.98,10.19,0,0.0,0.0,0,0.0,0.0,2023-12-17,2026-07-06,2,catalog video row; platform revenue split from content_group_summary
Video 0199,Vibe Until I Cum,Video,2023-10-05,Manual confirmed match,mapped,"Clips4Sale, ManyVids, ModelCentro","C4S, ManyVids, MC Clipstore","Clips4Sale, ManyVids, ModelCentro",7,96.89,59.1,8.44,5,69.92,41.95,0,0.0,0.0,1,13.98,8.39,0,0.0,0.0,1,12.99,8.76,2023-10-05,2026-03-17,3,catalog video row; platform revenue split from content_group_summary
Video 0234,Fucking My Creamy Fat Pussy,Video,2024-05-13,Auto obvious Members Library match,mapped,"Clips4Sale, ManyVids, ModelCentro","C4S, ManyVids",ManyVids,8,95.87,57.52,7.19,0,0.0,0.0,0,0.0,0.0,8,95.87,57.52,0,0.0,0.0,0,0.0,0.0,2024-05-13,2026-06-27,8,catalog video row; platform revenue split from content_group_summary
Video 0191,Tight Clothes Make Growing SSBBW Horny,Video,2023-07-31,Manual confirmed match,mapped,"Clips4Sale, ManyVids, ModelCentro","C4S, ManyVids, MC Clipstore","Clips4Sale, ModelCentro",6,89.92,57.09,9.52,3,47.95,28.77,0,0.0,0.0,0,0.0,0.0,0,0.0,0.0,3,41.97,28.32,2023-07-31,2026-07-06,4,catalog video row; platform revenue split from content_group_summary
Video 0187,Fat Girl Walks in Sexy Black Bodystocking,Video,2023-07-07,Manual confirmed match,mapped,"Clips4Sale, ManyVids, ModelCentro","C4S, ManyVids, MC Clipstore","Clips4Sale, ManyVids",5,90.91,54.55,10.91,4,75.93,45.56,0,0.0,0.0,1,14.98,8.99,0,0.0,0.0,0,0.0,0.0,2023-07-07,2026-05-16,2,catalog video row; platform revenue split from content_group_summary
Video 0215,Heavy Hanging Belly,Video,2024-03-09,Manual confirmed match,mapped,"Clips4Sale, ManyVids, ModelCentro","C4S, ManyVids","Clips4Sale, ManyVids",6,83.9,50.34,8.39,3,41.95,25.17,0,0.0,0.0,3,41.95,25.17,0,0.0,0.0,0,0.0,0.0,2024-03-09,2026-06-29,4,catalog video row; platform revenue split from content_group_summary
Video 0242,Crawling Back to Your Fat Mistress,Video,2024-07-04,Manual confirmed match,mapped,"Clips4Sale, Curvage, ManyVids, ModelCentro","C4S, ManyVids, Curvage","Clips4Sale, ManyVids",6,77.9,46.74,7.79,4,51.93,31.16,0,0.0,0.0,2,25.97,15.58,0,0.0,0.0,0,0.0,0.0,2024-07-04,2026-06-13,3,catalog video row; platform revenue split from content_group_summary
Video 0171,Milkshake and Soda Bloated Belly Belching,Video,2023-01-17,Manual confirmed match,mapped,"Clips4Sale, Curvage, ManyVids, ModelCentro","C4S, ManyVids, Curvage, MC Clipstore","Clips4Sale, Curvage",7,68.06,46.66,6.67,4,26.0,15.6,3,42.06,31.06,0,0.0,0.0,0,0.0,0.0,0,0.0,0.0,2023-01-17,2026-07-02,4,catalog video row; platform revenue split from content_group_summary
Video 0163,Kneel and Eat My Fat Pussy,Video,2022-05-07,Manual confirmed match,mapped,"Clips4Sale, ManyVids, ModelCentro","C4S, ManyVids, MC Clipstore","Clips4Sale, ManyVids, ModelCentro",6,75.46,46.47,7.75,3,25.5,15.3,0,0.0,0.0,2,33.97,20.38,0,0.0,0.0,1,15.99,10.79,2022-05-07,2026-05-26,4,catalog video row; platform revenue split from content_group_summary
Video 0162,POV Morning Sex,Video,2022-03-29,Manual confirmed match,mapped,"Clips4Sale, ManyVids, ModelCentro","C4S, ManyVids, MC Clipstore","Clips4Sale, ManyVids, ModelCentro",9,75.96,46.39,5.15,6,39.0,23.4,0,0.0,0.0,2,25.97,15.58,0,0.0,0.0,1,10.99,7.41,2022-03-29,2026-07-02,4,catalog video row; platform revenue split from content_group_summary
Video 0231,Large Pizza and Fat Pussy,Video,2024-05-02,Manual confirmed match,mapped,"Clips4Sale, ManyVids, ModelCentro","C4S, ManyVids",Clips4Sale,3,74.95,44.97,14.99,3,74.95,44.97,0,0.0,0.0,0,0.0,0.0,0,0.0,0.0,0,0.0,0.0,2024-05-02,2024-05-05,1,catalog video row; platform revenue split from content_group_summary
Video 0223,Growing SSBBW Stuffs 5000 Calories While Sitting on You POV 🤤🌮,Video,2024-04-01,Manual confirmed match,mapped,"Clips4Sale, Curvage, ModelCentro","C4S, Curvage",Clips4Sale,3,74.95,44.97,14.99,3,74.95,44.97,0,0.0,0.0,0,0.0,0.0,0,0.0,0.0,0,0.0,0.0,2024-04-01,2024-04-08,1,catalog video row; platform revenue split from content_group_summary
Video 0195,SSBBW Loves Being Bigger Than You,Video,2023-09-03,Manual confirmed match,mapped,"Clips4Sale, ManyVids, ModelCentro","C4S, ManyVids, MC Clipstore",Clips4Sale,4,71.93,43.16,10.79,4,71.93,43.16,0,0.0,0.0,0,0.0,0.0,0,0.0,0.0,0,0.0,0.0,2023-09-03,2023-09-03,1,catalog video row; platform revenue split from content_group_summary
Video 0119,Your Cum Makes Me Gain,Video,2021-01-03,Auto exact-title match,mapped,"Clips4Sale, ManyVids, ModelCentro","C4S, ManyVids, MC Clipstore","Clips4Sale, ManyVids",6,71.9,43.14,7.19,4,47.93,28.76,0,0.0,0.0,2,23.97,14.38,0,0.0,0.0,0,0.0,0.0,2021-01-03,2026-06-13,3,catalog video row; platform revenue split from content_group_summary
exact-title:chargeback-forgiveness-106266925,Chargeback Forgiveness 106266925,Video,2025-12-27,,auto exact-title,,,Clips4Sale,3,69.95,41.97,13.99,3,69.95,41.97,0,0.0,0.0,0,0.0,0.0,0,0.0,0.0,0,0.0,0.0,2025-12-27,2025-12-27,1,revenue-only video row; platform revenue split from content_group_summary
Video 0208,SSBBW Mrs Claus Lets You Eat Ass and Pussy,Video,2023-12-27,Manual confirmed match,mapped,"Clips4Sale, ManyVids, ModelCentro","C4S, ManyVids","Clips4Sale, ManyVids",5,69.92,41.95,8.39,3,41.95,25.17,0,0.0,0.0,2,27.97,16.78,0,0.0,0.0,0,0.0,0.0,2023-12-27,2026-05-31,3,catalog video row; platform revenue split from content_group_summary
Video 0206,Bigger Than You Tease Part 2,Video,2023-12-11,Manual confirmed match,mapped,"Clips4Sale, Curvage, ManyVids, ModelCentro","C4S, ManyVids, Curvage","Clips4Sale, ManyVids",4,67.93,40.76,10.19,3,50.95,30.57,0,0.0,0.0,1,16.98,10.19,0,0.0,0.0,0,0.0,0.0,2023-12-11,2026-04-06,2,catalog video row; platform revenue split from content_group_summary
Video 0201,Witch's Brew,Video,2023-10-18,Manual confirmed match,mapped,"Clips4Sale, ManyVids, ModelCentro","C4S, ManyVids, MC Clipstore","Clips4Sale, ManyVids",4,63.94,38.36,9.59,2,31.97,19.18,0,0.0,0.0,2,31.97,19.18,0,0.0,0.0,0,0.0,0.0,2023-10-18,2026-05-16,3,catalog video row; platform revenue split from content_group_summary
Video 0227,Cuckolded By Your Feedee Girlfriend,Video,2024-04-20,Manual confirmed match,mapped,"Clips4Sale, Curvage, ManyVids, ModelCentro","C4S, ManyVids, Curvage",Clips4Sale,4,63.93,38.36,9.59,4,63.93,38.36,0,0.0,0.0,0,0.0,0.0,0,0.0,0.0,0,0.0,0.0,2024-04-20,2024-04-21,1,catalog video row; platform revenue split from content_group_summary
Video 0143,Stripper Lets You Fuck in VIP - POV solo,Video,2021-09-03,Manual confirmed match,mapped,"Clips4Sale, ManyVids, ModelCentro","C4S, ManyVids, MC Clipstore","Clips4Sale, ManyVids, ModelCentro",6,58.95,37.82,6.3,2,13.0,7.8,0,0.0,0.0,1,12.98,7.79,0,0.0,0.0,3,32.97,22.23,2021-09-03,2026-06-07,5,catalog video row; platform revenue split from content_group_summary
Video 0238,SSBBW Oiled Up Jiggling and Bouncing,Video,2024-06-14,Manual confirmed match,mapped,"Clips4Sale, ManyVids, ModelCentro","C4S, ManyVids","Clips4Sale, ManyVids",3,60.95,36.57,12.19,1,20.98,12.59,0,0.0,0.0,2,39.97,23.98,0,0.0,0.0,0,0.0,0.0,2024-06-14,2026-04-17,3,catalog video row; platform revenue split from content_group_summary
Video 0246,Secretly Watching Masturbation,Video,2024-07-22,Manual confirmed match,mapped,"Clips4Sale, ManyVids, ModelCentro","C4S, ManyVids",Clips4Sale,4,59.93,35.96,8.99,4,59.93,35.96,0,0.0,0.0,0,0.0,0.0,0,0.0,0.0,0,0.0,0.0,2024-07-22,2024-07-24,1,catalog video row; platform revenue split from content_group_summary
Video 0240,Gaining SSBBW Makes Her Buttons Pop,Video,2024-06-25,Manual confirmed match,mapped,"Clips4Sale, Curvage, ManyVids, ModelCentro","C4S, ManyVids, Curvage","Clips4Sale, ManyVids",4,59.93,35.96,8.99,3,44.95,26.97,0,0.0,0.0,1,14.98,8.99,0,0.0,0.0,0,0.0,0.0,2024-06-25,2026-04-06,2,catalog video row; platform revenue split from content_group_summary
exact-title:1-month-club-renewal,1 Month Club Renewal,Video,2026-02-28,,auto exact-title,,,ManyVids,4,39.95,31.96,7.99,0,0.0,0.0,0,0.0,0.0,4,39.95,31.96,0,0.0,0.0,0,0.0,0.0,2026-02-28,2026-05-14,4,revenue-only video row; platform revenue split from content_group_summary
Video 0222,Fatter Than the Pictures,Video,2024-04-01,Manual confirmed match,mapped,"Clips4Sale, ManyVids, ModelCentro","C4S, ManyVids",Clips4Sale,3,50.95,30.57,10.19,3,50.95,30.57,0,0.0,0.0,0,0.0,0.0,0,0.0,0.0,0,0.0,0.0,2024-04-01,2024-04-03,1,catalog video row; platform revenue split from content_group_summary
Video 0126,Creampie My Pussy,Video,2021-03-25,Manual confirmed match,mapped,"Clips4Sale, ManyVids, ModelCentro","C4S, ManyVids, MC Clipstore","ManyVids, ModelCentro",3,48.96,30.49,10.16,0,0.0,0.0,0,0.0,0.0,2,33.97,20.38,0,0.0,0.0,1,14.99,10.11,2021-03-25,2026-06-04,3,catalog video row; platform revenue split from content_group_summary
Video 0146,Feedee BBW Wants to Stop Gaining POV,Video,2021-09-23,Manual confirmed match,mapped,"Clips4Sale, ManyVids, ModelCentro","C4S, ManyVids, MC Clipstore","Clips4Sale, ManyVids",4,49.97,29.98,7.5,2,18.0,10.8,0,0.0,0.0,2,31.97,19.18,0,0.0,0.0,0,0.0,0.0,2021-09-23,2026-07-06,3,catalog video row; platform revenue split from content_group_summary
Video 0098,Cover You In Cum POV,Video,2020-08-02,Manual confirmed match,mapped,"Clips4Sale, ModelCentro","C4S, MC Clipstore",Clips4Sale,5,49.92,29.95,5.99,5,49.92,29.95,0,0.0,0.0,0,0.0,0.0,0,0.0,0.0,0,0.0,0.0,2020-08-02,2020-11-11,1,catalog video row; platform revenue split from content_group_summary
Video 0174,Bouncing on Your Cock,Video,2023-03-15,Manual confirmed match,mapped,"Clips4Sale, ManyVids, ModelCentro","C4S, ManyVids, MC Clipstore","Clips4Sale, ManyVids",6,48.98,29.39,4.9,5,35.0,21.0,0,0.0,0.0,1,13.98,8.39,0,0.0,0.0,0,0.0,0.0,2023-03-15,2026-04-06,2,catalog video row; platform revenue split from content_group_summary
Video 0079,Horny Pillow Grinding,Video,2020-04-11,Manual confirmed match,mapped,"Clips4Sale, ManyVids, ModelCentro","C4S, ManyVids, MC Clipstore","Clips4Sale, ManyVids",5,48.91,29.35,5.87,4,39.93,23.96,0,0.0,0.0,1,8.98,5.39,0,0.0,0.0,0,0.0,0.0,2020-04-11,2026-04-17,2,catalog video row; platform revenue split from content_group_summary
exact-title:ssbbw-stuffs-burgers-pov-vision-pro,SSBBW Stuffs Burgers POV (VISION PRO),Video,2024-04-12,,auto exact-title,,,Clips4Sale,2,47.97,28.78,14.39,2,47.97,28.78,0,0.0,0.0,0,0.0,0.0,0,0.0,0.0,0,0.0,0.0,2024-04-12,2024-04-12,1,revenue-only video row; platform revenue split from content_group_summary
Video 0214,SSBBW Jiggles Fat Thighs and Ass,Video,2024-02-22,Manual confirmed match,mapped,"Clips4Sale, ManyVids, ModelCentro","C4S, ManyVids",Clips4Sale,3,47.95,28.77,9.59,3,47.95,28.77,0,0.0,0.0,0,0.0,0.0,0,0.0,0.0,0,0.0,0.0,2024-02-22,2024-02-25,1,catalog video row; platform revenue split from content_group_summary
Video 0145,Spread and Begging for Anal,Video,2021-09-17,Manual confirmed match,mapped,"Clips4Sale, ManyVids, ModelCentro","C4S, ManyVids, MC Clipstore","Clips4Sale, ManyVids, ModelCentro",5,45.97,28.4,5.68,3,21.0,12.6,0,0.0,0.0,1,13.98,8.39,0,0.0,0.0,1,10.99,7.41,2021-09-17,2026-04-22,3,catalog video row; platform revenue split from content_group_summary
Video 0224,Jiggling SSBBW Working Out in Lingerie,Video,2024-04-10,Manual confirmed match,mapped,"Clips4Sale, Curvage, ManyVids","C4S, ManyVids, Curvage",Curvage,2,37.46,27.68,13.84,0,0.0,0.0,2,37.46,27.68,0,0.0,0.0,0,0.0,0.0,0,0.0,0.0,2024-04-10,2026-07-04,2,catalog video row; platform revenue split from content_group_summary
Video 0160,Side-view Sucking and Riding,Video,2022-02-16,Manual confirmed match,mapped,"Clips4Sale, ManyVids, ModelCentro","C4S, ManyVids, MC Clipstore","Clips4Sale, ManyVids",6,45.48,27.29,4.55,5,32.5,19.5,0,0.0,0.0,1,12.98,7.79,0,0.0,0.0,0,0.0,0.0,2022-02-16,2026-06-27,2,catalog video row; platform revenue split from content_group_summary
Video 0078,Fat Stripper Gives You a Lapdance,Video,2020-04-05,Auto exact-title match,mapped,"Clips4Sale, ManyVids, ModelCentro","C4S, ManyVids, MC Clipstore","Clips4Sale, ManyVids",4,43.93,26.36,6.59,1,10.98,6.59,0,0.0,0.0,3,32.95,19.77,0,0.0,0.0,0,0.0,0.0,2020-04-05,2026-06-14,4,catalog video row; platform revenue split from content_group_summary
Video 0077,BBW Twerks and Fucks With Toy,Video,2020-04-01,Manual confirmed match,mapped,"Clips4Sale, ManyVids, ModelCentro","C4S, ManyVids, MC Clipstore",ModelCentro,3,38.97,26.28,8.76,0,0.0,0.0,0,0.0,0.0,0,0.0,0.0,0,0.0,0.0,3,38.97,26.28,2020-04-01,2026-07-06,3,catalog video row; platform revenue split from content_group_summary
Video 0125,Underwater Body Jiggle,Video,2021-03-14,Manual confirmed match,mapped,"Clips4Sale, ManyVids, ModelCentro","C4S, ManyVids, MC Clipstore","ManyVids, ModelCentro",3,40.96,25.54,8.51,0,0.0,0.0,0,0.0,0.0,2,27.97,16.78,0,0.0,0.0,1,12.99,8.76,2021-03-14,2026-06-16,3,catalog video row; platform revenue split from content_group_summary
Video 0167,SSBBW Giantess GFE,Video,2022-12-16,Auto exact-title match,mapped,"Clips4Sale, ManyVids","C4S, ManyVids",Clips4Sale,5,42.5,25.5,5.1,5,42.5,25.5,0,0.0,0.0,0,0.0,0.0,0,0.0,0.0,0,0.0,0.0,2022-12-16,2022-12-29,1,catalog video row; platform revenue split from content_group_summary
Video 0150,Fat Naked Yoga,Video,2021-10-19,Auto exact-title match,mapped,"Clips4Sale, ManyVids, ModelCentro","C4S, ManyVids, MC Clipstore","Clips4Sale, ManyVids",5,40.98,24.59,4.92,4,28.0,16.8,0,0.0,0.0,1,12.98,7.79,0,0.0,0.0,0,0.0,0.0,2021-10-19,2026-06-17,2,catalog video row; platform revenue split from content_group_summary
Video 0211,Room Service Stuffing,Video,2024-01-17,Manual confirmed match,OF caption inferred,"Clips4Sale, Curvage, ManyVids, ModelCentro","C4S, ManyVids, Curvage",OnlyFans,1,30.0,24.0,24.0,0,0.0,0.0,0,0.0,0.0,0,0.0,0.0,1,30.0,24.0,0,0.0,0.0,2026-04-06,2026-04-06,1,catalog video row; platform revenue split from content_group_summary
Video 0094,Smoking and Sensual Rubbing,Video,2020-07-05,Manual confirmed match,mapped,"Clips4Sale, ManyVids, ModelCentro","C4S, ManyVids, MC Clipstore",Clips4Sale,4,39.93,23.96,5.99,4,39.93,23.96,0,0.0,0.0,0,0.0,0.0,0,0.0,0.0,0,0.0,0.0,2020-07-05,2020-11-14,1,catalog video row; platform revenue split from content_group_summary
Video 0157,Jumping on the Squeaky Bed,Video,2021-12-21,Manual confirmed match,mapped,"Clips4Sale, ManyVids, ModelCentro","C4S, ManyVids, MC Clipstore",Clips4Sale,6,39.0,23.4,3.9,6,39.0,23.4,0,0.0,0.0,0,0.0,0.0,0,0.0,0.0,0,0.0,0.0,2021-12-21,2022-05-06,1,catalog video row; platform revenue split from content_group_summary
Video 0133,Squirting Dildo Riding and Facial Cumshot,Video,2021-05-24,Manual confirmed match,mapped,"Clips4Sale, ManyVids, ModelCentro","C4S, ManyVids, MC Clipstore",ManyVids,3,38.95,23.37,7.79,0,0.0,0.0,0,0.0,0.0,3,38.95,23.37,0,0.0,0.0,0,0.0,0.0,2021-05-24,2026-05-16,3,catalog video row; platform revenue split from content_group_summary
Video 0159,Jean Shorts Face-Sitting,Video,2022-01-28,Manual confirmed match,mapped,"Clips4Sale, ManyVids, ModelCentro","C4S, ManyVids, MC Clipstore","Clips4Sale, ManyVids",6,38.48,23.09,3.85,5,27.5,16.5,0,0.0,0.0,1,10.98,6.59,0,0.0,0.0,0,0.0,0.0,2022-01-28,2026-05-05,2,catalog video row; platform revenue split from content_group_summary
Video 0053,Weight on Your Chest,Video,2019-09-13,Manual confirmed match,mapped,"Clips4Sale, ModelCentro","C4S, MC Clipstore",Clips4Sale,3,35.95,21.57,7.19,3,35.95,21.57,0,0.0,0.0,0,0.0,0.0,0,0.0,0.0,0,0.0,0.0,2019-09-13,2020-10-25,1,catalog video row; platform revenue split from content_group_summary
Video 0123,Getting Naughty at the Airbnb,Video,2021-02-19,Manual confirmed match,mapped,"Clips4Sale, ManyVids, ModelCentro","C4S, ManyVids, MC Clipstore",ManyVids,3,35.95,21.57,7.19,0,0.0,0.0,0,0.0,0.0,3,35.95,21.57,0,0.0,0.0,0,0.0,0.0,2021-02-19,2026-07-06,3,catalog video row; platform revenue split from content_group_summary
Video 0183,Hot Fatty Stuffs a Dozen Ice Cream Sandwiches,Video,2023-06-07,Manual confirmed match,mapped,"Clips4Sale, Curvage, ManyVids","C4S, ManyVids, Curvage",Curvage,3,28.72,21.04,7.01,0,0.0,0.0,3,28.72,21.04,0,0.0,0.0,0,0.0,0.0,0,0.0,0.0,2023-06-07,2026-07-06,3,catalog video row; platform revenue split from content_group_summary
Video 0170,SSBBW No Hands Cake Stuffing,Video,2023-01-06,Manual confirmed match,mapped,"Clips4Sale, Curvage, ManyVids, ModelCentro","C4S, ManyVids, Curvage",Clips4Sale,5,35.0,21.0,4.2,5,35.0,21.0,0,0.0,0.0,0,0.0,0.0,0,0.0,0.0,0,0.0,0.0,2023-01-06,2023-01-06,1,catalog video row; platform revenue split from content_group_summary
Video 0116,Red Satin Shorts Fat Booty Worship,Video,2020-11-29,Auto exact-title match,mapped,"Clips4Sale, ManyVids, ModelCentro","C4S, ManyVids, MC Clipstore",Clips4Sale,5,34.92,20.95,4.19,5,34.92,20.95,0,0.0,0.0,0,0.0,0.0,0,0.0,0.0,0,0.0,0.0,2020-11-29,2021-01-18,1,catalog video row; platform revenue split from content_group_summary
Video 0229,Unaware SSBBW Smokes and Outgrows Clothes,Video,2024-04-24,Manual confirmed match,mapped,"Clips4Sale, Curvage, ManyVids, ModelCentro","C4S, ManyVids, Curvage",Clips4Sale,2,33.97,20.38,10.19,2,33.97,20.38,0,0.0,0.0,0,0.0,0.0,0,0.0,0.0,0,0.0,0.0,2024-04-24,2024-05-01,1,catalog video row; platform revenue split from content_group_summary
Video 0220,Bouncing My Oiled-Up Fat,Video,2024-03-23,Manual confirmed match,mapped,"Clips4Sale, ManyVids, ModelCentro","C4S, ManyVids","Clips4Sale, OnlyFans",2,31.97,19.18,9.59,2,31.97,19.18,0,0.0,0.0,0,0.0,0.0,0,0.0,0.0,0,0.0,0.0,2024-03-23,2026-04-06,2,catalog video row; platform revenue split from content_group_summary
Video 0182,SSBBW Lingerie Tease and JOI w Countdown,Video,2023-05-31,Manual confirmed match,mapped,"Clips4Sale, ManyVids, ModelCentro","C4S, ManyVids, MC Clipstore","Clips4Sale, ManyVids",2,31.96,19.18,9.59,1,16.98,10.19,0,0.0,0.0,1,14.98,8.99,0,0.0,0.0,0,0.0,0.0,2023-05-31,2026-06-13,2,catalog video row; platform revenue split from content_group_summary
exact-title:messy-piggy-stuffs-chocolate-cake,Messy piggy stuffs chocolate cake!,Video,2026-05-12,,auto exact-title,,,Curvage,2,25.98,19.08,9.54,0,0.0,0.0,2,25.98,19.08,0,0.0,0.0,0,0.0,0.0,0,0.0,0.0,2026-05-12,2026-07-06,2,revenue-only video row; platform revenue split from content_group_summary
Video 0058,Begging for Your Cock,Video,2019-10-24,Manual confirmed match,mapped,"ManyVids, ModelCentro","ManyVids, MC Clipstore","ManyVids, OnlyFans",2,23.98,18.19,9.09,0,0.0,0.0,0,0.0,0.0,1,4.98,2.99,1,19.0,15.2,0,0.0,0.0,2019-10-24,2026-05-02,2,catalog video row; platform revenue split from content_group_summary
Video 0097,Tight Dress Belly Bouncing,Video,2020-07-26,Manual confirmed match,mapped,"Clips4Sale, ManyVids, ModelCentro","C4S, ManyVids, MC Clipstore","Clips4Sale, ManyVids",5,29.92,17.95,3.59,3,17.95,10.77,0,0.0,0.0,2,11.97,7.18,0,0.0,0.0,0,0.0,0.0,2020-07-26,2026-05-26,3,catalog video row; platform revenue split from content_group_summary
Video 0035,Big Horny Housewife,Video,2018-10-11,Manual confirmed match,mapped,"ManyVids, ModelCentro",ManyVids,ManyVids,6,29.9,17.94,2.99,0,0.0,0.0,0,0.0,0.0,6,29.9,17.94,0,0.0,0.0,0,0.0,0.0,2018-10-11,2026-06-16,6,catalog video row; platform revenue split from content_group_summary
Video 0176,Stuffing My Face with Fast Food,Video,2023-04-25,Manual confirmed match,mapped,"Clips4Sale, Curvage, ManyVids, ModelCentro","C4S, ManyVids, Curvage",Clips4Sale,3,28.5,17.1,5.7,3,28.5,17.1,0,0.0,0.0,0,0.0,0.0,0,0.0,0.0,0,0.0,0.0,2023-04-25,2023-04-25,1,catalog video row; platform revenue split from content_group_summary
Video 0158,Hiding from the Holiday Party,Video,2021-12-26,Manual confirmed match,mapped,"Clips4Sale, ManyVids, ModelCentro","C4S, ManyVids, MC Clipstore","Clips4Sale, ManyVids",3,27.98,16.79,5.6,2,14.0,8.4,0,0.0,0.0,1,13.98,8.39,0,0.0,0.0,0,0.0,0.0,2021-12-26,2026-02-25,2,catalog video row; platform revenue split from content_group_summary
Video 0149,Dripping On Your Face,Video,2021-10-09,Manual confirmed match,mapped,"Clips4Sale, ManyVids, ModelCentro","C4S, ManyVids, MC Clipstore","Clips4Sale, ManyVids",3,27.98,16.79,5.6,2,14.0,8.4,0,0.0,0.0,1,13.98,8.39,0,0.0,0.0,0,0.0,0.0,2021-10-09,2026-04-17,2,catalog video row; platform revenue split from content_group_summary
exact-title:chargeback-forgiveness-106267173,Chargeback Forgiveness 106267173,Video,2025-07-21,,auto exact-title,,,Clips4Sale,1,27.98,16.79,16.79,1,27.98,16.79,0,0.0,0.0,0,0.0,0.0,0,0.0,0.0,0,0.0,0.0,2025-07-21,2025-07-21,1,revenue-only video row; platform revenue split from content_group_summary
Video 0188,SSBBW Solo POV BJ and Fuck,Video,2023-07-21,Manual confirmed match,mapped,"Clips4Sale, ManyVids, ModelCentro","C4S, ManyVids, MC Clipstore",ManyVids,2,27.97,16.78,8.39,0,0.0,0.0,0,0.0,0.0,2,27.97,16.78,0,0.0,0.0,0,0.0,0.0,2023-07-21,2026-07-06,2,catalog video row; platform revenue split from content_group_summary
Video 0192,Fatty Chugs Three Large Milkshakes,Video,2023-08-24,Manual confirmed match,mapped,"Clips4Sale, Curvage, ManyVids, ModelCentro","C4S, ManyVids, Curvage, MC Clipstore",Clips4Sale,1,26.98,16.19,16.19,1,26.98,16.19,0,0.0,0.0,0,0.0,0.0,0,0.0,0.0,0,0.0,0.0,2023-08-24,2023-08-31,1,catalog video row; platform revenue split from content_group_summary
Video 0130,Riding Your Face and Your Cock POV,Video,2021-04-29,Manual confirmed match,mapped,"Clips4Sale, ManyVids, ModelCentro","C4S, ManyVids, MC Clipstore","ManyVids, ModelCentro",2,24.97,15.8,7.9,0,0.0,0.0,0,0.0,0.0,1,13.98,8.39,0,0.0,0.0,1,10.99,7.41,2021-04-29,2026-05-22,2,catalog video row; platform revenue split from content_group_summary
Video 0165,BBW Catwalk Bounce and Tease in Heels,Video,2022-11-29,Manual confirmed match,mapped,"Clips4Sale, ManyVids, ModelCentro","C4S, ManyVids","Clips4Sale, ManyVids",2,25.98,15.59,7.79,1,9.0,5.4,0,0.0,0.0,1,16.98,10.19,0,0.0,0.0,0,0.0,0.0,2022-11-29,2026-04-06,2,catalog video row; platform revenue split from content_group_summary
Video 0124,Stroke and Cum Together,Video,2021-03-04,Manual confirmed match,mapped,"Clips4Sale, ManyVids, ModelCentro","C4S, ManyVids, MC Clipstore",Clips4Sale,2,25.97,15.58,7.79,2,25.97,15.58,0,0.0,0.0,0,0.0,0.0,0,0.0,0.0,0,0.0,0.0,2021-03-04,2021-04-22,1,catalog video row; platform revenue split from content_group_summary
Video 0121,Smoky BJ and Pussy Vibe,Video,2021-01-27,Manual confirmed match,mapped,"Clips4Sale, ManyVids, ModelCentro","C4S, ManyVids, MC Clipstore",Clips4Sale,2,25.97,15.58,7.79,2,25.97,15.58,0,0.0,0.0,0,0.0,0.0,0,0.0,0.0,0,0.0,0.0,2021-01-27,2021-03-25,1,catalog video row; platform revenue split from content_group_summary
Video 0128,BBW Striptease and Lapdance POV,Video,2021-04-04,Auto exact-title match,mapped,"Clips4Sale, ManyVids, ModelCentro","C4S, ManyVids, MC Clipstore",Clips4Sale,2,25.97,15.58,7.79,2,25.97,15.58,0,0.0,0.0,0,0.0,0.0,0,0.0,0.0,0,0.0,0.0,2021-04-04,2021-05-24,1,catalog video row; platform revenue split from content_group_summary
Video 0148,Masturbating Together,Video,2021-10-02,Manual confirmed match,mapped,"Clips4Sale, ManyVids, ModelCentro","C4S, ManyVids, MC Clipstore",Clips4Sale,3,25.5,15.3,5.1,3,25.5,15.3,0,0.0,0.0,0,0.0,0.0,0,0.0,0.0,0,0.0,0.0,2021-10-02,2021-11-22,1,catalog video row; platform revenue split from content_group_summary
Video 0142,Cumming is the Best Exercise,Video,2021-08-29,Manual confirmed match,mapped,"Clips4Sale, ManyVids, ModelCentro","C4S, ManyVids, MC Clipstore","Clips4Sale, ModelCentro",3,23.99,15.21,5.07,2,13.0,7.8,0,0.0,0.0,0,0.0,0.0,0,0.0,0.0,1,10.99,7.41,2021-08-29,2026-01-01,2,catalog video row; platform revenue split from content_group_summary
Video 0236,Teasing You in My Mini Skirt,Video,2024-06-07,Manual confirmed match,mapped,"Clips4Sale, ManyVids, ModelCentro","C4S, ManyVids","Clips4Sale, ManyVids",2,24.96,14.98,7.49,1,13.98,8.39,0,0.0,0.0,1,10.98,6.59,0,0.0,0.0,0,0.0,0.0,2024-06-07,2026-04-17,2,catalog video row; platform revenue split from content_group_summary
Video 0059,Not in Kansas,Video,2019-11-01,Manual confirmed match,mapped,"Clips4Sale, ManyVids, ModelCentro","C4S, ManyVids, MC Clipstore",ManyVids,5,24.92,14.95,2.99,0,0.0,0.0,0,0.0,0.0,5,24.92,14.95,0,0.0,0.0,0,0.0,0.0,2019-11-01,2026-06-28,5,catalog video row; platform revenue split from content_group_summary
Video 0213,Jiggly Fatty Struts for You,Video,2024-02-09,Manual confirmed match,mapped,"Clips4Sale, Curvage, ModelCentro","C4S, Curvage","Clips4Sale, Curvage",2,23.97,14.93,7.46,1,18.98,11.39,1,4.99,3.54,0,0.0,0.0,0,0.0,0.0,0,0.0,0.0,2024-02-09,2026-05-22,2,catalog video row; platform revenue split from content_group_summary
Video 0204,SSBBW Babe Gobbles Entire Pie,Video,2023-11-27,Manual confirmed match,mapped,"Clips4Sale, Curvage, ManyVids, ModelCentro","C4S, ManyVids, Curvage, MC Clipstore",Clips4Sale,1,23.98,14.39,14.39,1,23.98,14.39,0,0.0,0.0,0,0.0,0.0,0,0.0,0.0,0,0.0,0.0,2023-11-27,2023-11-27,1,catalog video row; platform revenue split from content_group_summary
Video 0092,POV Fucking and Sucking,Video,2020-06-14,Manual confirmed match,mapped,"ManyVids, ModelCentro","ManyVids, MC Clipstore",ManyVids,2,23.97,14.38,7.19,0,0.0,0.0,0,0.0,0.0,2,23.97,14.38,0,0.0,0.0,0,0.0,0.0,2020-06-14,2026-05-23,2,catalog video row; platform revenue split from content_group_summary
Video 0064,Oiled-Up Bouncing,Video,2019-11-29,Manual confirmed match,mapped,"Clips4Sale, ManyVids, ModelCentro","C4S, ManyVids, MC Clipstore",Clips4Sale,2,23.97,14.38,7.19,2,23.97,14.38,0,0.0,0.0,0,0.0,0.0,0,0.0,0.0,0,0.0,0.0,2019-11-29,2020-10-30,1,catalog video row; platform revenue split from content_group_summary
Video 0102,Hot Pink Catwalk and Fat Bouncing,Video,2020-08-23,Manual confirmed match,mapped,"Clips4Sale, ManyVids, ModelCentro","C4S, ManyVids, MC Clipstore","Clips4Sale, ManyVids",3,23.95,14.37,4.79,1,7.98,4.79,0,0.0,0.0,2,15.97,9.58,0,0.0,0.0,0,0.0,0.0,2020-08-23,2026-06-21,3,catalog video row; platform revenue split from content_group_summary
Video 0197,Worship My Fat SSBBW Body,Video,2023-09-20,Manual confirmed match,mapped,"Clips4Sale, ManyVids, ModelCentro","C4S, ManyVids, MC Clipstore",Clips4Sale,1,22.98,13.79,13.79,1,22.98,13.79,0,0.0,0.0,0,0.0,0.0,0,0.0,0.0,0,0.0,0.0,2023-09-20,2023-09-22,1,catalog video row; platform revenue split from content_group_summary
Video 0135,Fat Jiggly Ass,Video,2021-06-12,Manual confirmed match,mapped,"Clips4Sale, ManyVids, ModelCentro","C4S, ManyVids, MC Clipstore","ManyVids, ModelCentro",2,20.97,13.33,6.67,0,0.0,0.0,0,0.0,0.0,1,10.98,6.59,0,0.0,0.0,1,9.99,6.74,2021-06-12,2026-02-25,2,catalog video row; platform revenue split from content_group_summary
exact-title:chargeback-forgiveness-109127975,Chargeback Forgiveness 109127975,Video,2025-02-24,,auto exact-title,,,Clips4Sale,1,21.98,13.19,13.19,1,21.98,13.19,0,0.0,0.0,0,0.0,0.0,0,0.0,0.0,0,0.0,0.0,2025-02-24,2025-02-24,1,revenue-only video row; platform revenue split from content_group_summary
exact-title:chargeback-forgiveness-106266719,Chargeback Forgiveness 106266719,Video,2024-10-25,,auto exact-title,,,Clips4Sale,1,21.98,13.19,13.19,1,21.98,13.19,0,0.0,0.0,0,0.0,0.0,0,0.0,0.0,0,0.0,0.0,2024-10-25,2024-10-25,1,revenue-only video row; platform revenue split from content_group_summary
Video 0109,Come Back to Bed POV,Video,2020-10-11,Manual confirmed match,mapped,"ManyVids, ModelCentro","ManyVids, MC Clipstore",ManyVids,2,21.97,13.18,6.59,0,0.0,0.0,0,0.0,0.0,2,21.97,13.18,0,0.0,0.0,0,0.0,0.0,2020-10-11,2026-07-07,2,catalog video row; platform revenue split from content_group_summary
Video 0110,Solo Shower Sex,Video,2020-10-18,Manual confirmed match,mapped,"Clips4Sale, ManyVids, ModelCentro","C4S, ManyVids, MC Clipstore","Clips4Sale, ManyVids",2,21.96,13.18,6.59,1,10.98,6.59,0,0.0,0.0,1,10.98,6.59,0,0.0,0.0,0,0.0,0.0,2020-10-18,2026-04-06,2,catalog video row; platform revenue split from content_group_summary
Video 0061,Fuck Me POV,Video,2019-11-13,Manual confirmed match,mapped,"ManyVids, ModelCentro","ManyVids, MC Clipstore","ManyVids, ModelCentro",2,19.97,13.1,6.55,0,0.0,0.0,0,0.0,0.0,1,4.98,2.99,0,0.0,0.0,1,14.99,10.11,2019-11-13,2026-06-14,2,catalog video row; platform revenue split from content_group_summary
Video 0151,Fat Tease and Fucking,Video,2021-10-25,Manual confirmed match,mapped,"Clips4Sale, ManyVids, ModelCentro","C4S, ManyVids, MC Clipstore","Clips4Sale, ManyVids",2,20.98,12.59,6.29,1,7.0,4.2,0,0.0,0.0,1,13.98,8.39,0,0.0,0.0,0,0.0,0.0,2021-10-25,2026-05-26,2,catalog video row; platform revenue split from content_group_summary
Video 0057,Touring My Fat Jiggly Body,Video,2019-10-23,Auto exact-title match,mapped,"Clips4Sale, ManyVids, ModelCentro","C4S, ManyVids, MC Clipstore","Clips4Sale, ManyVids",3,20.95,12.57,4.19,1,10.98,6.59,0,0.0,0.0,2,9.97,5.98,0,0.0,0.0,0,0.0,0.0,2019-10-23,2026-04-17,3,catalog video row; platform revenue split from content_group_summary
Video 0147,Donut Stuffing and Glass Dildo Riding,Video,2021-09-26,Manual confirmed match,mapped,"Clips4Sale, ManyVids, ModelCentro","C4S, ManyVids, MC Clipstore","Clips4Sale, ModelCentro",2,18.99,12.29,6.14,1,7.0,4.2,0,0.0,0.0,0,0.0,0.0,0,0.0,0.0,1,11.99,8.09,2021-09-26,2026-01-22,2,catalog video row; platform revenue split from content_group_summary
Video 0200,Gaining Cheerleader Girlfriend,Video,2023-10-16,Manual confirmed match,mapped,"Clips4Sale, ModelCentro","C4S, MC Clipstore",ModelCentro,1,17.99,12.14,12.14,0,0.0,0.0,0,0.0,0.0,0,0.0,0.0,0,0.0,0.0,1,17.99,12.14,2023-10-16,2026-07-02,1,catalog video row; platform revenue split from content_group_summary
Video 0099,Fattened Up For Master Part II,Video,2020-08-05,Manual confirmed match,mapped,"ManyVids, ModelCentro","ManyVids, MC Clipstore",ManyVids,1,19.98,11.99,11.99,0,0.0,0.0,0,0.0,0.0,1,19.98,11.99,0,0.0,0.0,0,0.0,0.0,2020-08-05,2026-06-04,1,catalog video row; platform revenue split from content_group_summary
Video 0096,Fattened Up For Master,Video,2020-07-21,Auto exact-title match,mapped,"Clips4Sale, ManyVids, ModelCentro","C4S, ManyVids, MC Clipstore",ManyVids,1,19.98,11.99,11.99,0,0.0,0.0,0,0.0,0.0,1,19.98,11.99,0,0.0,0.0,0,0.0,0.0,2020-07-21,2026-07-06,1,catalog video row; platform revenue split from content_group_summary
Video 0069,Fatty in the Shower,Video,2020-01-14,Auto exact-title match,mapped,"Clips4Sale, ManyVids, ModelCentro","C4S, ManyVids, MC Clipstore","Clips4Sale, ManyVids",2,19.96,11.98,5.99,1,9.98,5.99,0,0.0,0.0,1,9.98,5.99,0,0.0,0.0,0,0.0,0.0,2020-01-14,2026-06-04,2,catalog video row; platform revenue split from content_group_summary
Video 0056,Chubby Squirting Pussy,Video,2019-10-05,Manual confirmed match,mapped,"ManyVids, ModelCentro","ManyVids, MC Clipstore",ManyVids,4,19.93,11.96,2.99,0,0.0,0.0,0,0.0,0.0,4,19.93,11.96,0,0.0,0.0,0,0.0,0.0,2019-10-05,2026-04-30,4,catalog video row; platform revenue split from content_group_summary
Video 0173,Fatty Catwalks in Blue Lace and Heels,Video,2023-03-09,Manual confirmed match,mapped,"Clips4Sale, ManyVids, ModelCentro","C4S, ManyVids, MC Clipstore",Clips4Sale,2,19.0,11.4,5.7,2,19.0,11.4,0,0.0,0.0,0,0.0,0.0,0,0.0,0.0,0,0.0,0.0,2023-03-09,2023-03-09,1,catalog video row; platform revenue split from content_group_summary
Video 0198,Naked Fatty Tells You How to Stroke,Video,2023-10-05,Auto exact-title match,mapped,"Clips4Sale, ManyVids","C4S, ManyVids",Clips4Sale,1,17.98,10.79,10.79,1,17.98,10.79,0,0.0,0.0,0,0.0,0.0,0,0.0,0.0,0,0.0,0.0,2023-10-05,2023-10-12,1,catalog video row; platform revenue split from content_group_summary
Video 0181,SSBBW Ass Worship in Thong and Tights,Video,2023-05-30,Manual confirmed match,mapped,"Clips4Sale, ManyVids, ModelCentro","C4S, ManyVids, MC Clipstore",ModelCentro,1,15.99,10.79,10.79,0,0.0,0.0,0,0.0,0.0,0,0.0,0.0,0,0.0,0.0,1,15.99,10.79,2023-05-30,2026-07-04,1,catalog video row; platform revenue split from content_group_summary
Video 0072,Jiggly Catwalk,Video,2020-02-16,Manual confirmed match,mapped,"Clips4Sale, ManyVids, ModelCentro","C4S, ManyVids, MC Clipstore",Clips4Sale,2,17.97,10.78,5.39,2,17.97,10.78,0,0.0,0.0,0,0.0,0.0,0,0.0,0.0,0,0.0,0.0,2020-02-16,2020-11-03,1,catalog video row; platform revenue split from content_group_summary
Video 0080,Cum in My Hairy Pussy,Video,2020-04-19,Manual confirmed match,mapped,"ManyVids, ModelCentro","ManyVids, MC Clipstore","ManyVids, ModelCentro",2,15.97,10.33,5.17,0,0.0,0.0,0,0.0,0.0,1,5.98,3.59,0,0.0,0.0,1,9.99,6.74,2020-04-19,2026-04-22,2,catalog video row; platform revenue split from content_group_summary
Video 0152,Feeling Myself in the Mirror,Video,2021-11-08,Manual confirmed match,mapped,"Clips4Sale, ManyVids, ModelCentro","C4S, ManyVids, MC Clipstore",Clips4Sale,2,17.0,10.2,5.1,2,17.0,10.2,0,0.0,0.0,0,0.0,0.0,0,0.0,0.0,0,0.0,0.0,2021-11-08,2021-12-25,1,catalog video row; platform revenue split from content_group_summary
Video 0184,SSBBW Shiny Slippery Oil Play,Video,2023-06-13,Manual confirmed match,mapped,"Clips4Sale, ManyVids, ModelCentro","C4S, ManyVids, MC Clipstore",ManyVids,1,16.98,10.19,10.19,0,0.0,0.0,0,0.0,0.0,1,16.98,10.19,0,0.0,0.0,0,0.0,0.0,2023-06-13,2026-06-08,1,catalog video row; platform revenue split from content_group_summary
Video 0139,Oiling Up My Fat,Video,2021-07-12,Manual confirmed match,mapped,"Clips4Sale, ManyVids, ModelCentro","C4S, ManyVids, MC Clipstore",ManyVids,1,16.98,10.19,10.19,0,0.0,0.0,0,0.0,0.0,1,16.98,10.19,0,0.0,0.0,0,0.0,0.0,2021-07-12,2026-04-06,1,catalog video row; platform revenue split from content_group_summary
Video 0219,Messy Whipped Cream Tits,Video,2024-03-18,Manual confirmed match,mapped,"Clips4Sale, ManyVids, ModelCentro","C4S, ManyVids",Clips4Sale,1,16.98,10.19,10.19,1,16.98,10.19,0,0.0,0.0,0,0.0,0.0,0,0.0,0.0,0,0.0,0.0,2024-03-18,2024-03-20,1,catalog video row; platform revenue split from content_group_summary
Video 0140,Dildo Fucking My Wet and Drippy Pussy,Video,2021-08-08,Manual confirmed match,mapped,"Clips4Sale, ManyVids, ModelCentro","C4S, ManyVids, MC Clipstore",Clips4Sale,1,16.98,10.19,10.19,1,16.98,10.19,0,0.0,0.0,0,0.0,0.0,0,0.0,0.0,0,0.0,0.0,2021-08-08,2021-10-02,1,catalog video row; platform revenue split from content_group_summary
exact-title:chargeback-forgiveness-106573449,Chargeback Forgiveness 106573449,Video,2024-05-01,,auto exact-title,,,Clips4Sale,1,16.98,10.19,10.19,1,16.98,10.19,0,0.0,0.0,0,0.0,0.0,0,0.0,0.0,0,0.0,0.0,2024-05-01,2024-05-01,1,revenue-only video row; platform revenue split from content_group_summary
Video 0144,Sweaty Fatty Makes You Lick Her Crevices,Video,2021-09-06,Manual confirmed match,mapped,"Clips4Sale, ManyVids, ModelCentro","C4S, ManyVids, MC Clipstore",ModelCentro,1,14.99,10.11,10.11,0,0.0,0.0,0,0.0,0.0,0,0.0,0.0,0,0.0,0.0,1,14.99,10.11,2021-09-06,2026-01-01,1,catalog video row; platform revenue split from content_group_summary
Video 0202,BBW Struts and Jiggles Out of My Jeans,Video,2023-11-10,Manual confirmed match,mapped,"Clips4Sale, ManyVids, ModelCentro","C4S, ManyVids, MC Clipstore",ModelCentro,1,14.99,10.11,10.11,0,0.0,0.0,0,0.0,0.0,0,0.0,0.0,0,0.0,0.0,1,14.99,10.11,2023-11-10,2026-07-04,1,catalog video row; platform revenue split from content_group_summary
Video 0168,SSBBW Black Bikini Catwalk in Heels,Video,2022-12-17,Auto exact-title match,mapped,"Clips4Sale, ManyVids","C4S, ManyVids",Clips4Sale,2,16.0,9.6,4.8,2,16.0,9.6,0,0.0,0.0,0,0.0,0.0,0,0.0,0.0,0,0.0,0.0,2022-12-17,2022-12-29,1,catalog video row; platform revenue split from content_group_summary
Video 0091,Snack Cake Stuffing,Video,2020-06-07,Manual confirmed match,mapped,"Clips4Sale, ManyVids, ModelCentro","C4S, ManyVids, MC Clipstore",Clips4Sale,1,15.98,9.59,9.59,1,15.98,9.59,0,0.0,0.0,0,0.0,0.0,0,0.0,0.0,0,0.0,0.0,2020-06-07,2020-11-09,1,catalog video row; platform revenue split from content_group_summary
Video 0122,Persimmon Season - Ripe Series vol. 1,Video,2021-01-31,Manual confirmed match,mapped,"Clips4Sale, ManyVids, ModelCentro","C4S, ManyVids, MC Clipstore",ManyVids,1,15.98,9.59,9.59,0,0.0,0.0,0,0.0,0.0,1,15.98,9.59,0,0.0,0.0,0,0.0,0.0,2021-01-31,2026-06-13,1,catalog video row; platform revenue split from content_group_summary
exact-title:bbw-covered-in-oil-full-nude-version,BBW Covered in Oil - Full Nude Version,Video,2026-04-17,,auto exact-title,,,ManyVids,2,15.97,9.58,4.79,0,0.0,0.0,0,0.0,0.0,2,15.97,9.58,0,0.0,0.0,0,0.0,0.0,2026-04-17,2026-06-04,2,revenue-only video row; platform revenue split from content_group_summary
Video 0082,Flopping My Fat Around,Video,2020-04-25,Manual confirmed match,mapped,"Clips4Sale, ManyVids, ModelCentro","C4S, ManyVids, MC Clipstore","Clips4Sale, ManyVids",2,15.96,9.58,4.79,1,7.98,4.79,0,0.0,0.0,1,7.98,4.79,0,0.0,0.0,0,0.0,0.0,2020-04-25,2026-04-17,2,catalog video row; platform revenue split from content_group_summary
exact-title:greedy-fatty-gets-messy-stuffing-cake,Greedy fatty gets messy stuffing cake!,Video,2026-05-12,,auto exact-title,,,Curvage,1,12.99,9.54,9.54,0,0.0,0.0,1,12.99,9.54,0,0.0,0.0,0,0.0,0.0,0,0.0,0.0,2026-05-12,2026-05-12,1,revenue-only video row; platform revenue split from content_group_summary
Video 0120,Fat Nut on My Tits,Video,2021-01-10,Manual confirmed match,mapped,"Clips4Sale, ManyVids, ModelCentro","C4S, ManyVids, MC Clipstore",Clips4Sale,1,14.98,8.99,8.99,1,14.98,8.99,0,0.0,0.0,0,0.0,0.0,0,0.0,0.0,0,0.0,0.0,2021-01-10,2021-03-04,1,catalog video row; platform revenue split from content_group_summary
Video 0042,Lady in Black,Video,2019-03-21,Manual confirmed match,mapped,"ManyVids, ModelCentro",ManyVids,ManyVids,3,14.95,8.97,2.99,0,0.0,0.0,0,0.0,0.0,3,14.95,8.97,0,0.0,0.0,0,0.0,0.0,2019-03-21,2026-06-04,3,catalog video row; platform revenue split from content_group_summary
Video 0037,Fat Goddess Fucks Pussy,Video,2018-11-19,Manual confirmed match,mapped,"ManyVids, ModelCentro",ManyVids,ManyVids,3,14.95,8.97,2.99,0,0.0,0.0,0,0.0,0.0,3,14.95,8.97,0,0.0,0.0,0,0.0,0.0,2018-11-19,2026-05-26,3,catalog video row; platform revenue split from content_group_summary
Video 0047,Fat Girl in Skimpy Lingerie,Video,2019-05-28,Manual confirmed match,mapped,"ManyVids, ModelCentro",ManyVids,ManyVids,3,14.95,8.97,2.99,0,0.0,0.0,0,0.0,0.0,3,14.95,8.97,0,0.0,0.0,0,0.0,0.0,2019-05-28,2026-05-26,3,catalog video row; platform revenue split from content_group_summary
Video 0156,Fuck Me in the Window,Video,2021-12-06,Manual confirmed match,mapped,"Clips4Sale, ManyVids, ModelCentro","C4S, ManyVids, MC Clipstore",Clips4Sale,2,14.0,8.4,4.2,2,14.0,8.4,0,0.0,0.0,0,0.0,0.0,0,0.0,0.0,0,0.0,0.0,2021-12-06,2022-03-24,1,catalog video row; platform revenue split from content_group_summary
Video 0196,Fat Fitness Instructor Causes Shaking,Video,2023-09-06,Manual confirmed match,mapped,"Clips4Sale, Curvage, ManyVids","C4S, ManyVids, Curvage",Clips4Sale,1,13.98,8.39,8.39,1,13.98,8.39,0,0.0,0.0,0,0.0,0.0,0,0.0,0.0,0,0.0,0.0,2023-09-06,2023-09-07,1,catalog video row; platform revenue split from content_group_summary
exact-title:chargeback-forgiveness-106530597,Chargeback Forgiveness 106530597,Video,2023-10-07,,auto exact-title,,,Clips4Sale,1,13.98,8.39,8.39,1,13.98,8.39,0,0.0,0.0,0,0.0,0.0,0,0.0,0.0,0,0.0,0.0,2023-10-07,2023-10-07,1,revenue-only video row; platform revenue split from content_group_summary
Video 0066,BBW Bubble Bath,Video,2019-12-30,Manual confirmed match,mapped,"Clips4Sale, ManyVids, ModelCentro","C4S, ManyVids, MC Clipstore",Clips4Sale,1,13.98,8.39,8.39,1,13.98,8.39,0,0.0,0.0,0,0.0,0.0,0,0.0,0.0,0,0.0,0.0,2019-12-30,2020-11-01,1,catalog video row; platform revenue split from content_group_summary
Video 0154,Fat Bouncing in the Shower,Video,2021-11-23,Manual confirmed match,mapped,"Clips4Sale, ManyVids, ModelCentro","C4S, ManyVids, MC Clipstore",Clips4Sale,2,13.0,7.8,3.9,2,13.0,7.8,0,0.0,0.0,0,0.0,0.0,0,0.0,0.0,0,0.0,0.0,2021-11-23,2022-02-15,1,catalog video row; platform revenue split from content_group_summary
exact-title:horny-ssbbw-teases-fat-pussy-vision-pro-spatial-video,Horny SSBBW Teases Fat Pussy VISION PRO (Spatial Video),Video,2024-03-14,,auto exact-title,,,Clips4Sale,1,12.98,7.79,7.79,1,12.98,7.79,0,0.0,0.0,0,0.0,0.0,0,0.0,0.0,0,0.0,0.0,2024-03-14,2024-03-14,1,revenue-only video row; platform revenue split from content_group_summary
Video 0074,Big Ass in Blue Jeans,Video,2020-03-15,Manual confirmed match,mapped,"Clips4Sale, ModelCentro","C4S, MC Clipstore",Clips4Sale,1,12.98,7.79,7.79,1,12.98,7.79,0,0.0,0.0,0,0.0,0.0,0,0.0,0.0,0,0.0,0.0,2020-03-15,2020-11-02,1,catalog video row; platform revenue split from content_group_summary
exact-title:bbw-shower,BBW Shower,Video,2020-11-17,,auto exact-title,,,Clips4Sale,1,12.98,7.79,7.79,1,12.98,7.79,0,0.0,0.0,0,0.0,0.0,0,0.0,0.0,0,0.0,0.0,2020-11-17,2020-11-17,1,revenue-only video row; platform revenue split from content_group_summary
Video 0095,Huge Twerking Ass and Dripping Chubby Pussy,Video,2020-07-13,Manual confirmed match,mapped,"ManyVids, ModelCentro","ManyVids, MC Clipstore",ManyVids,1,11.98,7.19,7.19,0,0.0,0.0,0,0.0,0.0,1,11.98,7.19,0,0.0,0.0,0,0.0,0.0,2020-07-13,2026-06-27,1,catalog video row; platform revenue split from content_group_summary
Video 0137,Struggling to Stand,Video,2021-06-24,Manual confirmed match,mapped,"Clips4Sale, ModelCentro","C4S, MC Clipstore",Clips4Sale,1,10.98,6.59,6.59,1,10.98,6.59,0,0.0,0.0,0,0.0,0.0,0,0.0,0.0,0,0.0,0.0,2021-06-24,2021-06-24,1,catalog video row; platform revenue split from content_group_summary
Video 0105,Spying on Your Hot Roommate,Video,2020-09-14,Manual confirmed match,mapped,"ManyVids, ModelCentro","ManyVids, MC Clipstore",ManyVids,1,10.98,6.59,6.59,0,0.0,0.0,0,0.0,0.0,1,10.98,6.59,0,0.0,0.0,0,0.0,0.0,2020-09-14,2026-05-31,1,catalog video row; platform revenue split from content_group_summary
Video 0104,Oiled BBW Slides Naked on Air Mattress,Video,2020-09-14,Manual confirmed match,mapped,"Clips4Sale, ManyVids, ModelCentro","C4S, ManyVids, MC Clipstore",ManyVids,1,10.98,6.59,6.59,0,0.0,0.0,0,0.0,0.0,1,10.98,6.59,0,0.0,0.0,0,0.0,0.0,2020-09-14,2026-04-06,1,catalog video row; platform revenue split from content_group_summary
Video 0100,Ass Worship in Tights and Heels,Video,2020-08-09,Manual confirmed match,mapped,"Clips4Sale, ManyVids, ModelCentro","C4S, ManyVids, MC Clipstore",Clips4Sale,1,10.98,6.59,6.59,1,10.98,6.59,0,0.0,0.0,0,0.0,0.0,0,0.0,0.0,0,0.0,0.0,2020-08-09,2020-11-08,1,catalog video row; platform revenue split from content_group_summary
Video 0114,Ass Clapping and Dildo Riding,Video,2020-11-17,Manual confirmed match,mapped,"Clips4Sale, ManyVids, ModelCentro","C4S, ManyVids, MC Clipstore",ManyVids,1,10.98,6.59,6.59,0,0.0,0.0,0,0.0,0.0,1,10.98,6.59,0,0.0,0.0,0,0.0,0.0,2020-11-17,2026-05-16,1,catalog video row; platform revenue split from content_group_summary
Video 0113,Sexy Body Bouncing and Jiggling,Video,2020-11-08,Manual confirmed match,mapped,"Clips4Sale, ManyVids, ModelCentro","C4S, ManyVids, MC Clipstore",Clips4Sale,1,9.98,5.99,5.99,1,9.98,5.99,0,0.0,0.0,0,0.0,0.0,0,0.0,0.0,0,0.0,0.0,2020-11-08,2020-12-13,1,catalog video row; platform revenue split from content_group_summary
Video 0055,65 Inch Ass Worship,Video,2019-10-05,Manual confirmed match,mapped,"Clips4Sale, ManyVids, ModelCentro","C4S, ManyVids, MC Clipstore",Clips4Sale,1,9.98,5.99,5.99,1,9.98,5.99,0,0.0,0.0,0,0.0,0.0,0,0.0,0.0,0,0.0,0.0,2019-10-05,2020-10-27,1,catalog video row; platform revenue split from content_group_summary
Video 0049,Sexy Soft Curves,Video,2019-07-26,Manual confirmed match,mapped,"ManyVids, ModelCentro",ManyVids,ManyVids,2,9.97,5.98,2.99,0,0.0,0.0,0,0.0,0.0,2,9.97,5.98,0,0.0,0.0,0,0.0,0.0,2019-07-26,2026-06-04,2,catalog video row; platform revenue split from content_group_summary
Video 0041,I Need V-day Dick,Video,2019-02-18,Manual confirmed match,mapped,"ManyVids, ModelCentro",ManyVids,ManyVids,2,9.97,5.98,2.99,0,0.0,0.0,0,0.0,0.0,2,9.97,5.98,0,0.0,0.0,0,0.0,0.0,2019-02-18,2026-06-04,2,catalog video row; platform revenue split from content_group_summary
Video 0031,Hitachi Makes Me Squirt,Video,2018-06-20,Manual confirmed match,mapped,"ManyVids, ModelCentro",ManyVids,ManyVids,2,9.97,5.98,2.99,0,0.0,0.0,0,0.0,0.0,2,9.97,5.98,0,0.0,0.0,0,0.0,0.0,2018-06-20,2026-03-07,2,catalog video row; platform revenue split from content_group_summary
Video 0169,BBW Bra Changing JOI w/ Cum Countdown,Video,2022-12-30,Manual confirmed match,mapped,"Clips4Sale, ManyVids","C4S, ManyVids",Clips4Sale,1,9.5,5.7,5.7,1,9.5,5.7,0,0.0,0.0,0,0.0,0.0,0,0.0,0.0,0,0.0,0.0,2022-12-30,2023-03-09,1,catalog video row; platform revenue split from content_group_summary
Video 0172,Little Black Dress SSBBW Catwalk,Video,2023-03-02,Manual confirmed match,mapped,"Clips4Sale, ManyVids","C4S, ManyVids",Clips4Sale,1,9.0,5.4,5.4,1,9.0,5.4,0,0.0,0.0,0,0.0,0.0,0,0.0,0.0,0,0.0,0.0,2023-03-02,2023-03-09,1,catalog video row; platform revenue split from content_group_summary
Video 0161,Burrito Binge,Video,2022-03-15,Manual confirmed match,mapped,"Clips4Sale, ManyVids, ModelCentro","C4S, ManyVids, MC Clipstore",Clips4Sale,1,9.0,5.4,5.4,1,9.0,5.4,0,0.0,0.0,0,0.0,0.0,0,0.0,0.0,0,0.0,0.0,2022-03-15,2022-08-08,1,catalog video row; platform revenue split from content_group_summary
Video 0107,Full Body Measurements,Video,2020-09-27,Manual confirmed match,mapped,"Clips4Sale, ManyVids, ModelCentro","C4S, ManyVids, MC Clipstore",Clips4Sale,1,8.98,5.39,5.39,1,8.98,5.39,0,0.0,0.0,0,0.0,0.0,0,0.0,0.0,0,0.0,0.0,2020-09-27,2020-11-22,1,catalog video row; platform revenue split from content_group_summary
Video 0117,Cozy Winter Pussy Play,Video,2020-12-13,Manual confirmed match,mapped,"Clips4Sale, ManyVids, ModelCentro","C4S, ManyVids, MC Clipstore",ManyVids,1,7.98,4.79,4.79,0,0.0,0.0,0,0.0,0.0,1,7.98,4.79,0,0.0,0.0,0,0.0,0.0,2020-12-13,2026-04-17,1,catalog video row; platform revenue split from content_group_summary
Video 0090,400lbs Bouncing on Your Cock,Video,2020-06-07,Manual confirmed match,mapped,"ManyVids, ModelCentro","ManyVids, MC Clipstore",ManyVids,1,7.98,4.79,4.79,0,0.0,0.0,0,0.0,0.0,1,7.98,4.79,0,0.0,0.0,0,0.0,0.0,2020-06-07,2026-06-27,1,catalog video row; platform revenue split from content_group_summary
Video 0024,Squirting and Fishnets,Video,2018-01-10,Manual confirmed match,mapped,"ManyVids, ModelCentro",ManyVids,ManyVids,1,4.98,2.99,2.99,0,0.0,0.0,0,0.0,0.0,1,4.98,2.99,0,0.0,0.0,0,0.0,0.0,2018-01-10,2026-04-17,1,catalog video row; platform revenue split from content_group_summary
Video 0027,Squeaky Chair Big Girl,Video,2018-03-02,Manual confirmed match,mapped,"ManyVids, ModelCentro",ManyVids,ManyVids,1,4.98,2.99,2.99,0,0.0,0.0,0,0.0,0.0,1,4.98,2.99,0,0.0,0.0,0,0.0,0.0,2018-03-02,2026-06-17,1,catalog video row; platform revenue split from content_group_summary
Video 0038,Lady Needs Your Cum,Video,2018-12-01,Manual confirmed match,mapped,"ManyVids, ModelCentro",ManyVids,ManyVids,1,4.98,2.99,2.99,0,0.0,0.0,0,0.0,0.0,1,4.98,2.99,0,0.0,0.0,0,0.0,0.0,2018-12-01,2026-06-12,1,catalog video row; platform revenue split from content_group_summary
Video 0045,Lady Loves to Play,Video,2019-04-30,Manual confirmed match,mapped,"ManyVids, ModelCentro",ManyVids,ManyVids,1,4.98,2.99,2.99,0,0.0,0.0,0,0.0,0.0,1,4.98,2.99,0,0.0,0.0,0,0.0,0.0,2019-04-30,2026-04-17,1,catalog video row; platform revenue split from content_group_summary
Video 0063,Juicy Pussy Play,Video,2019-11-19,Manual confirmed match,mapped,"ManyVids, ModelCentro","ManyVids, MC Clipstore",ManyVids,1,4.98,2.99,2.99,0,0.0,0.0,0,0.0,0.0,1,4.98,2.99,0,0.0,0.0,0,0.0,0.0,2019-11-19,2026-05-04,1,catalog video row; platform revenue split from content_group_summary
Video 0050,Jack Off To My Fat,Video,2019-08-07,Manual confirmed match,mapped,"ManyVids, ModelCentro","ManyVids, MC Clipstore",ManyVids,1,4.98,2.99,2.99,0,0.0,0.0,0,0.0,0.0,1,4.98,2.99,0,0.0,0.0,0,0.0,0.0,2019-08-07,2026-04-17,1,catalog video row; platform revenue split from content_group_summary
Video 0054,Devouring Powdered Donuts,Video,2019-09-20,Manual confirmed match,mapped,"Clips4Sale, ManyVids, ModelCentro","C4S, ManyVids, MC Clipstore",ManyVids,1,4.98,2.99,2.99,0,0.0,0.0,0,0.0,0.0,1,4.98,2.99,0,0.0,0.0,0,0.0,0.0,2019-09-20,2026-05-26,1,catalog video row; platform revenue split from content_group_summary
Video 0052,Bouncing Twerking and Grinding,Video,2019-09-03,Manual confirmed match,mapped,"ManyVids, ModelCentro","ManyVids, MC Clipstore",ManyVids,1,4.98,2.99,2.99,0,0.0,0.0,0,0.0,0.0,1,4.98,2.99,0,0.0,0.0,0,0.0,0.0,2019-09-03,2026-04-16,1,catalog video row; platform revenue split from content_group_summary
Video 0062,50 Wing Binge,Video,2019-11-19,Manual confirmed match,mapped,"Clips4Sale, ManyVids, ModelCentro","C4S, ManyVids, MC Clipstore",ManyVids,1,4.98,2.99,2.99,0,0.0,0.0,0,0.0,0.0,1,4.98,2.99,0,0.0,0.0,0,0.0,0.0,2019-11-19,2026-05-26,1,catalog video row; platform revenue split from content_group_summary
Video 0129,Video Chat with Horny GF (Vertical Video),Video,2021-04-13,Manual confirmed match,,"Clips4Sale, ManyVids, ModelCentro","C4S, ManyVids, MC Clipstore",,0,0,0,,0,0,0,0,0,0,0,0,0,0,0,0,0,0,0,2021-04-13,,0,catalog video row; no mapped revenue rows captured
Video 0115,Vibing in the Bathtub,Video,2020-11-22,Manual confirmed match,,"Clips4Sale, ManyVids, ModelCentro","C4S, ManyVids, MC Clipstore",,0,0,0,,0,0,0,0,0,0,0,0,0,0,0,0,0,0,0,2020-11-22,,0,catalog video row; no mapped revenue rows captured
Video 0141,Very Berry Body Tease - Ripe Series vol. 2,Video,2021-08-18,Manual confirmed match,,"Clips4Sale, ManyVids, ModelCentro","C4S, ManyVids, MC Clipstore",,0,0,0,,0,0,0,0,0,0,0,0,0,0,0,0,0,0,0,2021-08-18,,0,catalog video row; no mapped revenue rows captured
Video 0001,US Independence Day! Popsicles and Pussies..,Video,2017-07-01,Auto exact-title match,,ModelCentro,MC Clipstore,,0,0,0,,0,0,0,0,0,0,0,0,0,0,0,0,0,0,0,2017-07-01,,0,catalog video row; no mapped revenue rows captured
Video 0106,Two Dicks One Pussy,Video,2020-09-20,Manual confirmed match,,"Clips4Sale, ManyVids, ModelCentro","C4S, ManyVids, MC Clipstore",,0,0,0,,0,0,0,0,0,0,0,0,0,0,0,0,0,0,0,2020-09-20,,0,catalog video row; no mapped revenue rows captured
Video 0085,Trying On My Too-Small Clothes,Video,2020-05-09,Manual confirmed match,,"Clips4Sale, ManyVids, ModelCentro","C4S, ManyVids, MC Clipstore",,0,0,0,,0,0,0,0,0,0,0,0,0,0,0,0,0,0,0,2020-05-09,,0,catalog video row; no mapped revenue rows captured
Video 0012,Topless Foot Job,Video,2017-08-08,Needs manual review,,ModelCentro,MC Clipstore,,0,0,0,,0,0,0,0,0,0,0,0,0,0,0,0,0,0,0,2017-08-08,,0,catalog video row; no mapped revenue rows captured
Video 0081,Titty Fucking and Sucking,Video,2020-04-21,Needs manual review,,ManyVids,ManyVids,,0,0,0,,0,0,0,0,0,0,0,0,0,0,0,0,0,0,0,2020-04-21,,0,catalog video row; no mapped revenue rows captured
Video 0086,Stuffing With Potato Chips,Video,2020-05-16,Manual confirmed match,,"Clips4Sale, ManyVids, ModelCentro","C4S, ManyVids, MC Clipstore",,0,0,0,,0,0,0,0,0,0,0,0,0,0,0,0,0,0,0,2020-05-16,,0,catalog video row; no mapped revenue rows captured
Video 0048,Squirts and Sucking,Video,2019-06-12,Needs manual review,,ModelCentro,,,0,0,0,,0,0,0,0,0,0,0,0,0,0,0,0,0,0,0,2019-06-12,,0,catalog video row; no mapped revenue rows captured
Video 0007,Squirting with my Black Magic Wand!,Video,2017-07-28,Needs manual review,,ModelCentro,MC Clipstore,,0,0,0,,0,0,0,0,0,0,0,0,0,0,0,0,0,0,0,2017-07-28,,0,catalog video row; no mapped revenue rows captured
Video 0036,Sorceress Sublime Charms Your Cock,Video,2018-10-25,Needs manual review,,ModelCentro,,,0,0,0,,0,0,0,0,0,0,0,0,0,0,0,0,0,0,0,2018-10-25,,0,catalog video row; no mapped revenue rows captured
Video 0210,Soapy and Dripping SSBBW in the Shower,Video,2023-12-31,Manual confirmed match,,"Clips4Sale, ManyVids, ModelCentro","C4S, ManyVids",,0,0,0,,0,0,0,0,0,0,0,0,0,0,0,0,0,0,0,2023-12-31,,0,catalog video row; no mapped revenue rows captured
Video 0006,Smoking and squirting with my Wand,Video,2017-07-28,Needs manual review,,ModelCentro,MC Clipstore,,0,0,0,,0,0,0,0,0,0,0,0,0,0,0,0,0,0,0,2017-07-28,,0,catalog video row; no mapped revenue rows captured
Video 0087,Slow Motion Fat Belly Bouncing,Video,2020-05-17,Manual confirmed match,,"Curvage, ManyVids, ModelCentro","ManyVids, Curvage, MC Clipstore",,0,0,0,,0,0,0,0,0,0,0,0,0,0,0,0,0,0,0,2020-05-17,,0,catalog video row; no mapped revenue rows captured
Video 0108,Slow Motion Ass Clapping,Video,2020-10-05,Manual confirmed match,,"Clips4Sale, ManyVids, ModelCentro","C4S, ManyVids, MC Clipstore",,0,0,0,,0,0,0,0,0,0,0,0,0,0,0,0,0,0,0,2020-10-05,,0,catalog video row; no mapped revenue rows captured
Video 0044,Slick and Shiny Oil Play (Full),Video,2019-04-16,Manual confirmed match,,"Clips4Sale, ManyVids, ModelCentro","C4S, ManyVids, MC Clipstore",,0,0,0,,0,0,0,0,0,0,0,0,0,0,0,0,0,0,0,2019-04-16,,0,catalog video row; no mapped revenue rows captured
Video 0011,Size 11's on the Porch,Video,2017-08-08,Needs manual review,,ModelCentro,MC Clipstore,,0,0,0,,0,0,0,0,0,0,0,0,0,0,0,0,0,0,0,2017-08-08,,0,catalog video row; no mapped revenue rows captured
Video 0093,Shower Hidden Camera,Video,2020-06-23,Manual confirmed match,,"Clips4Sale, ManyVids, ModelCentro","C4S, ManyVids, MC Clipstore",,0,0,0,,0,0,0,0,0,0,0,0,0,0,0,0,0,0,0,2020-06-23,,0,catalog video row; no mapped revenue rows captured
Video 0164,Shiny Oily Jiggles,Video,2022-11-01,Needs manual review,,ModelCentro,,,0,0,0,,0,0,0,0,0,0,0,0,0,0,0,0,0,0,0,2022-11-01,,0,catalog video row; no mapped revenue rows captured
Video 0020,Sexy Stripey Shenanigans,Video,2017-10-20,Needs manual review,,ModelCentro,,,0,0,0,,0,0,0,0,0,0,0,0,0,0,0,0,0,0,0,2017-10-20,,0,catalog video row; no mapped revenue rows captured
Video 0046,Sexy Standing up Quickie,Video,2019-05-14,Needs manual review,,ModelCentro,,,0,0,0,,0,0,0,0,0,0,0,0,0,0,0,0,0,0,0,2019-05-14,,0,catalog video row; no mapped revenue rows captured
Video 0212,Sexy Soaking Fatty,Video,2024-02-02,Manual confirmed match,,"Clips4Sale, ManyVids, ModelCentro","C4S, ManyVids",,0,0,0,,0,0,0,0,0,0,0,0,0,0,0,0,0,0,0,2024-02-02,,0,catalog video row; no mapped revenue rows captured
Video 0112,Sensual Pussy Play with JOI,Video,2020-11-01,Manual confirmed match,,"ManyVids, ModelCentro","ManyVids, MC Clipstore",,0,0,0,,0,0,0,0,0,0,0,0,0,0,0,0,0,0,0,2020-11-01,,0,catalog video row; no mapped revenue rows captured
Video 0039,Santa's Little Cocktease,Video,2018-12-15,Needs manual review,,ModelCentro,,,0,0,0,,0,0,0,0,0,0,0,0,0,0,0,0,0,0,0,2018-12-15,,0,catalog video row; no mapped revenue rows captured
Video 0179,SSBBW Workout Struggle in Lingerie,Video,2023-05-05,Manual confirmed match,,"Clips4Sale, ManyVids, ModelCentro","C4S, ManyVids, MC Clipstore",,0,0,0,,0,0,0,0,0,0,0,0,0,0,0,0,0,0,0,2023-05-05,,0,catalog video row; no mapped revenue rows captured
Video 0226,SSBBW Stuffs Burgers POV (VISION PRO),Video,2024-04-12,Needs manual review,,Clips4Sale,C4S,,0,0,0,,0,0,0,0,0,0,0,0,0,0,0,0,0,0,0,2024-04-12,,0,catalog video row; no mapped revenue rows captured
Video 0180,SSBBW Stuffing Donuts Pussy Play and JOI,Video,2023-05-14,Manual confirmed match,,"Clips4Sale, ManyVids, ModelCentro","C4S, ManyVids, MC Clipstore",,0,0,0,,0,0,0,0,0,0,0,0,0,0,0,0,0,0,0,2023-05-14,,0,catalog video row; no mapped revenue rows captured
Video 0175,SSBBW Catwalk in Skinny Jeans and Heels,Video,2023-04-05,Auto exact-title match,,"Clips4Sale, ManyVids, ModelCentro","C4S, ManyVids, MC Clipstore",,0,0,0,,0,0,0,0,0,0,0,0,0,0,0,0,0,0,0,2023-04-05,,0,catalog video row; no mapped revenue rows captured
Video 0131,Rose Quartz in my Wet Pussy,Video,2021-05-19,Manual confirmed match,,"Clips4Sale, ManyVids, ModelCentro","C4S, ManyVids, MC Clipstore",,0,0,0,,0,0,0,0,0,0,0,0,0,0,0,0,0,0,0,2021-05-19,,0,catalog video row; no mapped revenue rows captured
Video 0032,"Red, White and BBW",Video,2018-07-03,Needs manual review,,ModelCentro,,,0,0,0,,0,0,0,0,0,0,0,0,0,0,0,0,0,0,0,2018-07-03,,0,catalog video row; no mapped revenue rows captured
Video 0019,Red Couch Fuck,Video,2017-10-05,Needs manual review,,ModelCentro,,,0,0,0,,0,0,0,0,0,0,0,0,0,0,0,0,0,0,0,2017-10-05,,0,catalog video row; no mapped revenue rows captured
Video 0005,Quickie with my BBC dildo,Video,2017-07-28,Needs manual review,,ModelCentro,MC Clipstore,,0,0,0,,0,0,0,0,0,0,0,0,0,0,0,0,0,0,0,2017-07-28,,0,catalog video row; no mapped revenue rows captured
Video 0002,Pretty in Pink,Video,2017-07-15,Needs manual review,,ModelCentro,,,0,0,0,,0,0,0,0,0,0,0,0,0,0,0,0,0,0,0,2017-07-15,,0,catalog video row; no mapped revenue rows captured
Video 0008,Playing with my fat jiggly belly,Video,2017-07-30,Needs manual review,,ModelCentro,MC Clipstore,,0,0,0,,0,0,0,0,0,0,0,0,0,0,0,0,0,0,0,2017-07-30,,0,catalog video row; no mapped revenue rows captured
Video 0190,Oiled Up Fatty Does Naked Workout,Video,2023-07-26,Manual confirmed match,,"Clips4Sale, ManyVids, ModelCentro","C4S, ManyVids, MC Clipstore",,0,0,0,,0,0,0,0,0,0,0,0,0,0,0,0,0,0,0,2023-07-26,,0,catalog video row; no mapped revenue rows captured
Video 0068,Netflix and Chill,Video,2020-01-12,Manual confirmed match,,"ManyVids, ModelCentro","ManyVids, MC Clipstore",,0,0,0,,0,0,0,0,0,0,0,0,0,0,0,0,0,0,0,2020-01-12,,0,catalog video row; no mapped revenue rows captured
Video 0004,Naughty gym shower!,Video,2017-07-28,Auto exact-title match,,ModelCentro,MC Clipstore,,0,0,0,,0,0,0,0,0,0,0,0,0,0,0,0,0,0,0,2017-07-28,,0,catalog video row; no mapped revenue rows captured
Video 0015,Naughty Car Fun,Video,2017-09-01,Needs manual review,,ModelCentro,,,0,0,0,,0,0,0,0,0,0,0,0,0,0,0,0,0,0,0,2017-09-01,,0,catalog video row; no mapped revenue rows captured
Video 0166,My Weight Gain Makes Me Wet,Video,2022-11-29,Manual confirmed match,,"Clips4Sale, ManyVids, ModelCentro","C4S, ManyVids",,0,0,0,,0,0,0,0,0,0,0,0,0,0,0,0,0,0,0,2022-11-29,,0,catalog video row; no mapped revenue rows captured
Video 0026,My Fat Squirting Valentine,Video,2018-02-13,Needs manual review,,ModelCentro,,,0,0,0,,0,0,0,0,0,0,0,0,0,0,0,0,0,0,0,2018-02-13,,0,catalog video row; no mapped revenue rows captured
Video 0022,Multiple Orgasms and Squirting,Video,2017-12-17,Needs manual review,,ModelCentro,MC Clipstore,,0,0,0,,0,0,0,0,0,0,0,0,0,0,0,0,0,0,0,2017-12-17,,0,catalog video row; no mapped revenue rows captured
Video 0103,Multi-Orgasm Vibrator Riding,Video,2020-08-30,Auto exact-title match,,ModelCentro,MC Clipstore,,0,0,0,,0,0,0,0,0,0,0,0,0,0,0,0,0,0,0,2020-08-30,,0,catalog video row; no mapped revenue rows captured
Video 0118,Merry Christmas Strip Tease,Video,2020-12-25,Needs manual review,,ModelCentro,,,0,0,0,,0,0,0,0,0,0,0,0,0,0,0,0,0,0,0,2020-12-25,,0,catalog video row; no mapped revenue rows captured
Video 0040,Merry Christmas 2018!,Video,2018-12-25,Needs manual review,,ModelCentro,,,0,0,0,,0,0,0,0,0,0,0,0,0,0,0,0,0,0,0,2018-12-25,,0,catalog video row; no mapped revenue rows captured
Video 0023,Merry Christmas 2017!,Video,2017-12-25,Needs manual review,,ModelCentro,,,0,0,0,,0,0,0,0,0,0,0,0,0,0,0,0,0,0,0,2017-12-25,,0,catalog video row; no mapped revenue rows captured
Video 0189,Measuring and Weighing my Massive SSBBW Body,Video,2023-07-22,Manual confirmed match,,"Clips4Sale, Curvage, ManyVids, ModelCentro","C4S, ManyVids, Curvage, MC Clipstore",,0,0,0,,0,0,0,0,0,0,0,0,0,0,0,0,0,0,0,2023-07-22,,0,catalog video row; no mapped revenue rows captured
Video 0089,Manual Moaning Orgasm,Video,2020-05-23,Manual confirmed match,,"ManyVids, ModelCentro","ManyVids, MC Clipstore",,0,0,0,,0,0,0,0,0,0,0,0,0,0,0,0,0,0,0,2020-05-23,,0,catalog video row; no mapped revenue rows captured
Video 0025,Magenta Dreams,Video,2018-01-27,Needs manual review,,ModelCentro,,,0,0,0,,0,0,0,0,0,0,0,0,0,0,0,0,0,0,0,2018-01-27,,0,catalog video row; no mapped revenue rows captured
Video 0028,Loving Lace,Video,2018-04-01,Needs manual review,,ModelCentro,,,0,0,0,,0,0,0,0,0,0,0,0,0,0,0,0,0,0,0,2018-04-01,,0,catalog video row; no mapped revenue rows captured
Video 0075,Lotion on My Tits and Belly,Video,2020-03-21,Manual confirmed match,,"Clips4Sale, ManyVids, ModelCentro","C4S, ManyVids, MC Clipstore",,0,0,0,,0,0,0,0,0,0,0,0,0,0,0,0,0,0,0,2020-03-21,,0,catalog video row; no mapped revenue rows captured
Video 0033,Leopard Print Fantasy,Video,2018-08-23,Needs manual review,,ModelCentro,,,0,0,0,,0,0,0,0,0,0,0,0,0,0,0,0,0,0,0,2018-08-23,,0,catalog video row; no mapped revenue rows captured
Video 0205,Jiggly Bodystocking Workout,Video,2023-12-03,Manual confirmed match,,"Clips4Sale, ManyVids, ModelCentro","C4S, ManyVids, MC Clipstore",,0,0,0,,0,0,0,0,0,0,0,0,0,0,0,0,0,0,0,2023-12-03,,0,catalog video row; no mapped revenue rows captured
Video 0060,Horny Stoner Girlfriend,Video,2019-11-12,Needs manual review,,ModelCentro,MC Clipstore,,0,0,0,,0,0,0,0,0,0,0,0,0,0,0,0,0,0,0,2019-11-12,,0,catalog video row; no mapped revenue rows captured
Video 0217,Horny SSBBW Teases Fat Pussy VISION PRO (Spatial Video),Video,2024-03-14,Needs manual review,,Clips4Sale,C4S,,0,0,0,,0,0,0,0,0,0,0,0,0,0,0,0,0,0,0,2024-03-14,,0,catalog video row; no mapped revenue rows captured
Video 0155,Horny Novel Makes Me Touch Myself,Video,2021-11-29,Manual confirmed match,,"Clips4Sale, ManyVids, ModelCentro","C4S, ManyVids, MC Clipstore",,0,0,0,,0,0,0,0,0,0,0,0,0,0,0,0,0,0,0,2021-11-29,,0,catalog video row; no mapped revenue rows captured
Video 0071,Hands-Free Cake Stuffing,Video,2020-02-07,Needs manual review,,ModelCentro,,,0,0,0,,0,0,0,0,0,0,0,0,0,0,0,0,0,0,0,2020-02-07,,0,catalog video row; no mapped revenue rows captured
Video 0029,Hand Solo,Video,2018-05-17,Needs manual review,,ModelCentro,,,0,0,0,,0,0,0,0,0,0,0,0,0,0,0,0,0,0,0,2018-05-17,,0,catalog video row; no mapped revenue rows captured
Video 0178,Greedy pig devours KFC!,Video,2023-05-03,Manual confirmed match,,"Clips4Sale, Curvage, ManyVids","C4S, ManyVids, Curvage",,0,0,0,,0,0,0,0,0,0,0,0,0,0,0,0,0,0,0,2023-05-03,,0,catalog video row; no mapped revenue rows captured
Video 0017,Getting Steamy in the Hot Tub,Video,2017-09-13,Auto exact-title match,,ModelCentro,MC Clipstore,,0,0,0,,0,0,0,0,0,0,0,0,0,0,0,0,0,0,0,2017-09-13,,0,catalog video row; no mapped revenue rows captured
Video 0073,"Gagging, Drooling, and Riding",Video,2020-03-07,Auto exact-title match,,ModelCentro,MC Clipstore,,0,0,0,,0,0,0,0,0,0,0,0,0,0,0,0,0,0,0,2020-03-07,,0,catalog video row; no mapped revenue rows captured
Video 0003,Fucking my big glass toy!,Video,2017-07-28,Needs manual review,,ModelCentro,MC Clipstore,,0,0,0,,0,0,0,0,0,0,0,0,0,0,0,0,0,0,0,2017-07-28,,0,catalog video row; no mapped revenue rows captured
Video 0101,Fucking a Little Chubby Toy,Video,2020-08-16,Manual confirmed match,,"ManyVids, ModelCentro","ManyVids, MC Clipstore",,0,0,0,,0,0,0,0,0,0,0,0,0,0,0,0,0,0,0,2020-08-16,,0,catalog video row; no mapped revenue rows captured
Video 0083,Fucking My Pussy Until it Drips Sweet Creamy Cum,Video,2020-05-02,Auto exact-title match,,ModelCentro,MC Clipstore,,0,0,0,,0,0,0,0,0,0,0,0,0,0,0,0,0,0,0,2020-05-02,,0,catalog video row; no mapped revenue rows captured
Video 0009,Fuck me in my stilettos,Video,2017-08-01,Auto exact-title match,,ModelCentro,MC Clipstore,,0,0,0,,0,0,0,0,0,0,0,0,0,0,0,0,0,0,0,2017-08-01,,0,catalog video row; no mapped revenue rows captured
Video 0088,"Finger Sucking, Licking, and Spit Play",Video,2020-05-19,Needs manual review,,ManyVids,ManyVids,,0,0,0,,0,0,0,0,0,0,0,0,0,0,0,0,0,0,0,2020-05-19,,0,catalog video row; no mapped revenue rows captured
Video 0030,Fatty in the Sun,Video,2018-05-31,Manual confirmed match,,"ManyVids, ModelCentro",ManyVids,,0,0,0,,0,0,0,0,0,0,0,0,0,0,0,0,0,0,0,2018-05-31,,0,catalog video row; no mapped revenue rows captured
Video 0185,Fatty Catwalks in Black Skinny Jeans,Video,2023-06-14,Auto exact-title match,,"Clips4Sale, ManyVids","C4S, ManyVids",,0,0,0,,0,0,0,0,0,0,0,0,0,0,0,0,0,0,0,2023-06-14,,0,catalog video row; no mapped revenue rows captured
Video 0018,Fat Schoolgirl Teases Principal,Video,2017-09-15,Needs manual review,,ModelCentro,,,0,0,0,,0,0,0,0,0,0,0,0,0,0,0,0,0,0,0,2017-09-15,,0,catalog video row; no mapped revenue rows captured
Video 0193,Fat Girl Struts in Black Lace Romper,Video,2023-08-25,Auto exact-title match,,"Clips4Sale, ManyVids","C4S, ManyVids",,0,0,0,,0,0,0,0,0,0,0,0,0,0,0,0,0,0,0,2023-08-25,,0,catalog video row; no mapped revenue rows captured
Video 0132,Fat Clapping in the Mirror,Video,2021-05-22,Auto exact-title match,,"Clips4Sale, ManyVids, ModelCentro","C4S, ManyVids, MC Clipstore",,0,0,0,,0,0,0,0,0,0,0,0,0,0,0,0,0,0,0,2021-05-22,,0,catalog video row; no mapped revenue rows captured
Video 0127,Fat Chat Gets Me Hot,Video,2021-03-30,Auto exact-title match,,"Clips4Sale, ManyVids, ModelCentro","C4S, ManyVids, MC Clipstore",,0,0,0,,0,0,0,0,0,0,0,0,0,0,0,0,0,0,0,2021-03-30,,0,catalog video row; no mapped revenue rows captured
Video 0034,Fat Ass in a Tiny Skirt,Video,2018-09-13,Needs manual review,,ModelCentro,,,0,0,0,,0,0,0,0,0,0,0,0,0,0,0,0,0,0,0,2018-09-13,,0,catalog video row; no mapped revenue rows captured
Video 0230,Fat Ass in Shiny Pants,Video,2024-04-25,Manual confirmed match,,"Clips4Sale, ManyVids, ModelCentro","C4S, ManyVids",,0,0,0,,0,0,0,0,0,0,0,0,0,0,0,0,0,0,0,2024-04-25,,0,catalog video row; no mapped revenue rows captured
Video 0010,Demolishing a Big Ass Burrito,Video,2017-08-08,Needs manual review,,ModelCentro,MC Clipstore,,0,0,0,,0,0,0,0,0,0,0,0,0,0,0,0,0,0,0,2017-08-08,,0,catalog video row; no mapped revenue rows captured
Video 0076,Cumming in my Panties,Video,2020-03-28,Manual confirmed match,,"ManyVids, ModelCentro","ManyVids, MC Clipstore",,0,0,0,,0,0,0,0,0,0,0,0,0,0,0,0,0,0,0,2020-03-28,,0,catalog video row; no mapped revenue rows captured
Video 0043,Cum On My Tits,Video,2019-04-09,Needs manual review,,ModelCentro,,,0,0,0,,0,0,0,0,0,0,0,0,0,0,0,0,0,0,0,2019-04-09,,0,catalog video row; no mapped revenue rows captured
Video 0065,Creeping on my Camshow,Video,2019-12-21,Manual confirmed match,,"Clips4Sale, ManyVids, ModelCentro","C4S, ManyVids, MC Clipstore",,0,0,0,,0,0,0,0,0,0,0,0,0,0,0,0,0,0,0,2019-12-21,,0,catalog video row; no mapped revenue rows captured
Video 0014,"Close Up BJ on 7"" Toy",Video,2017-08-15,Auto exact-title match,,ModelCentro,MC Clipstore,,0,0,0,,0,0,0,0,0,0,0,0,0,0,0,0,0,0,0,2017-08-15,,0,catalog video row; no mapped revenue rows captured
Video 0134,Clit Pumped and Vibing,Video,2021-06-01,Manual confirmed match,,"Clips4Sale, ManyVids, ModelCentro","C4S, ManyVids, MC Clipstore",,0,0,0,,0,0,0,0,0,0,0,0,0,0,0,0,0,0,0,2021-06-01,,0,catalog video row; no mapped revenue rows captured
Video 0016,Buffalo Wing Binge,Video,2017-09-13,Needs manual review,,ModelCentro,MC Clipstore,,0,0,0,,0,0,0,0,0,0,0,0,0,0,0,0,0,0,0,2017-09-13,,0,catalog video row; no mapped revenue rows captured
Video 0138,Ball Gag Pussy Play,Video,2021-06-29,Manual confirmed match,,"Clips4Sale, ManyVids, ModelCentro","C4S, ManyVids, MC Clipstore",,0,0,0,,0,0,0,0,0,0,0,0,0,0,0,0,0,0,0,2021-06-29,,0,catalog video row; no mapped revenue rows captured
Video 0013,Baking Cookies with Lady Sublime,Video,2017-08-15,Needs manual review,,ModelCentro,,,0,0,0,,0,0,0,0,0,0,0,0,0,0,0,0,0,0,0,2017-08-15,,0,catalog video row; no mapped revenue rows captured
Video 0021,Baby it's Cold Outside,Video,2017-12-06,Needs manual review,,ModelCentro,,,0,0,0,,0,0,0,0,0,0,0,0,0,0,0,0,0,0,0,2017-12-06,,0,catalog video row; no mapped revenue rows captured
Video 0051,BBW Strip Night Cheetah's Hollywood 7/28/19,Video,2019-08-10,Manual confirmed match,,ModelCentro,MC Clipstore,,0,0,0,,0,0,0,0,0,0,0,0,0,0,0,0,0,0,0,2019-08-10,,0,catalog video row; no mapped revenue rows captured
Video 0136,BBW Slow Sensual Pole Dance,Video,2021-06-20,Auto exact-title match,,"Clips4Sale, ManyVids, ModelCentro","C4S, ManyVids, MC Clipstore",,0,0,0,,0,0,0,0,0,0,0,0,0,0,0,0,0,0,0,2021-06-20,,0,catalog video row; no mapped revenue rows captured
Video 0084,BBW Gags and Drools While Sucking Dildo,Video,2020-05-05,Needs manual review,,ManyVids,ManyVids,,0,0,0,,0,0,0,0,0,0,0,0,0,0,0,0,0,0,0,2020-05-05,,0,catalog video row; no mapped revenue rows captured
Video 0070,BBW Awards Show Performance - 1/21/2020,Video,2020-02-03,Auto exact-title match,,ModelCentro,MC Clipstore,,0,0,0,,0,0,0,0,0,0,0,0,0,0,0,0,0,0,0,2020-02-03,,0,catalog video row; no mapped revenue rows captured
Video 0067,2020 Twerk,Video,2020-01-03,Manual confirmed match,,"ManyVids, ModelCentro","ManyVids, MC Clipstore",,0,0,0,,0,0,0,0,0,0,0,0,0,0,0,0,0,0,0,2020-01-03,,0,catalog video row; no mapped revenue rows captured
exact-title:chargeback-106530597,Chargeback 106530597,Video,2023-10-07,,auto exact-title,,,Clips4Sale,1,-13.98,-8.39,-8.39,1,-13.98,-8.39,0,0.0,0.0,0,0.0,0.0,0,0.0,0.0,0,0.0,0.0,2023-10-07,2023-10-07,1,revenue-only video row; platform revenue split from content_group_summary
exact-title:chargeback-106573449,Chargeback 106573449,Video,2024-05-01,,auto exact-title,,,Clips4Sale,1,-16.98,-10.19,-10.19,1,-16.98,-10.19,0,0.0,0.0,0,0.0,0.0,0,0.0,0.0,0,0.0,0.0,2024-05-01,2024-05-01,1,revenue-only video row; platform revenue split from content_group_summary
exact-title:refund-107960967,Refund 107960967,Video,2025-03-06,,auto exact-title,,,Clips4Sale,1,-19.98,-11.99,-11.99,1,-19.98,-11.99,0,0.0,0.0,0,0.0,0.0,0,0.0,0.0,0,0.0,0.0,2025-03-06,2025-03-06,1,revenue-only video row; platform revenue split from content_group_summary
exact-title:chargeback-109127975,Chargeback 109127975,Video,2025-02-24,,auto exact-title,,,Clips4Sale,1,-21.98,-13.19,-13.19,1,-21.98,-13.19,0,0.0,0.0,0,0.0,0.0,0,0.0,0.0,0,0.0,0.0,2025-02-24,2025-02-24,1,revenue-only video row; platform revenue split from content_group_summary
exact-title:chargeback-106266719,Chargeback 106266719,Video,2024-10-25,,auto exact-title,,,Clips4Sale,1,-21.98,-13.19,-13.19,1,-21.98,-13.19,0,0.0,0.0,0,0.0,0.0,0,0.0,0.0,0,0.0,0.0,2024-10-25,2024-10-25,1,revenue-only video row; platform revenue split from content_group_summary
exact-title:refund-108316959,Refund 108316959,Video,2026-01-30,,auto exact-title,,,Clips4Sale,1,-24.98,-14.99,-14.99,1,-24.98,-14.99,0,0.0,0.0,0,0.0,0.0,0,0.0,0.0,0,0.0,0.0,2026-01-30,2026-01-30,1,revenue-only video row; platform revenue split from content_group_summary
exact-title:chargeback-106267173,Chargeback 106267173,Video,2025-07-21,,auto exact-title,,,Clips4Sale,1,-27.98,-16.79,-16.79,1,-27.98,-16.79,0,0.0,0.0,0,0.0,0.0,0,0.0,0.0,0,0.0,0.0,2025-07-21,2025-07-21,1,revenue-only video row; platform revenue split from content_group_summary
exact-title:refund-107467635,Refund 107467635,Video,2025-06-16,,auto exact-title,,,Clips4Sale,4,-63.93,-38.36,-9.59,4,-63.93,-38.36,0,0.0,0.0,0,0.0,0.0,0,0.0,0.0,0,0.0,0.0,2025-06-16,2025-06-16,1,revenue-only video row; platform revenue split from content_group_summary
exact-title:chargeback-106266925,Chargeback 106266925,Video,2025-12-27,,auto exact-title,,,Clips4Sale,3,-69.95,-41.97,-13.99,3,-69.95,-41.97,0,0.0,0.0,0,0.0,0.0,0,0.0,0.0,0,0.0,0.0,2025-12-27,2025-12-27,1,revenue-only video row; platform revenue split from content_group_summary
